{
"type": "FeatureCollection",
"name": "counties",
"crs": { "type": "name", "properties": { "name": "urn:ogc:def:crs:OGC:1.3:CRS84" } },
"features": [
{ "type": "Feature", "properties": { "county_name": "Essex" }, "geometry": { "type": "Polygon", "coordinates": [ [ [ -74.2875, 40.72218 ], [ -74.29373, 40.71996 ], [ -74.29462, 40.71752 ], [ -74.29721, 40.71519 ], [ -74.30403, 40.71328 ], [ -74.30946, 40.71482 ], [ -74.31657, 40.71927 ], [ -74.32141, 40.71907 ], [ -74.3256, 40.71708 ], [ -74.34144, 40.72444 ], [ -74.35634, 40.73501 ], [ -74.37174, 40.73964 ], [ -74.3722, 40.7434 ], [ -74.37055, 40.74407 ], [ -74.36872, 40.74279 ], [ -74.36627, 40.74389 ], [ -74.36509, 40.74681 ], [ -74.36778, 40.7484 ], [ -74.35947, 40.75122 ], [ -74.3577, 40.755 ], [ -74.35815, 40.7561 ], [ -74.36174, 40.75592 ], [ -74.36571, 40.75822 ], [ -74.36786, 40.75812 ], [ -74.36754, 40.76101 ], [ -74.37033, 40.75946 ], [ -74.3724, 40.75945 ], [ -74.37403, 40.75797 ], [ -74.37559, 40.75844 ], [ -74.37493, 40.7594 ], [ -74.37583, 40.76084 ], [ -74.37727, 40.76118 ], [ -74.37576, 40.76299 ], [ -74.37114, 40.76404 ], [ -74.37001, 40.76656 ], [ -74.37194, 40.7675 ], [ -74.36955, 40.77139 ], [ -74.37089, 40.7749 ], [ -74.37297, 40.77533 ], [ -74.36681, 40.78049 ], [ -74.36696, 40.78928 ], [ -74.36615, 40.79062 ], [ -74.36706, 40.79329 ], [ -74.364, 40.79928 ], [ -74.35985, 40.79985 ], [ -74.35645, 40.80348 ], [ -74.35072, 40.80743 ], [ -74.35086, 40.80906 ], [ -74.34853, 40.81284 ], [ -74.34371, 40.81365 ], [ -74.34058, 40.81249 ], [ -74.33842, 40.81303 ], [ -74.33437, 40.81817 ], [ -74.3322, 40.8217 ], [ -74.3349, 40.82781 ], [ -74.3329, 40.82946 ], [ -74.3299, 40.83022 ], [ -74.3288, 40.83192 ], [ -74.32985, 40.83416 ], [ -74.32928, 40.84175 ], [ -74.32742, 40.84136 ], [ -74.32551, 40.84366 ], [ -74.32845, 40.84427 ], [ -74.33028, 40.84889 ], [ -74.328, 40.84994 ], [ -74.32702, 40.85266 ], [ -74.32517, 40.85448 ], [ -74.3261, 40.85627 ], [ -74.32431, 40.85818 ], [ -74.31913, 40.85844 ], [ -74.31899, 40.85965 ], [ -74.3209, 40.86176 ], [ -74.31757, 40.8635 ], [ -74.31737, 40.86494 ], [ -74.31915, 40.86611 ], [ -74.32209, 40.86404 ], [ -74.32563, 40.86503 ], [ -74.32624, 40.86608 ], [ -74.33105, 40.86696 ], [ -74.3333, 40.86913 ], [ -74.33459, 40.86788 ], [ -74.33746, 40.86778 ], [ -74.33653, 40.86884 ], [ -74.33819, 40.87004 ], [ -74.3361, 40.87036 ], [ -74.33758, 40.87231 ], [ -74.33476, 40.87274 ], [ -74.33482, 40.87369 ], [ -74.33784, 40.87501 ], [ -74.33516, 40.87737 ], [ -74.33802, 40.8784 ], [ -74.33846, 40.87965 ], [ -74.34014, 40.87957 ], [ -74.33826, 40.88767 ], [ -74.33986, 40.88891 ], [ -74.33911, 40.89186 ], [ -74.33616, 40.89358 ], [ -74.33911, 40.89411 ], [ -74.33808, 40.89601 ], [ -74.33398, 40.89667 ], [ -74.33763, 40.89879 ], [ -74.33429, 40.90546 ], [ -74.33111, 40.90651 ], [ -74.33106, 40.90821 ], [ -74.32953, 40.90865 ], [ -74.32795, 40.90535 ], [ -74.32484, 40.90624 ], [ -74.32547, 40.90758 ], [ -74.32734, 40.90702 ], [ -74.32784, 40.90773 ], [ -74.32595, 40.90865 ], [ -74.32277, 40.9089 ], [ -74.32248, 40.90673 ], [ -74.31982, 40.90813 ], [ -74.31865, 40.90759 ], [ -74.31866, 40.90324 ], [ -74.3145, 40.90379 ], [ -74.31241, 40.9054 ], [ -74.30935, 40.90454 ], [ -74.30528, 40.90548 ], [ -74.30407, 40.90686 ], [ -74.30238, 40.90639 ], [ -74.3035, 40.90539 ], [ -74.30305, 40.90433 ], [ -74.29762, 40.90572 ], [ -74.29242, 40.9058 ], [ -74.29143, 40.90212 ], [ -74.2923, 40.90062 ], [ -74.29007, 40.89939 ], [ -74.28637, 40.90104 ], [ -74.28185, 40.90081 ], [ -74.28226, 40.89967 ], [ -74.28728, 40.89847 ], [ -74.28583, 40.89754 ], [ -74.28387, 40.89798 ], [ -74.28429, 40.89482 ], [ -74.28036, 40.89789 ], [ -74.27148, 40.89713 ], [ -74.26664, 40.89453 ], [ -74.26464, 40.88736 ], [ -74.25899, 40.8834 ], [ -74.25483, 40.88307 ], [ -74.25308, 40.88156 ], [ -74.24029, 40.88044 ], [ -74.20219, 40.85945 ], [ -74.20172, 40.86037 ], [ -74.197, 40.85946 ], [ -74.19787, 40.85705 ], [ -74.13002, 40.81994 ], [ -74.13597, 40.8183 ], [ -74.13847, 40.81326 ], [ -74.13865, 40.80765 ], [ -74.13957, 40.80541 ], [ -74.13809, 40.79885 ], [ -74.14753, 40.78649 ], [ -74.14852, 40.78416 ], [ -74.14834, 40.77989 ], [ -74.14899, 40.778 ], [ -74.1558, 40.77081 ], [ -74.15769, 40.7661 ], [ -74.16215, 40.76137 ], [ -74.16453, 40.7563 ], [ -74.16546, 40.751 ], [ -74.16595, 40.74511 ], [ -74.16379, 40.7392 ], [ -74.15998, 40.73448 ], [ -74.15528, 40.73354 ], [ -74.14719, 40.7344 ], [ -74.14269, 40.7393 ], [ -74.1368, 40.74146 ], [ -74.12279, 40.7421 ], [ -74.1176, 40.73964 ], [ -74.11699, 40.73712 ], [ -74.12139, 40.721 ], [ -74.12057, 40.71713 ], [ -74.12319, 40.71222 ], [ -74.12066, 40.70448 ], [ -74.13032, 40.6902 ], [ -74.13611, 40.68901 ], [ -74.14421, 40.68005 ], [ -74.14372, 40.6795 ], [ -74.15386, 40.68592 ], [ -74.15786, 40.68595 ], [ -74.16102, 40.68891 ], [ -74.16505, 40.69016 ], [ -74.16763, 40.68996 ], [ -74.16927, 40.68862 ], [ -74.2018, 40.68681 ], [ -74.20925, 40.69071 ], [ -74.21297, 40.70081 ], [ -74.22167, 40.70714 ], [ -74.25567, 40.71346 ], [ -74.2875, 40.72218 ] ], [ [ -74.15452, 40.78129 ], [ -74.16591, 40.78668 ], [ -74.15916, 40.78311 ], [ -74.15279, 40.78061 ], [ -74.14834, 40.77989 ], [ -74.15452, 40.78129 ] ], [ [ -74.16375, 40.7795 ], [ -74.16481, 40.77746 ], [ -74.16128, 40.78418 ], [ -74.16375, 40.7795 ] ], [ [ -74.16302, 40.76162 ], [ -74.1664, 40.76239 ], [ -74.16215, 40.76137 ], [ -74.16302, 40.76162 ] ], [ [ -74.16582, 40.73317 ], [ -74.169384154320682, 40.729636527065146 ], [ -74.16196, 40.73601 ], [ -74.16582, 40.73317 ] ], [ [ -74.28533, 40.72272 ], [ -74.28891, 40.73635 ], [ -74.28519, 40.72215 ], [ -74.28533, 40.72272 ] ], [ [ -74.29266, 40.75272 ], [ -74.29214, 40.75629 ], [ -74.2929, 40.75245 ], [ -74.28891, 40.73635 ], [ -74.29266, 40.75272 ] ], [ [ -74.21077, 40.84383 ], [ -74.21235, 40.84421 ], [ -74.212455987261137, 40.844167197452229 ], [ -74.21077, 40.84383 ] ], [ [ -74.21197, 40.84188 ], [ -74.19558, 40.8385 ], [ -74.194564001699248, 40.838405926083269 ], [ -74.21197, 40.84188 ] ], [ [ -74.20932, 40.82923 ], [ -74.214358034429637, 40.822984832568416 ], [ -74.20758, 40.83096 ], [ -74.20932, 40.82923 ] ], [ [ -74.21402, 40.80902 ], [ -74.21682, 40.80595 ], [ -74.21165, 40.81157 ], [ -74.21402, 40.80902 ] ], [ [ -74.21727, 40.79957 ], [ -74.21521, 40.80152 ], [ -74.21167, 40.7998 ], [ -74.215446147911678, 40.801725461558924 ], [ -74.21727, 40.79957 ] ], [ [ -74.21853, 40.78821 ], [ -74.206222672086597, 40.808989467750891 ], [ -74.20831, 40.8055 ], [ -74.21167, 40.7998 ], [ -74.21853, 40.78821 ] ], [ [ -74.22619634071809, 40.794182429335365 ], [ -74.22377, 40.79224 ], [ -74.21853, 40.78821 ], [ -74.22619634071809, 40.794182429335365 ] ], [ [ -74.22253, 40.77689 ], [ -74.221257409982343, 40.780646356910495 ], [ -74.22319, 40.77511 ], [ -74.22253, 40.77689 ] ], [ [ -74.22519, 40.77029 ], [ -74.22347, 40.77421 ], [ -74.22319, 40.77511 ], [ -74.22519, 40.77029 ] ], [ [ -74.216730131584711, 40.772190700623078 ], [ -74.21775, 40.77267 ], [ -74.22319, 40.77511 ], [ -74.216730131584711, 40.772190700623078 ] ], [ [ -74.21426, 40.76613 ], [ -74.215752596950111, 40.763642321867444 ], [ -74.21303, 40.76557 ], [ -74.21511, 40.76438 ], [ -74.21426, 40.76613 ] ], [ [ -74.21446, 40.75449 ], [ -74.21111, 40.75308 ], [ -74.219162905811672, 40.757734689378786 ], [ -74.21446, 40.75449 ] ], [ [ -74.21111, 40.75308 ], [ -74.21259098650205, 40.749140047548707 ], [ -74.20845, 40.76004 ], [ -74.21111, 40.75308 ] ], [ [ -74.215101333664336, 40.763302061182372 ], [ -74.21081, 40.76106 ], [ -74.20845, 40.76004 ], [ -74.215101333664336, 40.763302061182372 ] ], [ [ -74.215323661736591, 40.741568502867494 ], [ -74.2172, 40.74119 ], [ -74.219620226904354, 40.739811815235015 ], [ -74.215323661736591, 40.741568502867494 ] ], [ [ -74.20958, 40.74299 ], [ -74.21505, 40.72949 ], [ -74.20624, 40.74945 ], [ -74.20958, 40.74299 ] ], [ [ -74.20385, 40.7316 ], [ -74.20822, 40.73078 ], [ -74.21505, 40.72949 ], [ -74.20385, 40.7316 ] ], [ [ -74.20084, 40.73218 ], [ -74.20377, 40.73179 ], [ -74.202217001223872, 40.736102753978301 ], [ -74.20385, 40.7316 ], [ -74.20084, 40.73218 ] ], [ [ -74.19905, 40.73688 ], [ -74.19803, 40.73956 ], [ -74.20084, 40.73218 ], [ -74.19905, 40.73688 ] ], [ [ -74.197482821486673, 40.73949408258845 ], [ -74.20246, 40.74086 ], [ -74.20072, 40.74026 ], [ -74.197482821486673, 40.73949408258845 ] ], [ [ -74.19864, 40.72516 ], [ -74.19654, 40.73023 ], [ -74.195401344, 40.733266416 ], [ -74.195401439307005, 40.733266397290187 ], [ -74.19864, 40.72516 ] ], [ [ -74.2056, 40.71117 ], [ -74.20379, 40.71348 ], [ -74.203139355189407, 40.714924467727137 ], [ -74.2056, 40.71117 ] ], [ [ -74.20188, 40.7091 ], [ -74.21296, 40.7148 ], [ -74.21619, 40.71134 ], [ -74.2132, 40.71454 ], [ -74.20188, 40.7091 ] ], [ [ -74.217249364161859, 40.711842427745673 ], [ -74.217, 40.71172 ], [ -74.21619, 40.71134 ], [ -74.217249364161859, 40.711842427745673 ] ], [ [ -74.18583, 40.71269 ], [ -74.18956, 40.71176 ], [ -74.190568043199306, 40.71129803250642 ], [ -74.18583, 40.71269 ] ], [ [ -74.22352, 40.72964 ], [ -74.21885, 40.73615 ], [ -74.215321598475001, 40.741567545684283 ], [ -74.22352, 40.72964 ] ], [ [ -74.22517, 40.7304 ], [ -74.223454720240312, 40.729571933909121 ], [ -74.22352, 40.72964 ], [ -74.22517, 40.7304 ] ], [ [ -74.2516, 40.84962 ], [ -74.24992, 40.85353 ], [ -74.252712154506042, 40.847689587330763 ], [ -74.2516, 40.84962 ] ], [ [ -74.235978227613387, 40.845264665174078 ], [ -74.23633, 40.84544 ], [ -74.2516, 40.84962 ], [ -74.235978227613387, 40.845264665174078 ] ], [ [ -74.242230349845755, 40.836711252401152 ], [ -74.24072, 40.83912 ], [ -74.24187, 40.83775 ], [ -74.242230349845755, 40.836711252401152 ] ], [ [ -74.23281, 40.81286 ], [ -74.22913, 40.81994 ], [ -74.23229, 40.81433 ], [ -74.23281, 40.81286 ] ], [ [ -74.231174173234066, 40.798167478851873 ], [ -74.23729, 40.80315 ], [ -74.2345, 40.80083 ], [ -74.231174173234066, 40.798167478851873 ] ], [ [ -74.23723, 40.78122 ], [ -74.23722977867962, 40.781221390684735 ], [ -74.23856, 40.77905 ], [ -74.23723, 40.78122 ] ], [ [ -74.24106, 40.77946 ], [ -74.23695, 40.77849 ], [ -74.23134, 40.77649 ], [ -74.23673, 40.77842 ], [ -74.23856, 40.77905 ], [ -74.24106, 40.77946 ] ], [ [ -74.22523, 40.76998 ], [ -74.225678948556791, 40.770508174772694 ], [ -74.238230538968594, 40.776104873982163 ], [ -74.22523, 40.76998 ] ], [ [ -74.241900944774869, 40.764833172206814 ], [ -74.24379, 40.76617 ], [ -74.24851, 40.76806 ], [ -74.241900944774869, 40.764833172206814 ] ], [ [ -74.249839358985056, 40.767271397212255 ], [ -74.250636322620551, 40.765640985196868 ], [ -74.24851, 40.76806 ], [ -74.249839358985056, 40.767271397212255 ] ], [ [ -74.22648, 40.76265 ], [ -74.23313, 40.75672 ], [ -74.23815, 40.75224 ], [ -74.22648, 40.76265 ] ], [ [ -74.2296, 40.76444 ], [ -74.23947, 40.76931 ], [ -74.22648, 40.76265 ], [ -74.2296, 40.76444 ] ], [ [ -74.23317, 40.75153 ], [ -74.23467, 40.75056 ], [ -74.234678266223213, 40.750541089598933 ], [ -74.23317, 40.75153 ] ], [ [ -74.24391, 40.74174 ], [ -74.239673432105135, 40.740537245555274 ], [ -74.24451, 40.74221 ], [ -74.24391, 40.74174 ] ], [ [ -74.2437, 40.7328 ], [ -74.24437, 40.73331 ], [ -74.247866003856387, 40.734200337430721 ], [ -74.2437, 40.7328 ] ], [ [ -74.24294, 40.72992 ], [ -74.24345, 40.73075 ], [ -74.243775309807688, 40.730454891368083 ], [ -74.24294, 40.72992 ] ], [ [ -74.23154, 40.72825 ], [ -74.233357124956513, 40.728516192866437 ], [ -74.22956, 40.72709 ], [ -74.23154, 40.72825 ] ], [ [ -74.21291, 40.72305 ], [ -74.211411938775512, 40.723001326530614 ], [ -74.217195442031766, 40.723640094726726 ], [ -74.21291, 40.72305 ] ], [ [ -74.3135, 40.78629 ], [ -74.3136, 40.78996 ], [ -74.313851098948049, 40.79079045015223 ], [ -74.3135, 40.78629 ] ], [ [ -74.29237, 40.78372 ], [ -74.30472, 40.75788 ], [ -74.283141448436453, 40.801738766496413 ], [ -74.29237, 40.78372 ] ], [ [ -74.31241, 40.75792 ], [ -74.29021, 40.75748 ], [ -74.26783, 40.7623 ], [ -74.29173, 40.75752 ], [ -74.31241, 40.75792 ] ], [ [ -74.257342888992738, 40.75882513953848 ], [ -74.26166, 40.76033 ], [ -74.26783, 40.7623 ], [ -74.257342888992738, 40.75882513953848 ] ], [ [ -74.26516257981018, 40.800610060396899 ], [ -74.26643, 40.79796 ], [ -74.268367987064536, 40.794732867355087 ], [ -74.26577, 40.79884 ], [ -74.26516257981018, 40.800610060396899 ] ], [ [ -74.26182, 40.77835 ], [ -74.26096, 40.77446 ], [ -74.26172444206189, 40.77855315179972 ], [ -74.26182, 40.77835 ] ], [ [ -74.250807757700201, 40.776488683093767 ], [ -74.24591, 40.77531 ], [ -74.24407, 40.77511 ], [ -74.250807757700201, 40.776488683093767 ] ], [ [ -74.245303889441217, 40.729068222310616 ], [ -74.24722, 40.72733 ], [ -74.24962, 40.72349 ], [ -74.245303889441217, 40.729068222310616 ] ], [ [ -74.260031477736121, 40.722480872614582 ], [ -74.258252341367424, 40.722290250860794 ], [ -74.24962, 40.72349 ], [ -74.260031477736121, 40.722480872614582 ] ], [ [ -74.233580777985281, 40.725710202674911 ], [ -74.238267439123391, 40.725061459388876 ], [ -74.23686, 40.72525 ], [ -74.233580777985281, 40.725710202674911 ] ], [ [ -74.27506, 40.73132 ], [ -74.27079, 40.73502 ], [ -74.267009567477729, 40.738610912158357 ], [ -74.267009849724133, 40.738611079033973 ], [ -74.27506, 40.73132 ] ], [ [ -74.25199, 40.73843 ], [ -74.26212, 40.73572 ], [ -74.25705, 40.73681 ], [ -74.25199, 40.73843 ] ], [ [ -74.251324725054317, 40.737397970917598 ], [ -74.25136, 40.73753 ], [ -74.25199, 40.73843 ], [ -74.251324725054317, 40.737397970917598 ] ], [ [ -74.279787829524253, 40.722845101096446 ], [ -74.28234, 40.72204 ], [ -74.28032, 40.72251 ], [ -74.279787829524253, 40.722845101096446 ] ], [ [ -74.250125821727039, 40.73553813370475 ], [ -74.24965, 40.7348 ], [ -74.248796799803557, 40.734513210018001 ], [ -74.250125821727039, 40.73553813370475 ] ], [ [ -74.306714682832052, 40.725941670242477 ], [ -74.30527, 40.72592 ], [ -74.30514, 40.72439 ], [ -74.30503228496049, 40.726212869899378 ], [ -74.306714682832052, 40.725941670242477 ] ], [ [ -74.31233, 40.72449 ], [ -74.308038387796657, 40.725728291268162 ], [ -74.3084, 40.72567 ], [ -74.31233, 40.72449 ] ], [ [ -74.318099147470861, 40.724554459748276 ], [ -74.31701, 40.72449 ], [ -74.31233, 40.72449 ], [ -74.318099147470861, 40.724554459748276 ] ], [ [ -74.324607180740188, 40.725510063959753 ], [ -74.32191, 40.72478 ], [ -74.320026247292375, 40.72466851259486 ], [ -74.324607180740188, 40.725510063959753 ] ], [ [ -74.31999, 40.76226 ], [ -74.3236, 40.75824 ], [ -74.32275, 40.75917 ], [ -74.31999, 40.76226 ] ], [ [ -74.29324, 40.8388 ], [ -74.29062, 40.84178 ], [ -74.28713, 40.84573 ], [ -74.29109, 40.84126 ], [ -74.29324, 40.8388 ] ], [ [ -74.28361, 40.84495 ], [ -74.2863, 40.84558 ], [ -74.28713, 40.84573 ], [ -74.28361, 40.84495 ] ], [ [ -74.25928, 40.83483 ], [ -74.25981, 40.83488 ], [ -74.260905705521523, 40.834963619631907 ], [ -74.25928, 40.83483 ] ], [ [ -74.281925024483527, 40.804113836843868 ], [ -74.26897, 40.82679 ], [ -74.27643, 40.81457 ], [ -74.281925024483527, 40.804113836843868 ] ], [ [ -74.25657, 40.82469 ], [ -74.26476, 40.82507 ], [ -74.25087, 40.82434 ], [ -74.25657, 40.82469 ] ], [ [ -74.31586, 40.80036 ], [ -74.314054387031405, 40.805726682989999 ], [ -74.31453, 40.80488 ], [ -74.31586, 40.80036 ] ], [ [ -74.251113600981597, 40.799756182029554 ], [ -74.250396683097691, 40.800907951744705 ], [ -74.25075, 40.80064 ], [ -74.251113600981597, 40.799756182029554 ] ], [ [ -74.26248, 40.80557 ], [ -74.25983, 40.81176 ], [ -74.26356476190476, 40.803950952380951 ], [ -74.26248, 40.80557 ] ], [ [ -74.294441259853386, 40.833387668372289 ], [ -74.29089, 40.83363 ], [ -74.28786, 40.83441 ], [ -74.294441259853386, 40.833387668372289 ] ], [ [ -74.26512, 40.83531 ], [ -74.264728169209576, 40.835277794729556 ], [ -74.27056, 40.83584 ], [ -74.26512, 40.83531 ] ], [ [ -74.27041707204252, 40.859912792595672 ], [ -74.27041707204252, 40.859912792595679 ], [ -74.2772, 40.86147 ], [ -74.27041707204252, 40.859912792595672 ] ], [ [ -74.22419, 40.71525 ], [ -74.22738, 40.71761 ], [ -74.23329, 40.72195 ], [ -74.22419, 40.71525 ] ], [ [ -74.23686, 40.74555 ], [ -74.228267966593236, 40.746325932532329 ], [ -74.22892, 40.74645 ], [ -74.23686, 40.74555 ] ], [ [ -74.22637, 40.75116 ], [ -74.22408, 40.75532 ], [ -74.221918126862917, 40.759614566249127 ], [ -74.22637, 40.75116 ] ], [ [ -74.226386759862308, 40.751129043548438 ], [ -74.2187, 40.74886 ], [ -74.22637, 40.75116 ], [ -74.226386759862308, 40.751129043548438 ] ], [ [ -74.22014, 40.7488 ], [ -74.218143553299171, 40.748881015228442 ], [ -74.2187, 40.74886 ], [ -74.22014, 40.7488 ] ], [ [ -74.22576, 40.74077 ], [ -74.220752197540378, 40.739348999302059 ], [ -74.22019838910424, 40.73957542864563 ], [ -74.22576, 40.74077 ] ], [ [ -74.23228, 40.74397 ], [ -74.23535, 40.73875 ], [ -74.23807, 40.73365 ], [ -74.23228, 40.74397 ] ], [ [ -74.23977, 40.73186 ], [ -74.237435787432119, 40.733756547711401 ], [ -74.23807, 40.73365 ], [ -74.23977, 40.73186 ] ], [ [ -74.223651707317032, 40.745447560975606 ], [ -74.22232, 40.74515 ], [ -74.22172, 40.74508 ], [ -74.223651707317032, 40.745447560975606 ] ], [ [ -74.227828401391349, 40.746242293042521 ], [ -74.22898, 40.74323 ], [ -74.22991, 40.74075 ], [ -74.227828401391349, 40.746242293042521 ] ], [ [ -74.22738, 40.83332 ], [ -74.23659, 40.83633 ], [ -74.23611, 40.83577 ], [ -74.22738, 40.83332 ] ], [ [ -74.220233240608025, 40.833841721774064 ], [ -74.21624, 40.83938 ], [ -74.22043, 40.83418 ], [ -74.22707, 40.83619 ], [ -74.220233240608025, 40.833841721774064 ] ], [ [ -74.22879, 40.82566 ], [ -74.22281, 40.8215 ], [ -74.222293115865028, 40.821186047488439 ], [ -74.22879, 40.82566 ] ], [ [ -74.22285, 40.81484 ], [ -74.222754084707375, 40.812325649114612 ], [ -74.22273, 40.81242 ], [ -74.22285, 40.81484 ] ], [ [ -74.22588, 40.80008 ], [ -74.224338347074735, 40.80611936415805 ], [ -74.226929978372354, 40.79808091453998 ], [ -74.22588, 40.80008 ] ], [ [ -74.20588, 40.70568 ], [ -74.21246, 40.70939 ], [ -74.21374, 40.71009 ], [ -74.20588, 40.70568 ] ], [ [ -74.20715, 40.72293 ], [ -74.210473178226451, 40.722970825285337 ], [ -74.2048104710384, 40.722432027972033 ], [ -74.20715, 40.72293 ] ], [ [ -74.17892, 40.82862 ], [ -74.177167970305192, 40.828687385757497 ], [ -74.191670985423215, 40.828210610491503 ], [ -74.17892, 40.82862 ] ], [ [ -74.19089, 40.76555 ], [ -74.188149604271331, 40.771404481783961 ], [ -74.190450889487863, 40.767306442048543 ], [ -74.19089, 40.76555 ] ], [ [ -74.18617, 40.77454 ], [ -74.18659, 40.77515 ], [ -74.184981428570794, 40.772831428570512 ], [ -74.18617, 40.77454 ] ], [ [ -74.181116819630361, 40.767264512428319 ], [ -74.18329, 40.7704 ], [ -74.183647647060752, 40.770914117649824 ], [ -74.181116819630361, 40.767264512428319 ] ], [ [ -74.1752, 40.7784 ], [ -74.17659, 40.7788 ], [ -74.173076874999779, 40.777725208333266 ], [ -74.1752, 40.7784 ] ], [ [ -74.17453, 40.78012 ], [ -74.174597788560106, 40.780874712635821 ], [ -74.1752, 40.7784 ], [ -74.17453, 40.78012 ] ], [ [ -74.17245, 40.77311 ], [ -74.17141, 40.77511 ], [ -74.17794, 40.76263 ], [ -74.17245, 40.77311 ] ], [ [ -74.178772264150794, 40.763844150943171 ], [ -74.17506, 40.75835 ], [ -74.17063, 40.75336 ], [ -74.17562, 40.75919 ], [ -74.178772264150794, 40.763844150943171 ] ], [ [ -74.17065, 40.75101 ], [ -74.17006, 40.7497 ], [ -74.17063, 40.75336 ], [ -74.17065, 40.75101 ] ], [ [ -74.17547, 40.75114 ], [ -74.1777, 40.7512 ], [ -74.17065, 40.75101 ], [ -74.17547, 40.75114 ] ], [ [ -74.18389, 40.75171 ], [ -74.18469, 40.7508 ], [ -74.17933, 40.74974 ], [ -74.18432, 40.75113 ], [ -74.18389, 40.75171 ] ], [ [ -74.18746, 40.75209 ], [ -74.17938, 40.74817 ], [ -74.18469, 40.7508 ], [ -74.18746, 40.75209 ] ], [ [ -74.19309, 40.7529 ], [ -74.197994371655483, 40.754902491409901 ], [ -74.19443, 40.75319 ], [ -74.18774, 40.75173 ], [ -74.18897, 40.75002 ], [ -74.18746, 40.75209 ], [ -74.19309, 40.7529 ] ], [ [ -74.17972, 40.73639 ], [ -74.17734, 40.74066 ], [ -74.17649505350775, 40.742318501783551 ], [ -74.17906, 40.7377 ], [ -74.17972, 40.73639 ] ], [ [ -74.18196, 40.7304 ], [ -74.182750647073334, 40.728165877994591 ], [ -74.17972, 40.73639 ], [ -74.18196, 40.7304 ] ], [ [ -74.17323, 40.72545 ], [ -74.171591446540816, 40.727448235925827 ], [ -74.18397, 40.7154 ], [ -74.17323, 40.72545 ] ], [ [ -74.19365, 40.76118 ], [ -74.1979475976445, 40.754990471097244 ], [ -74.19466, 40.75923 ], [ -74.190978250947865, 40.766296159701014 ], [ -74.19365, 40.76118 ] ], [ [ -74.2046, 40.76649 ], [ -74.19813, 40.76331 ], [ -74.19365, 40.76118 ], [ -74.2046, 40.76649 ] ], [ [ -74.19832, 40.75429 ], [ -74.19933, 40.75418 ], [ -74.19469, 40.7528 ], [ -74.19832, 40.75429 ] ], [ [ -74.19641, 40.74901 ], [ -74.19465, 40.74849 ], [ -74.19233, 40.74789 ], [ -74.19641, 40.74901 ] ], [ [ -74.19139, 40.74927 ], [ -74.1905, 40.75061 ], [ -74.19233, 40.74789 ], [ -74.19139, 40.74927 ] ], [ [ -74.18823, 40.74805 ], [ -74.18278, 40.74623 ], [ -74.19139, 40.74927 ], [ -74.18823, 40.74805 ] ], [ [ -74.18948, 40.73853 ], [ -74.19318, 40.73901 ], [ -74.194738887545554, 40.739163526803729 ], [ -74.18948, 40.73853 ] ], [ [ -74.1856, 40.74088 ], [ -74.18115, 40.73937 ], [ -74.18477, 40.74061 ], [ -74.1856, 40.74088 ] ], [ [ -74.19057, 40.72895 ], [ -74.18928, 40.73211 ], [ -74.188883488372284, 40.733121104650664 ], [ -74.19057, 40.72895 ] ], [ [ -74.188308044280433, 40.734588487084913 ], [ -74.18828, 40.73466 ], [ -74.18763, 40.73763 ], [ -74.188308044280433, 40.734588487084913 ] ], [ [ -74.184120246360592, 40.759974480883031 ], [ -74.1852, 40.75863 ], [ -74.18482, 40.7585 ], [ -74.184120246360592, 40.759974480883031 ] ], [ [ -74.17841, 40.75386 ], [ -74.18013, 40.75434 ], [ -74.176479999999671, 40.753315 ], [ -74.17841, 40.75386 ] ], [ [ -74.18703, 40.76704 ], [ -74.18418, 40.76618 ], [ -74.180058839825392, 40.76509085963734 ], [ -74.18703, 40.76704 ] ], [ [ -74.18538, 40.7639 ], [ -74.18654, 40.76164 ], [ -74.18418, 40.76618 ], [ -74.18538, 40.7639 ] ], [ [ -74.17629, 40.82682 ], [ -74.17653216372544, 40.823712232190296 ], [ -74.17615, 40.82445 ], [ -74.17629, 40.82682 ] ], [ [ -74.18376, 40.81218 ], [ -74.18047, 40.81105 ], [ -74.1754, 40.80953 ], [ -74.18376, 40.81218 ] ], [ [ -74.1852, 40.81945 ], [ -74.18141, 40.823 ], [ -74.18905, 40.81679 ], [ -74.1852, 40.81945 ] ], [ [ -74.16402, 40.72799 ], [ -74.169443186006305, 40.729578003543246 ], [ -74.15695, 40.72592 ], [ -74.16402, 40.72799 ] ], [ [ -74.157588469946845, 40.724708404578486 ], [ -74.15555, 40.72781 ], [ -74.14971, 40.72187 ], [ -74.1492, 40.72143 ], [ -74.15546, 40.72795 ], [ -74.157588469946845, 40.724708404578486 ] ], [ [ -74.14589377953935, 40.729872116508737 ], [ -74.15546, 40.73187 ], [ -74.15693, 40.73218 ], [ -74.15177, 40.73109 ], [ -74.14589377953935, 40.729872116508737 ] ], [ [ -74.145015726495771, 40.73009658119657 ], [ -74.14289, 40.73064 ], [ -74.13905, 40.73221 ], [ -74.145015726495771, 40.73009658119657 ] ], [ [ -74.17375, 40.76038 ], [ -74.17483, 40.76071 ], [ -74.1694, 40.75887 ], [ -74.17375, 40.76038 ] ], [ [ -74.17212, 40.76255 ], [ -74.172117994043148, 40.762553750672815 ], [ -74.17375, 40.76038 ], [ -74.17212, 40.76255 ] ], [ [ -74.16781, 40.77172 ], [ -74.170374452856564, 40.765813767217054 ], [ -74.16997, 40.76657 ], [ -74.16781, 40.77172 ] ], [ [ -74.166619738332614, 40.808540393051558 ], [ -74.160905089265043, 40.817124389056296 ], [ -74.16255, 40.81508 ], [ -74.166619738332614, 40.808540393051558 ] ], [ [ -74.15258, 40.80697 ], [ -74.166124470590759, 40.808484588235579 ], [ -74.15925, 40.80771 ], [ -74.15258, 40.80697 ] ], [ [ -74.15809, 40.79469 ], [ -74.15008, 40.79371 ], [ -74.15635, 40.79469 ], [ -74.15809, 40.79469 ] ], [ [ -74.1521, 40.78938 ], [ -74.14671, 40.8009 ], [ -74.14584, 40.80381 ], [ -74.15008, 40.79371 ], [ -74.1521, 40.78938 ] ], [ [ -74.156337763491223, 40.822800922518056 ], [ -74.15148, 40.82647 ], [ -74.15625, 40.82291 ], [ -74.156337763491223, 40.822800922518056 ] ] ] } },
{ "type": "Feature", "properties": { "county_name": "Hunterdon" }, "geometry": { "type": "Polygon", "coordinates": [ [ [ -74.96813, 40.39913 ], [ -74.98274, 40.40443 ], [ -74.9889, 40.40877 ], [ -74.99638, 40.41053 ], [ -75.00378, 40.40762 ], [ -75.00674, 40.40765 ], [ -75.02478, 40.40346 ], [ -75.02832, 40.40388 ], [ -75.03443, 40.40607 ], [ -75.04616, 40.41397 ], [ -75.05571, 40.4164 ], [ -75.05885, 40.41806 ], [ -75.06149, 40.42285 ], [ -75.06292, 40.43341 ], [ -75.06651, 40.44718 ], [ -75.07057, 40.45517 ], [ -75.07042, 40.45841 ], [ -75.06702, 40.46531 ], [ -75.06772, 40.47367 ], [ -75.06433, 40.4768 ], [ -75.06287, 40.48164 ], [ -75.06262, 40.48955 ], [ -75.06327, 40.49936 ], [ -75.06484, 40.5035 ], [ -75.06585, 40.51949 ], [ -75.06509, 40.52615 ], [ -75.0664, 40.53652 ], [ -75.06861, 40.54222 ], [ -75.0785, 40.5483 ], [ -75.10032, 40.56781 ], [ -75.11729, 40.57321 ], [ -75.13675, 40.57573 ], [ -75.14191, 40.57527 ], [ -75.14737, 40.57315 ], [ -75.15845, 40.56529 ], [ -75.16287, 40.5641 ], [ -75.17531, 40.565 ], [ -75.18315, 40.56735 ], [ -75.18674, 40.56941 ], [ -75.19405, 40.57626 ], [ -75.19511, 40.57969 ], [ -75.19466, 40.58194 ], [ -75.1908, 40.58684 ], [ -75.19037, 40.59164 ], [ -75.1875, 40.59282 ], [ -75.18549, 40.59228 ], [ -75.1837, 40.59379 ], [ -75.18099, 40.5942 ], [ -75.18089, 40.59719 ], [ -75.17489, 40.59893 ], [ -75.17369, 40.60321 ], [ -75.17209, 40.60525 ], [ -75.16904, 40.60629 ], [ -75.16574, 40.61032 ], [ -75.16306, 40.61097 ], [ -75.1615, 40.6148 ], [ -75.16231, 40.61708 ], [ -75.15442, 40.62169 ], [ -75.14967, 40.6205 ], [ -75.14782, 40.6225 ], [ -75.14758, 40.62699 ], [ -75.14531, 40.62898 ], [ -75.13633, 40.63015 ], [ -75.13044, 40.63228 ], [ -75.12748, 40.63444 ], [ -75.11417, 40.63717 ], [ -75.10836, 40.63975 ], [ -75.10939, 40.64178 ], [ -75.10552, 40.64491 ], [ -75.09578, 40.64825 ], [ -75.08942, 40.65517 ], [ -75.07964, 40.65927 ], [ -75.07702, 40.66355 ], [ -75.07378, 40.66596 ], [ -75.06972, 40.66693 ], [ -75.06825, 40.66861 ], [ -75.06209, 40.66974 ], [ -75.0602, 40.67303 ], [ -75.0546, 40.67639 ], [ -75.05285, 40.67633 ], [ -75.04916, 40.67946 ], [ -75.04405, 40.67871 ], [ -75.03766, 40.68363 ], [ -75.03403, 40.68357 ], [ -75.02318, 40.69095 ], [ -75.02257, 40.69217 ], [ -75.0192, 40.69206 ], [ -75.01694, 40.69461 ], [ -75.01465, 40.69296 ], [ -75.01264, 40.693 ], [ -75.01002, 40.69515 ], [ -75.00734, 40.69309 ], [ -75.00455, 40.69285 ], [ -74.99146, 40.7029 ], [ -74.98131, 40.706 ], [ -74.98023, 40.71025 ], [ -74.9793, 40.71089 ], [ -74.97063, 40.70977 ], [ -74.96779, 40.71199 ], [ -74.96351, 40.72047 ], [ -74.96019, 40.72281 ], [ -74.95832, 40.72543 ], [ -74.95173, 40.72774 ], [ -74.94652, 40.73481 ], [ -74.94129, 40.73862 ], [ -74.94043, 40.74091 ], [ -74.93503, 40.74587 ], [ -74.93397, 40.74802 ], [ -74.9308, 40.74904 ], [ -74.93113, 40.75064 ], [ -74.92813, 40.75227 ], [ -74.92726, 40.75457 ], [ -74.91903, 40.75906 ], [ -74.91523, 40.76244 ], [ -74.91503, 40.7645 ], [ -74.9133, 40.76655 ], [ -74.90272, 40.77184 ], [ -74.9035, 40.7759 ], [ -74.90243, 40.77728 ], [ -74.90462, 40.78056 ], [ -74.89553, 40.78399 ], [ -74.88982, 40.78773 ], [ -74.84407, 40.75858 ], [ -74.84302, 40.75602 ], [ -74.82748, 40.74407 ], [ -74.8239, 40.74237 ], [ -74.81707, 40.74289 ], [ -74.80823, 40.74114 ], [ -74.79801, 40.74219 ], [ -74.79368, 40.74034 ], [ -74.77099, 40.73605 ], [ -74.7529, 40.73113 ], [ -74.7425, 40.72606 ], [ -74.73733, 40.72162 ], [ -74.7327, 40.72008 ], [ -74.72495, 40.71947 ], [ -74.72215, 40.71601 ], [ -74.72025, 40.71519 ], [ -74.72108, 40.71283 ], [ -74.71952, 40.70778 ], [ -74.72004, 40.70636 ], [ -74.71699, 40.70494 ], [ -74.71655, 40.70391 ], [ -74.71803, 40.7032 ], [ -74.71585, 40.70074 ], [ -74.71663, 40.69869 ], [ -74.72073, 40.69683 ], [ -74.72116, 40.69158 ], [ -74.72394, 40.68784 ], [ -74.72125, 40.68515 ], [ -74.71955, 40.68542 ], [ -74.71774, 40.68399 ], [ -74.71846, 40.68057 ], [ -74.72037, 40.6797 ], [ -74.72208, 40.67741 ], [ -74.7227, 40.67009 ], [ -74.72658, 40.667 ], [ -74.73078, 40.66556 ], [ -74.72755, 40.65861 ], [ -74.72136, 40.65555 ], [ -74.71958, 40.65182 ], [ -74.72395, 40.64686 ], [ -74.72403, 40.64434 ], [ -74.72202, 40.64143 ], [ -74.72295, 40.63893 ], [ -74.72766, 40.63623 ], [ -74.72654, 40.63241 ], [ -74.72518, 40.63157 ], [ -74.7194, 40.6309 ], [ -74.71702, 40.6317 ], [ -74.71328, 40.63062 ], [ -74.71139, 40.62748 ], [ -74.71155, 40.62504 ], [ -74.70822, 40.62412 ], [ -74.7053, 40.62159 ], [ -74.7027, 40.62112 ], [ -74.71148, 40.61153 ], [ -74.7133, 40.6121 ], [ -74.72175, 40.6007 ], [ -74.71858, 40.59966 ], [ -74.72494, 40.58875 ], [ -74.73023, 40.59018 ], [ -74.71296, 40.58423 ], [ -74.7246, 40.56618 ], [ -74.7307, 40.56358 ], [ -74.74308, 40.55326 ], [ -74.7766, 40.50328 ], [ -74.78139, 40.505 ], [ -74.78487, 40.50814 ], [ -74.7849, 40.50984 ], [ -74.78753, 40.51222 ], [ -74.797823367886508, 40.515567407191398 ], [ -74.74815, 40.42416 ], [ -74.80847, 40.41666 ], [ -74.80202, 40.38497 ], [ -74.86968, 40.37777 ], [ -74.85626, 40.3467 ], [ -74.93228, 40.33943 ], [ -74.94295, 40.34164 ], [ -74.94509, 40.34733 ], [ -74.94597, 40.35539 ], [ -74.94872, 40.36477 ], [ -74.964, 40.39525 ], [ -74.96813, 40.39913 ] ], [ [ -74.92909, 40.68477 ], [ -74.92389, 40.68185 ], [ -74.92273, 40.68137 ], [ -74.92909, 40.68477 ] ], [ [ -74.917, 40.64529 ], [ -74.92048, 40.64605 ], [ -74.91378, 40.64439 ], [ -74.917, 40.64529 ] ], [ [ -74.88755, 40.63796 ], [ -74.88396, 40.63805 ], [ -74.89442, 40.63843 ], [ -74.88755, 40.63796 ] ], [ [ -74.88057, 40.5795 ], [ -74.87818, 40.57943 ], [ -74.875420266808945, 40.579829206688018 ], [ -74.88057, 40.5795 ] ], [ [ -74.930780591621755, 40.511995948064673 ], [ -74.93078, 40.51219 ], [ -74.93645, 40.51939 ], [ -74.930780591621755, 40.511995948064673 ] ], [ [ -74.86754, 40.50306 ], [ -74.87086, 40.50479 ], [ -74.873462649452122, 40.505423498607648 ], [ -74.86754, 40.50306 ] ], [ [ -74.911804719101127, 40.427682837798905 ], [ -74.91112, 40.42835 ], [ -74.90926, 40.43234 ], [ -74.911804719101127, 40.427682837798905 ] ], [ [ -74.91383, 40.42612 ], [ -74.91463, 40.42493 ], [ -74.913170684464646, 40.426351897188297 ], [ -74.91383, 40.42612 ] ], [ [ -74.90223, 40.60396 ], [ -74.90102, 40.60557 ], [ -74.90487, 40.60178 ], [ -74.90223, 40.60396 ] ], [ [ -74.84266, 40.53837 ], [ -74.84850381702266, 40.544423774520482 ], [ -74.8458, 40.54118 ], [ -74.84266, 40.53837 ] ], [ [ -74.83417, 40.53793 ], [ -74.8354, 40.53805 ], [ -74.84266, 40.53837 ], [ -74.83417, 40.53793 ] ], [ [ -74.85001, 40.49749 ], [ -74.8511, 40.50361 ], [ -74.85389, 40.51865 ], [ -74.85001, 40.49749 ] ], [ [ -74.82061, 40.51595 ], [ -74.813940511437579, 40.518889411974513 ], [ -74.8511, 40.50361 ], [ -74.82061, 40.51595 ] ], [ [ -74.825844098674168, 40.470427560648623 ], [ -74.82595, 40.47033 ], [ -74.8268, 40.4673 ], [ -74.825844098674168, 40.470427560648623 ] ], [ [ -74.8086, 40.51793 ], [ -74.80676, 40.51813 ], [ -74.811458551035983, 40.518626919467451 ], [ -74.8086, 40.51793 ] ], [ [ -74.82128, 40.64371 ], [ -74.82767, 40.64705 ], [ -74.83095, 40.64876 ], [ -74.82128, 40.64371 ] ], [ [ -74.77653, 40.66663 ], [ -74.79096, 40.65079 ], [ -74.80134, 40.63921 ], [ -74.77653, 40.66663 ] ], [ [ -74.80127, 40.60237 ], [ -74.799876874219194, 40.603801468692211 ], [ -74.80507, 40.59974 ], [ -74.80127, 40.60237 ] ] ] } },
{ "type": "Feature", "properties": { "county_name": "Middlesex" }, "geometry": { "type": "Polygon", "coordinates": [ [ [ -74.46078, 40.25136 ], [ -74.48496, 40.25332 ], [ -74.48203, 40.27392 ], [ -74.48687, 40.27501 ], [ -74.48897, 40.27708 ], [ -74.49592, 40.27877 ], [ -74.49762, 40.28053 ], [ -74.50266, 40.27953 ], [ -74.50449, 40.28066 ], [ -74.50672, 40.28036 ], [ -74.50972, 40.28316 ], [ -74.51115, 40.28304 ], [ -74.51175, 40.28493 ], [ -74.51485, 40.28714 ], [ -74.52321, 40.2861 ], [ -74.52192, 40.29021 ], [ -74.52864, 40.29431 ], [ -74.53992, 40.28833 ], [ -74.54234, 40.29181 ], [ -74.54506, 40.29237 ], [ -74.54698, 40.29111 ], [ -74.55171, 40.29055 ], [ -74.55598, 40.29252 ], [ -74.5567, 40.29166 ], [ -74.55949, 40.29601 ], [ -74.56482, 40.29697 ], [ -74.56777, 40.29997 ], [ -74.56938, 40.29958 ], [ -74.5734, 40.3009 ], [ -74.57574, 40.30407 ], [ -74.57952, 40.30381 ], [ -74.58087, 40.30586 ], [ -74.58288, 40.30608 ], [ -74.58392, 40.30991 ], [ -74.58487, 40.31026 ], [ -74.58408, 40.3119 ], [ -74.58659, 40.31337 ], [ -74.59292, 40.31496 ], [ -74.59352, 40.31587 ], [ -74.59776, 40.31456 ], [ -74.59968, 40.3152 ], [ -74.60329, 40.31865 ], [ -74.60258, 40.31985 ], [ -74.60332, 40.3214 ], [ -74.60654, 40.32111 ], [ -74.61369, 40.32423 ], [ -74.61788, 40.32501 ], [ -74.62218, 40.3245 ], [ -74.62234, 40.32816 ], [ -74.62447, 40.32884 ], [ -74.6231, 40.33176 ], [ -74.62327, 40.33443 ], [ -74.63101, 40.34011 ], [ -74.62828, 40.346 ], [ -74.62441, 40.36523 ], [ -74.62024, 40.37375 ], [ -74.61298, 40.37576 ], [ -74.60257, 40.38072 ], [ -74.59584, 40.38573 ], [ -74.59184, 40.39203 ], [ -74.58786, 40.39414 ], [ -74.58767, 40.39818 ], [ -74.58579, 40.4034 ], [ -74.58562, 40.41748 ], [ -74.53973, 40.43671 ], [ -74.53152, 40.44136 ], [ -74.50707, 40.46149 ], [ -74.49532, 40.46894 ], [ -74.48494, 40.47959 ], [ -74.4785, 40.48392 ], [ -74.46821, 40.48685 ], [ -74.45986, 40.49105 ], [ -74.45904, 40.49607 ], [ -74.46079, 40.49863 ], [ -74.46699, 40.50293 ], [ -74.4674, 40.50795 ], [ -74.466540414753837, 40.508888380560393 ], [ -74.48168, 40.51186 ], [ -74.49519, 40.52907 ], [ -74.51175, 40.53981 ], [ -74.51412, 40.54203 ], [ -74.51587, 40.54498 ], [ -74.51759, 40.55252 ], [ -74.5235, 40.55856 ], [ -74.52669, 40.55947 ], [ -74.52667, 40.56073 ], [ -74.5245, 40.56195 ], [ -74.52589, 40.56823 ], [ -74.52364, 40.56873 ], [ -74.52392, 40.56967 ], [ -74.52193, 40.57255 ], [ -74.5227, 40.57338 ], [ -74.51544, 40.57938 ], [ -74.51635, 40.58075 ], [ -74.51215, 40.58208 ], [ -74.50972, 40.58422 ], [ -74.50512, 40.58628 ], [ -74.49924, 40.58072 ], [ -74.50244, 40.58401 ], [ -74.50198, 40.58531 ], [ -74.49283, 40.58749 ], [ -74.49125, 40.58756 ], [ -74.49067, 40.58651 ], [ -74.48884, 40.588 ], [ -74.48322, 40.58943 ], [ -74.47651, 40.59514 ], [ -74.47008, 40.59834 ], [ -74.4672, 40.59863 ], [ -74.46614, 40.59779 ], [ -74.46627, 40.59908 ], [ -74.46329, 40.59919 ], [ -74.45847, 40.59481 ], [ -74.4569, 40.5958 ], [ -74.35621, 40.60428 ], [ -74.313, 40.60787 ], [ -74.30292, 40.60868 ], [ -74.30461, 40.60656 ], [ -74.30313, 40.60571 ], [ -74.30533, 40.60059 ], [ -74.29995, 40.59812 ], [ -74.29252, 40.59303 ], [ -74.29566, 40.59315 ], [ -74.29223, 40.59282 ], [ -74.29085, 40.59195 ], [ -74.25956, 40.59731 ], [ -74.25769, 40.60228 ], [ -74.25297, 40.60077 ], [ -74.24239, 40.59947 ], [ -74.23564, 40.60252 ], [ -74.23342, 40.59959 ], [ -74.23153, 40.599 ], [ -74.21796, 40.60108 ], [ -74.21559, 40.60401 ], [ -74.21405, 40.60406 ], [ -74.21247, 40.60282 ], [ -74.2115, 40.59832 ], [ -74.20515, 40.59388 ], [ -74.20695, 40.59284 ], [ -74.21162, 40.57802 ], [ -74.21447, 40.56502 ], [ -74.22041, 40.55888 ], [ -74.23182, 40.56231 ], [ -74.23871, 40.5578 ], [ -74.25226, 40.55274 ], [ -74.25464, 40.54859 ], [ -74.25274, 40.53558 ], [ -74.24917, 40.5233 ], [ -74.25012, 40.52077 ], [ -74.25416, 40.51806 ], [ -74.25933, 40.51116 ], [ -74.2623, 40.50354 ], [ -74.26676, 40.4989 ], [ -74.27269, 40.48841 ], [ -74.26699, 40.47914 ], [ -74.26609, 40.47113 ], [ -74.26189, 40.46471 ], [ -74.25012, 40.46148 ], [ -74.24494, 40.45802 ], [ -74.23736, 40.45772 ], [ -74.23141, 40.4524 ], [ -74.22248, 40.45188 ], [ -74.22327, 40.44933 ], [ -74.22545, 40.44778 ], [ -74.22643, 40.44467 ], [ -74.23073, 40.44568 ], [ -74.23336, 40.44325 ], [ -74.23633, 40.44344 ], [ -74.24748, 40.43153 ], [ -74.24796, 40.41219 ], [ -74.24949, 40.41023 ], [ -74.24789, 40.4066 ], [ -74.37754, 40.30543 ], [ -74.39423, 40.28839 ], [ -74.39493, 40.28609 ], [ -74.39314, 40.28188 ], [ -74.39338, 40.27964 ], [ -74.46078, 40.25136 ] ], [ [ -74.60202, 40.33339 ], [ -74.5659, 40.36184 ], [ -74.61369, 40.32423 ], [ -74.60202, 40.33339 ] ], [ [ -74.60276, 40.36048 ], [ -74.595259978662128, 40.359288169140406 ], [ -74.62441, 40.36523 ], [ -74.60276, 40.36048 ] ], [ [ -74.47896, 40.4682 ], [ -74.47734, 40.46724 ], [ -74.48949, 40.47445 ], [ -74.47896, 40.4682 ] ], [ [ -74.50932, 40.54027 ], [ -74.508416127386909, 40.540751012431116 ], [ -74.51175, 40.53981 ], [ -74.50932, 40.54027 ] ], [ [ -74.42001, 40.59137 ], [ -74.41889, 40.58576 ], [ -74.42095, 40.59881 ], [ -74.42001, 40.59137 ] ], [ [ -74.31833, 40.59956 ], [ -74.328172435242521, 40.585462451339502 ], [ -74.313, 40.60787 ], [ -74.31833, 40.59956 ] ], [ [ -74.31179, 40.57933 ], [ -74.32077, 40.57317 ], [ -74.29223, 40.59282 ], [ -74.31179, 40.57933 ] ], [ [ -74.41496, 40.58378 ], [ -74.41392, 40.58231 ], [ -74.41267, 40.5824 ], [ -74.41399, 40.5827 ], [ -74.41496, 40.58378 ] ], [ [ -74.41222, 40.57816 ], [ -74.41222, 40.57914 ], [ -74.41267, 40.5824 ], [ -74.41222, 40.57816 ] ], [ [ -74.41222, 40.57816 ], [ -74.43355, 40.58204 ], [ -74.39578, 40.57502 ], [ -74.394888760280693, 40.575042936316308 ], [ -74.41222, 40.57816 ] ], [ [ -74.388207999999864, 40.574348000000207 ], [ -74.38628, 40.57722 ], [ -74.38762, 40.57523 ], [ -74.388207999999864, 40.574348000000207 ] ], [ [ -74.39337, 40.59277 ], [ -74.39203, 40.58982 ], [ -74.38628, 40.57722 ], [ -74.39337, 40.59277 ] ], [ [ -74.40458, 40.54979 ], [ -74.39715, 40.56085 ], [ -74.389160000000146, 40.572919999999776 ], [ -74.40458, 40.54979 ] ], [ [ -74.41387, 40.53005 ], [ -74.41335, 40.5314 ], [ -74.4118, 40.53549 ], [ -74.41387, 40.53005 ] ], [ [ -74.43, 40.50864 ], [ -74.41073, 40.51936 ], [ -74.402755172504911, 40.524246260409811 ], [ -74.43, 40.50864 ] ], [ [ -74.44014, 40.51511 ], [ -74.42536, 40.50537 ], [ -74.43, 40.50864 ], [ -74.44014, 40.51511 ] ], [ [ -74.414511320390858, 40.506603916472557 ], [ -74.39615, 40.51973 ], [ -74.37717, 40.53337 ], [ -74.414511320390858, 40.506603916472557 ] ], [ [ -74.38258, 40.5522 ], [ -74.378, 40.53618 ], [ -74.37717, 40.53337 ], [ -74.38258, 40.5522 ] ], [ [ -74.371516981126888, 40.553160754717432 ], [ -74.38032, 40.5524 ], [ -74.38258, 40.5522 ], [ -74.371516981126888, 40.553160754717432 ] ], [ [ -74.39554, 40.48882 ], [ -74.386157260409917, 40.497195265382466 ], [ -74.38743, 40.49607 ], [ -74.39554, 40.48882 ] ], [ [ -74.39852, 40.49189 ], [ -74.39469, 40.48774 ], [ -74.39228, 40.48631 ], [ -74.39554, 40.48882 ], [ -74.39852, 40.49189 ] ], [ [ -74.36151, 40.4715 ], [ -74.35881, 40.47272 ], [ -74.36507, 40.4708 ], [ -74.36151, 40.4715 ] ], [ [ -74.36145, 40.46274 ], [ -74.3602, 40.45676 ], [ -74.361446707651282, 40.462818075698138 ], [ -74.36145, 40.46274 ] ], [ [ -74.35633, 40.42959 ], [ -74.35747, 40.42834 ], [ -74.35365, 40.43178 ], [ -74.35633, 40.42959 ] ], [ [ -74.36466, 40.41247 ], [ -74.366444298695626, 40.413430516690056 ], [ -74.36194, 40.41071 ], [ -74.36466, 40.41247 ] ], [ [ -74.35652, 40.40527 ], [ -74.34420667063776, 40.395106617034344 ], [ -74.3618, 40.40979 ], [ -74.35652, 40.40527 ] ], [ [ -74.36128, 40.40486 ], [ -74.35738, 40.37976 ], [ -74.35812, 40.38507 ], [ -74.36128, 40.40486 ] ], [ [ -74.38849, 40.3825 ], [ -74.38147, 40.38319 ], [ -74.39356, 40.38207 ], [ -74.38849, 40.3825 ] ], [ [ -74.460965821187301, 40.482968643839975 ], [ -74.45622, 40.48783 ], [ -74.470265469168965, 40.474136997623624 ], [ -74.460965821187301, 40.482968643839975 ] ], [ [ -74.458115605923467, 40.477222917918823 ], [ -74.451739534883686, 40.483386976744221 ], [ -74.45354, 40.48166 ], [ -74.458115605923467, 40.477222917918823 ] ], [ [ -74.45543, 40.46278 ], [ -74.454600811440699, 40.46301798842935 ], [ -74.456053825698916, 40.462619686118316 ], [ -74.45543, 40.46278 ] ], [ [ -74.423197514933747, 40.440707795795518 ], [ -74.42813, 40.43852 ], [ -74.423197514933747, 40.440707795795511 ], [ -74.423197514933747, 40.440707795795518 ] ], [ [ -74.38908, 40.41957 ], [ -74.41285, 40.41726 ], [ -74.41115, 40.41742 ], [ -74.38908, 40.41957 ] ], [ [ -74.3874, 40.40739 ], [ -74.38861, 40.41851 ], [ -74.39179, 40.42948 ], [ -74.38908, 40.41957 ], [ -74.3874, 40.40739 ] ], [ [ -74.3874, 40.40739 ], [ -74.40939, 40.40084 ], [ -74.39863, 40.40341 ], [ -74.3874, 40.40739 ] ], [ [ -74.397816757871425, 40.39214934312443 ], [ -74.40131, 40.3931 ], [ -74.39889, 40.39232 ], [ -74.397816757871425, 40.39214934312443 ] ], [ [ -74.424766211453488, 40.35298541850284 ], [ -74.416942259536995, 40.371863607433987 ], [ -74.41749, 40.37092 ], [ -74.424766211453488, 40.35298541850284 ] ], [ [ -74.42619, 40.34955 ], [ -74.425523128104999, 40.351159076047665 ], [ -74.42737, 40.3476 ], [ -74.42619, 40.34955 ] ], [ [ -74.4382, 40.32651 ], [ -74.441036063979638, 40.338894473156714 ], [ -74.4412, 40.33855 ], [ -74.4382, 40.32651 ] ], [ [ -74.49413, 40.44977 ], [ -74.48621, 40.45487 ], [ -74.495285624060017, 40.448816691729427 ], [ -74.49413, 40.44977 ] ], [ [ -74.47815, 40.41767 ], [ -74.47082, 40.41529 ], [ -74.47514, 40.41701 ], [ -74.47815, 40.41767 ] ], [ [ -74.457286366452735, 40.406312292542594 ], [ -74.45611, 40.40563 ], [ -74.45282, 40.40484 ], [ -74.457286366452735, 40.406312292542594 ] ], [ [ -74.44802, 40.41352 ], [ -74.450763068192984, 40.405456746165797 ], [ -74.44886, 40.41061 ], [ -74.44802, 40.41352 ] ], [ [ -74.45066, 40.34532 ], [ -74.45047, 40.34436 ], [ -74.44996, 40.33557 ], [ -74.44996, 40.34227 ], [ -74.45066, 40.34532 ] ], [ [ -74.45673, 40.31241 ], [ -74.456690837991886, 40.303647500685827 ], [ -74.45642, 40.30374 ], [ -74.45673, 40.31241 ] ], [ [ -74.54084, 40.37896 ], [ -74.49817, 40.36565 ], [ -74.50733, 40.36852 ], [ -74.54084, 40.37896 ] ], [ [ -74.52113, 40.39884 ], [ -74.521671225672208, 40.398713389367174 ], [ -74.51948, 40.39829 ], [ -74.52113, 40.39884 ] ], [ [ -74.59146, 40.33322 ], [ -74.59499, 40.33409 ], [ -74.58398, 40.33097 ], [ -74.59146, 40.33322 ] ], [ [ -74.550281764003429, 40.325734979812324 ], [ -74.55172209224645, 40.324621422073783 ], [ -74.55113, 40.32489 ], [ -74.550281764003429, 40.325734979812324 ] ], [ [ -74.55871, 40.3265 ], [ -74.56425, 40.32713 ], [ -74.57273, 40.32799 ], [ -74.55871, 40.3265 ] ], [ [ -74.587199699128689, 40.358007307466536 ], [ -74.58514, 40.35768 ], [ -74.58082, 40.35772 ], [ -74.587199699128689, 40.358007307466536 ] ], [ [ -74.521064243259374, 40.427558258467876 ], [ -74.54703, 40.40634 ], [ -74.55732, 40.39777 ], [ -74.521064243259374, 40.427558258467876 ] ], [ [ -74.52995, 40.39063 ], [ -74.529069705987808, 40.391933477949095 ], [ -74.532062970512939, 40.388845189153315 ], [ -74.52995, 40.39063 ] ], [ [ -74.4358, 40.56162 ], [ -74.44793, 40.56147 ], [ -74.455820794885938, 40.561333024019341 ], [ -74.4358, 40.56162 ] ], [ [ -74.42738, 40.54648 ], [ -74.43165, 40.55045 ], [ -74.42938, 40.5483 ], [ -74.42738, 40.54648 ] ], [ [ -74.43856, 40.54093 ], [ -74.43937, 40.54261 ], [ -74.4385, 40.54018 ], [ -74.43856, 40.54093 ] ], [ [ -74.44454, 40.53298 ], [ -74.44653, 40.53607 ], [ -74.44775, 40.53739 ], [ -74.44454, 40.53298 ] ], [ [ -74.455679426299355, 40.527078202215286 ], [ -74.45701, 40.52764 ], [ -74.457858844926889, 40.527739634272201 ], [ -74.455679426299355, 40.527078202215286 ] ], [ [ -74.45206, 40.52555 ], [ -74.452720738255053, 40.525828978374356 ], [ -74.451474967502307, 40.524668388527793 ], [ -74.45206, 40.52555 ] ], [ [ -74.45062, 40.52338 ], [ -74.45090744145044, 40.523813158296853 ], [ -74.45069, 40.52143 ], [ -74.45062, 40.52338 ] ], [ [ -74.47876, 40.57247 ], [ -74.48129, 40.57808 ], [ -74.47949, 40.57382 ], [ -74.47876, 40.57247 ] ], [ [ -74.497233070392127, 40.562485876813852 ], [ -74.49827, 40.56332 ], [ -74.50029, 40.56407 ], [ -74.497233070392127, 40.562485876813852 ] ], [ [ -74.4683, 40.5308 ], [ -74.46727, 40.52961 ], [ -74.47586, 40.54805 ], [ -74.4683, 40.5308 ] ], [ [ -74.46496, 40.5284 ], [ -74.463350176360521, 40.528384186408253 ], [ -74.465386002426868, 40.52862314412836 ], [ -74.46496, 40.5284 ] ], [ [ -74.4951, 40.56077 ], [ -74.496384742470525, 40.561803467917926 ], [ -74.49441, 40.55935 ], [ -74.4951, 40.56077 ] ], [ [ -74.504297350003029, 40.578893315372042 ], [ -74.50594, 40.5783 ], [ -74.506318073878617, 40.577877146756443 ], [ -74.504297350003029, 40.578893315372042 ] ], [ [ -74.45402, 40.5778 ], [ -74.44008, 40.58096 ], [ -74.4392, 40.58146 ], [ -74.45402, 40.5778 ] ], [ [ -74.41057139073078, 40.493367299055059 ], [ -74.407016233611785, 40.492600366790654 ], [ -74.40861, 40.49331 ], [ -74.41057139073078, 40.493367299055059 ] ], [ [ -74.41373, 40.48139 ], [ -74.41482, 40.47862 ], [ -74.41569, 40.47631 ], [ -74.41373, 40.48139 ] ], [ [ -74.42654, 40.46708 ], [ -74.42653, 40.46653 ], [ -74.42606, 40.46438 ], [ -74.42654, 40.46708 ] ], [ [ -74.392183865216026, 40.443159851918963 ], [ -74.394508145695369, 40.44604827814571 ], [ -74.39447, 40.44591 ], [ -74.392183865216026, 40.443159851918963 ] ], [ [ -74.392659168534493, 40.438457350494843 ], [ -74.39257, 40.43827 ], [ -74.37442, 40.41883 ], [ -74.392659168534493, 40.438457350494843 ] ], [ [ -74.440301172143663, 40.501494167314057 ], [ -74.450135989187075, 40.493160329796503 ], [ -74.440297743553515, 40.501490307311904 ], [ -74.440301172143663, 40.501494167314057 ] ], [ [ -74.436652527115029, 40.497050907709109 ], [ -74.43686, 40.49762 ], [ -74.438737041863348, 40.499733225938861 ], [ -74.436652527115029, 40.497050907709109 ] ], [ [ -74.41576, 40.49269 ], [ -74.4180898786244, 40.491362832097103 ], [ -74.415498446718857, 40.492795881998795 ], [ -74.41344, 40.50126 ], [ -74.41576, 40.49269 ] ], [ [ -74.44379, 40.48121 ], [ -74.44223, 40.48026 ], [ -74.450031812737819, 40.485024995945359 ], [ -74.44379, 40.48121 ] ], [ [ -74.43239, 40.46231 ], [ -74.430343421320472, 40.464427421787661 ], [ -74.4313, 40.4639 ], [ -74.43239, 40.46231 ] ], [ [ -74.440666296676952, 40.501905234669415 ], [ -74.44139, 40.50272 ], [ -74.44868, 40.5071 ], [ -74.440666296676952, 40.501905234669415 ] ], [ [ -74.42485, 40.52603 ], [ -74.42808, 40.52387 ], [ -74.4383, 40.51555 ], [ -74.42485, 40.52603 ] ], [ [ -74.3889, 40.37071 ], [ -74.3863, 40.35635 ], [ -74.38697, 40.36034 ], [ -74.3889, 40.37071 ] ], [ [ -74.390357975715474, 40.441153829821943 ], [ -74.38889, 40.44276 ], [ -74.38174, 40.45068 ], [ -74.390357975715474, 40.441153829821943 ] ], [ [ -74.36018, 40.58374 ], [ -74.35919, 40.58379 ], [ -74.33718, 40.58578 ], [ -74.34469, 40.58534 ], [ -74.36018, 40.58374 ] ], [ [ -74.33611, 40.57303 ], [ -74.33544, 40.56979 ], [ -74.33718, 40.58578 ], [ -74.33611, 40.57303 ] ], [ [ -74.36014, 40.57123 ], [ -74.35897, 40.57802 ], [ -74.35997, 40.57259 ], [ -74.36014, 40.57123 ] ], [ [ -74.344832924667656, 40.553276487444613 ], [ -74.346090096492119, 40.556065123127972 ], [ -74.34601, 40.55537 ], [ -74.344832924667656, 40.553276487444613 ] ], [ [ -74.34263, 40.55651 ], [ -74.344829604553624, 40.553270582384663 ], [ -74.34461, 40.55288 ], [ -74.34263, 40.55651 ] ], [ [ -74.32198, 40.53726 ], [ -74.32844, 40.54631 ], [ -74.33085, 40.56578 ], [ -74.32892, 40.54698 ], [ -74.32198, 40.53726 ] ], [ [ -74.3268, 40.53491 ], [ -74.33347, 40.53057 ], [ -74.32198, 40.53726 ], [ -74.3268, 40.53491 ] ], [ [ -74.35001, 40.53441 ], [ -74.32852, 40.52942 ], [ -74.31779, 40.52694 ], [ -74.33347, 40.53057 ], [ -74.35001, 40.53441 ] ], [ [ -74.36012, 40.53675 ], [ -74.36405, 40.53765 ], [ -74.35001, 40.53441 ], [ -74.36012, 40.53675 ] ], [ [ -74.32045, 40.52477 ], [ -74.31907, 40.52543 ], [ -74.315793380098768, 40.529047539890954 ], [ -74.31779, 40.52694 ], [ -74.32045, 40.52477 ] ], [ [ -74.30836, 40.541 ], [ -74.29157, 40.54351 ], [ -74.30864, 40.54096 ], [ -74.32198, 40.53726 ], [ -74.30836, 40.541 ] ], [ [ -74.30526, 40.53753 ], [ -74.30180729805015, 40.534811337047358 ], [ -74.30836, 40.541 ], [ -74.30526, 40.53753 ] ], [ [ -74.28974, 40.53385 ], [ -74.289827113069165, 40.535441793354664 ], [ -74.29003, 40.53531 ], [ -74.28974, 40.53385 ] ], [ [ -74.30256, 40.43244 ], [ -74.30015, 40.43956 ], [ -74.30017, 40.43732 ], [ -74.29973, 40.44672 ], [ -74.30007, 40.44028 ], [ -74.30256, 40.43244 ] ], [ [ -74.28594, 40.43578 ], [ -74.28928, 40.43729 ], [ -74.28329, 40.43441 ], [ -74.28594, 40.43578 ] ], [ [ -74.28966, 40.38147 ], [ -74.287459518072282, 40.382386867469883 ], [ -74.29249, 40.3811 ], [ -74.28966, 40.38147 ] ], [ [ -74.29837, 40.47379 ], [ -74.29612, 40.47115 ], [ -74.29981, 40.47656 ], [ -74.29837, 40.47379 ] ], [ [ -74.29693, 40.45435 ], [ -74.306348198943596, 40.458592608908887 ], [ -74.30635, 40.45859 ], [ -74.29693, 40.45435 ] ], [ [ -74.38234, 40.51215 ], [ -74.386459993350641, 40.510168896814378 ], [ -74.37506, 40.5152 ], [ -74.38234, 40.51215 ] ], [ [ -74.35097, 40.51658 ], [ -74.34842, 40.51754 ], [ -74.34063, 40.52207 ], [ -74.35097, 40.51658 ] ], [ [ -74.36085643158691, 40.540618720603192 ], [ -74.36087, 40.54069 ], [ -74.36685, 40.55006 ], [ -74.36085643158691, 40.540618720603192 ] ], [ [ -74.37691, 40.58884 ], [ -74.377081314997838, 40.58826468844007 ], [ -74.376067903733102, 40.589468114316951 ], [ -74.37691, 40.58884 ] ], [ [ -74.3077605053344, 40.394538065725953 ], [ -74.30645, 40.40161 ], [ -74.30762, 40.39667 ], [ -74.3077605053344, 40.394538065725953 ] ], [ [ -74.33045, 40.38406 ], [ -74.31681, 40.37579 ], [ -74.330951612485961, 40.384461993183848 ], [ -74.33045, 40.38406 ] ], [ [ -74.33232, 40.46139 ], [ -74.33114, 40.46525 ], [ -74.332615370785135, 40.461352229885236 ], [ -74.33232, 40.46139 ] ], [ [ -74.32514769752909, 40.404425422404536 ], [ -74.32349, 40.40402 ], [ -74.3126, 40.40185 ], [ -74.32514769752909, 40.404425422404536 ] ], [ [ -74.35077, 40.45312 ], [ -74.33433, 40.45881 ], [ -74.351470421386509, 40.452998187584953 ], [ -74.35077, 40.45312 ] ], [ [ -74.300998937857969, 40.518847809565642 ], [ -74.29799, 40.52831 ], [ -74.301, 40.51921 ], [ -74.300998937857969, 40.518847809565642 ] ], [ [ -74.29205, 40.55472 ], [ -74.29575, 40.55999 ], [ -74.29852, 40.55934 ], [ -74.29587, 40.55995 ], [ -74.29205, 40.55472 ] ], [ [ -74.30321, 40.5602 ], [ -74.30919, 40.56184 ], [ -74.302, 40.55982 ], [ -74.30321, 40.5602 ] ], [ [ -74.294446265682652, 40.576120538745386 ], [ -74.29453, 40.57566 ], [ -74.29392, 40.57317 ], [ -74.294446265682652, 40.576120538745386 ] ], [ [ -74.3006, 40.56309 ], [ -74.3021, 40.5643 ], [ -74.30805, 40.56717 ], [ -74.3006, 40.56309 ] ], [ [ -74.27254, 40.51186 ], [ -74.280462843426804, 40.497003419702814 ], [ -74.27418, 40.50856 ], [ -74.27254, 40.51186 ] ], [ [ -74.27109, 40.5149 ], [ -74.264348559620771, 40.517075808799646 ], [ -74.26519, 40.5172 ], [ -74.2642, 40.51783 ], [ -74.271, 40.51512 ], [ -74.27254, 40.51186 ], [ -74.27109, 40.5149 ] ], [ [ -74.27557, 40.51645 ], [ -74.27928, 40.5175 ], [ -74.271, 40.51512 ], [ -74.27557, 40.51645 ] ], [ [ -74.276225377777777, 40.521924332026146 ], [ -74.2763, 40.52156 ], [ -74.27557, 40.51645 ], [ -74.276225377777777, 40.521924332026146 ] ], [ [ -74.28292, 40.51964 ], [ -74.284138514682411, 40.520154408021604 ], [ -74.27928, 40.5175 ], [ -74.28292, 40.51964 ] ], [ [ -74.27086, 40.45116 ], [ -74.271184227949803, 40.450968080316706 ], [ -74.26944267618569, 40.448135348816557 ], [ -74.27086, 40.45116 ] ], [ [ -74.27824, 40.42541 ], [ -74.284504834195587, 40.424863948491783 ], [ -74.27366, 40.42516 ], [ -74.27824, 40.42541 ] ], [ [ -74.27387, 40.5618 ], [ -74.27639, 40.55741 ], [ -74.27398, 40.56138 ], [ -74.27115, 40.57173 ], [ -74.27387, 40.5618 ] ], [ [ -74.26758, 40.55531 ], [ -74.26433, 40.55796 ], [ -74.274406901589941, 40.551069045982004 ], [ -74.26758, 40.55531 ] ], [ [ -74.23445, 40.56178 ], [ -74.24204, 40.56524 ], [ -74.24828, 40.56761 ], [ -74.23445, 40.56178 ] ], [ [ -74.27235, 40.53255 ], [ -74.27494, 40.5282 ], [ -74.274993008070439, 40.527941195891415 ], [ -74.27235, 40.53255 ] ], [ [ -74.27572, 40.52436 ], [ -74.275688, 40.524548 ], [ -74.27576707236841, 40.524161940789561 ], [ -74.27572, 40.52436 ] ], [ [ -74.268569023109222, 40.521307941176524 ], [ -74.26693, 40.52548 ], [ -74.26076, 40.52474 ], [ -74.266994658971541, 40.525937578184141 ], [ -74.268569023109222, 40.521307941176524 ] ], [ [ -74.273552954718426, 40.54164587709284 ], [ -74.271311831852998, 40.542428136660554 ], [ -74.27156, 40.54242 ], [ -74.273552954718426, 40.54164587709284 ] ], [ [ -74.266972828907967, 40.527766937512418 ], [ -74.26695, 40.52968 ], [ -74.267455188059714, 40.531275004070622 ], [ -74.266972828907967, 40.527766937512418 ] ], [ [ -74.236140263892025, 40.591962715380994 ], [ -74.24439, 40.57937 ], [ -74.23957, 40.58644 ], [ -74.236140263892025, 40.591962715380994 ] ], [ [ -74.22788, 40.56705 ], [ -74.22347, 40.56826 ], [ -74.22864, 40.56728 ], [ -74.22788, 40.56705 ] ], [ [ -74.22281, 40.57227 ], [ -74.221604513274329, 40.573118761061956 ], [ -74.223211472947952, 40.572185073030241 ], [ -74.22281, 40.57227 ] ], [ [ -74.21655, 40.57826 ], [ -74.216684994573598, 40.577602789575941 ], [ -74.21401, 40.58258 ], [ -74.21655, 40.57826 ] ] ] } },
{ "type": "Feature", "properties": { "county_name": "Morris" }, "geometry": { "type": "Polygon", "coordinates": [ [ [ -74.55291, 40.74968 ], [ -74.55087, 40.75101 ], [ -74.55264, 40.7559 ], [ -74.55521, 40.7569 ], [ -74.55564, 40.75796 ], [ -74.72567, 40.71953 ], [ -74.7327, 40.72008 ], [ -74.73733, 40.72162 ], [ -74.7425, 40.72606 ], [ -74.7529, 40.73113 ], [ -74.77099, 40.73605 ], [ -74.79368, 40.74034 ], [ -74.79801, 40.74219 ], [ -74.80823, 40.74114 ], [ -74.81707, 40.74289 ], [ -74.8239, 40.74237 ], [ -74.84302, 40.75602 ], [ -74.84407, 40.75858 ], [ -74.88982, 40.78773 ], [ -74.88414, 40.79144 ], [ -74.8806, 40.79071 ], [ -74.87347, 40.79472 ], [ -74.86939, 40.79504 ], [ -74.86696, 40.79682 ], [ -74.86584, 40.8019 ], [ -74.86439, 40.80316 ], [ -74.86182, 40.80334 ], [ -74.8604, 40.80121 ], [ -74.85487, 40.8042 ], [ -74.85223, 40.80343 ], [ -74.85026, 40.80417 ], [ -74.84645, 40.80829 ], [ -74.84686, 40.8108 ], [ -74.84282, 40.81139 ], [ -74.83896, 40.81673 ], [ -74.83566, 40.81858 ], [ -74.8346, 40.82218 ], [ -74.82999, 40.82553 ], [ -74.83203, 40.82692 ], [ -74.83102, 40.829 ], [ -74.82722, 40.83232 ], [ -74.81843, 40.83695 ], [ -74.81978, 40.84101 ], [ -74.82383, 40.84411 ], [ -74.82222, 40.84553 ], [ -74.82166, 40.8485 ], [ -74.82083, 40.84965 ], [ -74.81412, 40.85122 ], [ -74.80995, 40.85448 ], [ -74.80924, 40.86021 ], [ -74.80744, 40.86111 ], [ -74.8037, 40.86106 ], [ -74.802, 40.86373 ], [ -74.8083, 40.86949 ], [ -74.80574, 40.8742 ], [ -74.80698, 40.87818 ], [ -74.80608, 40.88377 ], [ -74.80383, 40.88577 ], [ -74.79909, 40.88802 ], [ -74.79424, 40.88882 ], [ -74.79165, 40.89067 ], [ -74.7903, 40.89642 ], [ -74.787, 40.89862 ], [ -74.78689, 40.89979 ], [ -74.77985, 40.90332 ], [ -74.77909, 40.90635 ], [ -74.77606, 40.90534 ], [ -74.76841, 40.91189 ], [ -74.76606, 40.91273 ], [ -74.76461, 40.91198 ], [ -74.76339, 40.91329 ], [ -74.76087, 40.91219 ], [ -74.75982, 40.91365 ], [ -74.75553, 40.91365 ], [ -74.75127, 40.91583 ], [ -74.75033, 40.91818 ], [ -74.74801, 40.91982 ], [ -74.7408, 40.92024 ], [ -74.73754, 40.91892 ], [ -74.73189, 40.92083 ], [ -74.72985, 40.91916 ], [ -74.72866, 40.91638 ], [ -74.71842, 40.9124 ], [ -74.71287, 40.90767 ], [ -74.7122, 40.90451 ], [ -74.71419, 40.90115 ], [ -74.71379, 40.89995 ], [ -74.71134, 40.89918 ], [ -74.70819, 40.90111 ], [ -74.70335, 40.90179 ], [ -74.69981, 40.90603 ], [ -74.69688, 40.90742 ], [ -74.68953, 40.90732 ], [ -74.6861, 40.91 ], [ -74.6795, 40.90916 ], [ -74.66993, 40.91394 ], [ -74.66531, 40.91747 ], [ -74.65796, 40.91841 ], [ -74.65172, 40.92279 ], [ -74.65159, 40.92375 ], [ -74.65386, 40.92632 ], [ -74.65354, 40.92904 ], [ -74.65156, 40.93089 ], [ -74.64158, 40.93365 ], [ -74.63644, 40.94264 ], [ -74.6352, 40.94628 ], [ -74.63507, 40.95065 ], [ -74.63641, 40.95402 ], [ -74.64135, 40.95939 ], [ -74.64162, 40.96138 ], [ -74.63952, 40.96499 ], [ -74.63249, 40.97206 ], [ -74.63238, 40.97372 ], [ -74.60667, 40.99809 ], [ -74.50321, 41.08587 ], [ -74.50077, 41.08611 ], [ -74.49915, 41.08364 ], [ -74.49607, 41.0824 ], [ -74.49565, 41.08107 ], [ -74.49169, 41.07814 ], [ -74.48851, 41.07803 ], [ -74.48694, 41.07675 ], [ -74.48907, 41.07191 ], [ -74.48738, 41.06754 ], [ -74.48755, 41.06568 ], [ -74.49489, 41.06153 ], [ -74.49864, 41.04839 ], [ -74.50169, 41.0421 ], [ -74.50105, 41.04032 ], [ -74.50192, 41.03892 ], [ -74.50016, 41.0384 ], [ -74.4994, 41.03557 ], [ -74.49736, 41.03411 ], [ -74.49715, 41.03517 ], [ -74.4937, 41.03662 ], [ -74.49386, 41.03729 ], [ -74.49073, 41.03737 ], [ -74.48738, 41.0393 ], [ -74.485, 41.04276 ], [ -74.48198, 41.04314 ], [ -74.48131, 41.04551 ], [ -74.47588, 41.0479 ], [ -74.47013, 41.04776 ], [ -74.46131, 41.05201 ], [ -74.45641, 41.052 ], [ -74.44702, 41.05443 ], [ -74.4459, 41.05263 ], [ -74.44385, 41.0526 ], [ -74.44197, 41.0505 ], [ -74.44107, 41.04499 ], [ -74.43971, 41.04319 ], [ -74.43784, 41.04304 ], [ -74.43578, 41.04054 ], [ -74.43326, 41.03945 ], [ -74.43281, 41.03805 ], [ -74.42755, 41.0369 ], [ -74.42682, 41.03544 ], [ -74.42769, 41.03189 ], [ -74.43254, 41.02636 ], [ -74.43504, 41.02002 ], [ -74.42815, 41.02067 ], [ -74.42588, 41.02297 ], [ -74.42359, 41.02768 ], [ -74.41906, 41.02874 ], [ -74.4062, 41.02418 ], [ -74.40261, 41.01924 ], [ -74.40001, 41.01748 ], [ -74.39153, 41.016 ], [ -74.38913, 41.01219 ], [ -74.38607, 41.01181 ], [ -74.38265, 41.01388 ], [ -74.37674, 41.01386 ], [ -74.37232, 41.01143 ], [ -74.36688, 41.01191 ], [ -74.3648, 41.01112 ], [ -74.3666, 41.01079 ], [ -74.36426, 41.01094 ], [ -74.36213, 41.01383 ], [ -74.3554, 41.0139 ], [ -74.35123, 41.01063 ], [ -74.35128, 41.00691 ], [ -74.35244, 41.0057 ], [ -74.35019, 41.00397 ], [ -74.3457, 41.00492 ], [ -74.34199, 41.00693 ], [ -74.34062, 41.00579 ], [ -74.3368, 41.0076 ], [ -74.33519, 41.00672 ], [ -74.33488, 41.00381 ], [ -74.32676, 41.00091 ], [ -74.31555, 41.00237 ], [ -74.30949, 40.99841 ], [ -74.30143, 40.99925 ], [ -74.30152, 41.00209 ], [ -74.30003, 41.00312 ], [ -74.29767, 41.00125 ], [ -74.29784, 40.99662 ], [ -74.29555, 40.9947 ], [ -74.29578, 40.99101 ], [ -74.29422, 40.99048 ], [ -74.29283, 40.98795 ], [ -74.29745, 40.98358 ], [ -74.29742, 40.97962 ], [ -74.29491, 40.97887 ], [ -74.29309, 40.97985 ], [ -74.28801, 40.97916 ], [ -74.28687, 40.97987 ], [ -74.2852, 40.97879 ], [ -74.28169, 40.97996 ], [ -74.2815, 40.97613 ], [ -74.27886, 40.97547 ], [ -74.27751, 40.97355 ], [ -74.27787, 40.97214 ], [ -74.28055, 40.97232 ], [ -74.28189, 40.97127 ], [ -74.28203, 40.96917 ], [ -74.2811, 40.96619 ], [ -74.27936, 40.96521 ], [ -74.28055, 40.95777 ], [ -74.27752, 40.95507 ], [ -74.2794, 40.94344 ], [ -74.2851, 40.93138 ], [ -74.28925, 40.92879 ], [ -74.28805, 40.92625 ], [ -74.28851, 40.92498 ], [ -74.28529, 40.92308 ], [ -74.2857, 40.92141 ], [ -74.28371, 40.91989 ], [ -74.28441, 40.91742 ], [ -74.28264, 40.91688 ], [ -74.27954, 40.91828 ], [ -74.27771, 40.91684 ], [ -74.27905, 40.91612 ], [ -74.27168, 40.91542 ], [ -74.2666, 40.90931 ], [ -74.26669, 40.90773 ], [ -74.26868, 40.90747 ], [ -74.27159, 40.91003 ], [ -74.27222, 40.90866 ], [ -74.27164, 40.90761 ], [ -74.27352, 40.9065 ], [ -74.27091, 40.90319 ], [ -74.27277, 40.89971 ], [ -74.27197, 40.89732 ], [ -74.28036, 40.89789 ], [ -74.28429, 40.89482 ], [ -74.28387, 40.89798 ], [ -74.28583, 40.89754 ], [ -74.28728, 40.89847 ], [ -74.28226, 40.89967 ], [ -74.28185, 40.90081 ], [ -74.28637, 40.90104 ], [ -74.29007, 40.89939 ], [ -74.2923, 40.90062 ], [ -74.29143, 40.90212 ], [ -74.29242, 40.9058 ], [ -74.29762, 40.90572 ], [ -74.30305, 40.90433 ], [ -74.3035, 40.90539 ], [ -74.30238, 40.90639 ], [ -74.30407, 40.90686 ], [ -74.30528, 40.90548 ], [ -74.30935, 40.90454 ], [ -74.31241, 40.9054 ], [ -74.3145, 40.90379 ], [ -74.31866, 40.90324 ], [ -74.31865, 40.90759 ], [ -74.31982, 40.90813 ], [ -74.32248, 40.90673 ], [ -74.32314, 40.9072 ], [ -74.32165, 40.91141 ], [ -74.32277, 40.9089 ], [ -74.32784, 40.90773 ], [ -74.32734, 40.90702 ], [ -74.32547, 40.90758 ], [ -74.32484, 40.90624 ], [ -74.32795, 40.90535 ], [ -74.32953, 40.90865 ], [ -74.33106, 40.90821 ], [ -74.33111, 40.90651 ], [ -74.33429, 40.90546 ], [ -74.33763, 40.89879 ], [ -74.33398, 40.89667 ], [ -74.33808, 40.89601 ], [ -74.33911, 40.89411 ], [ -74.33616, 40.89358 ], [ -74.33911, 40.89186 ], [ -74.33986, 40.88891 ], [ -74.33826, 40.88767 ], [ -74.34014, 40.87957 ], [ -74.33846, 40.87965 ], [ -74.33802, 40.8784 ], [ -74.33516, 40.87737 ], [ -74.33784, 40.87501 ], [ -74.33482, 40.87369 ], [ -74.33476, 40.87274 ], [ -74.33758, 40.87231 ], [ -74.3361, 40.87036 ], [ -74.33819, 40.87004 ], [ -74.33653, 40.86884 ], [ -74.33746, 40.86778 ], [ -74.33459, 40.86788 ], [ -74.3333, 40.86913 ], [ -74.33105, 40.86696 ], [ -74.32624, 40.86608 ], [ -74.32563, 40.86503 ], [ -74.32209, 40.86404 ], [ -74.31915, 40.86611 ], [ -74.31737, 40.86494 ], [ -74.31757, 40.8635 ], [ -74.3209, 40.86176 ], [ -74.31899, 40.85965 ], [ -74.31913, 40.85844 ], [ -74.32431, 40.85818 ], [ -74.3261, 40.85627 ], [ -74.32517, 40.85448 ], [ -74.32702, 40.85266 ], [ -74.328, 40.84994 ], [ -74.332, 40.84935 ], [ -74.32985, 40.8493 ], [ -74.32845, 40.84427 ], [ -74.32551, 40.84366 ], [ -74.32742, 40.84136 ], [ -74.32928, 40.84175 ], [ -74.32985, 40.83416 ], [ -74.3288, 40.83192 ], [ -74.3299, 40.83022 ], [ -74.3329, 40.82946 ], [ -74.3349, 40.82781 ], [ -74.3322, 40.8217 ], [ -74.33499, 40.81705 ], [ -74.33744, 40.81511 ], [ -74.33842, 40.81303 ], [ -74.34058, 40.81249 ], [ -74.34371, 40.81365 ], [ -74.34853, 40.81284 ], [ -74.35086, 40.80906 ], [ -74.35072, 40.80743 ], [ -74.35645, 40.80348 ], [ -74.35985, 40.79985 ], [ -74.364, 40.79928 ], [ -74.36706, 40.79329 ], [ -74.36615, 40.79062 ], [ -74.36696, 40.78928 ], [ -74.36681, 40.78049 ], [ -74.37297, 40.77533 ], [ -74.37089, 40.7749 ], [ -74.36955, 40.77139 ], [ -74.37194, 40.7675 ], [ -74.37001, 40.76656 ], [ -74.37114, 40.76404 ], [ -74.37576, 40.76299 ], [ -74.37727, 40.76118 ], [ -74.37583, 40.76084 ], [ -74.37493, 40.7594 ], [ -74.37559, 40.75844 ], [ -74.37403, 40.75797 ], [ -74.3724, 40.75945 ], [ -74.37033, 40.75946 ], [ -74.36754, 40.76101 ], [ -74.36786, 40.75812 ], [ -74.36571, 40.75822 ], [ -74.36174, 40.75592 ], [ -74.35815, 40.7561 ], [ -74.3577, 40.755 ], [ -74.35947, 40.75122 ], [ -74.36778, 40.7484 ], [ -74.36509, 40.74681 ], [ -74.36627, 40.74389 ], [ -74.36872, 40.74279 ], [ -74.37055, 40.74407 ], [ -74.3722, 40.7434 ], [ -74.37066, 40.73607 ], [ -74.37113, 40.73458 ], [ -74.375, 40.73353 ], [ -74.37775, 40.73435 ], [ -74.37999, 40.73373 ], [ -74.37747, 40.73004 ], [ -74.38427, 40.72449 ], [ -74.38817, 40.72624 ], [ -74.38997, 40.72607 ], [ -74.39078, 40.72539 ], [ -74.39121, 40.72132 ], [ -74.39075, 40.71845 ], [ -74.39597, 40.71722 ], [ -74.40232, 40.71798 ], [ -74.40734, 40.71342 ], [ -74.40841, 40.71021 ], [ -74.4132, 40.70981 ], [ -74.41385, 40.70727 ], [ -74.41575, 40.70557 ], [ -74.41848, 40.70514 ], [ -74.42502, 40.7018 ], [ -74.42681, 40.70184 ], [ -74.43008, 40.69776 ], [ -74.43051, 40.69366 ], [ -74.43177, 40.69299 ], [ -74.43408, 40.69357 ], [ -74.43797, 40.69164 ], [ -74.43964, 40.6897 ], [ -74.44528, 40.68804 ], [ -74.44781, 40.68561 ], [ -74.4519, 40.6854 ], [ -74.453, 40.68288 ], [ -74.45156, 40.67968 ], [ -74.45418, 40.67409 ], [ -74.45976, 40.67426 ], [ -74.46214, 40.67163 ], [ -74.46966, 40.66793 ], [ -74.47377, 40.66931 ], [ -74.47641, 40.66647 ], [ -74.48481, 40.66545 ], [ -74.48413, 40.66333 ], [ -74.48538, 40.66244 ], [ -74.49072, 40.66341 ], [ -74.49193, 40.66143 ], [ -74.49402, 40.66104 ], [ -74.49544, 40.66201 ], [ -74.49893, 40.66138 ], [ -74.49868, 40.65955 ], [ -74.50107, 40.65882 ], [ -74.5037, 40.65963 ], [ -74.506, 40.65851 ], [ -74.50495, 40.65688 ], [ -74.5077, 40.65258 ], [ -74.50993, 40.65181 ], [ -74.51035, 40.65046 ], [ -74.51309, 40.64956 ], [ -74.51526, 40.65109 ], [ -74.51622, 40.65011 ], [ -74.51788, 40.65018 ], [ -74.51807, 40.64859 ], [ -74.51943, 40.64961 ], [ -74.52323, 40.64916 ], [ -74.52393, 40.64984 ], [ -74.52284, 40.65183 ], [ -74.52479, 40.65118 ], [ -74.52608, 40.65225 ], [ -74.52438, 40.65294 ], [ -74.52412, 40.65445 ], [ -74.52598, 40.65389 ], [ -74.52582, 40.65583 ], [ -74.52726, 40.65909 ], [ -74.52559, 40.66061 ], [ -74.52855, 40.66248 ], [ -74.52957, 40.66467 ], [ -74.53203, 40.66578 ], [ -74.53388, 40.6654 ], [ -74.53436, 40.66731 ], [ -74.52985, 40.66757 ], [ -74.5289, 40.66936 ], [ -74.52568, 40.67062 ], [ -74.52586, 40.67332 ], [ -74.52874, 40.68008 ], [ -74.52788, 40.68434 ], [ -74.52634, 40.68508 ], [ -74.52448, 40.68914 ], [ -74.52295, 40.68946 ], [ -74.52126, 40.68826 ], [ -74.5173, 40.68873 ], [ -74.5169, 40.69085 ], [ -74.51888, 40.69161 ], [ -74.51878, 40.69376 ], [ -74.51663, 40.69301 ], [ -74.51425, 40.69452 ], [ -74.51356, 40.6875 ], [ -74.51398, 40.69449 ], [ -74.51487, 40.69484 ], [ -74.51372, 40.69775 ], [ -74.51387, 40.70106 ], [ -74.52202, 40.70868 ], [ -74.52598, 40.70933 ], [ -74.52681, 40.71093 ], [ -74.52419, 40.71337 ], [ -74.52412, 40.71564 ], [ -74.52607, 40.71579 ], [ -74.52876, 40.71764 ], [ -74.52881, 40.71912 ], [ -74.53123, 40.71968 ], [ -74.52977, 40.72651 ], [ -74.53089, 40.72985 ], [ -74.53447, 40.73031 ], [ -74.53996, 40.73379 ], [ -74.5434, 40.73448 ], [ -74.54884, 40.73372 ], [ -74.54768, 40.73699 ], [ -74.549, 40.74094 ], [ -74.54911, 40.74704 ], [ -74.55009, 40.74733 ], [ -74.55214, 40.7484 ], [ -74.55291, 40.74968 ] ], [ [ -74.55009, 40.74733 ], [ -74.53582, 40.82377 ], [ -74.53403, 40.83312 ], [ -74.55009, 40.74733 ] ], [ [ -74.528095784423087, 40.864406389160415 ], [ -74.5291, 40.85912 ], [ -74.53403, 40.83312 ], [ -74.528095784423087, 40.864406389160415 ] ], [ [ -74.42644, 40.9592 ], [ -74.4095, 40.95861 ], [ -74.43117, 40.95937 ], [ -74.42644, 40.9592 ] ], [ [ -74.47501, 40.92714 ], [ -74.47179, 40.92695 ], [ -74.46994, 40.9274 ], [ -74.47501, 40.92714 ] ], [ [ -74.49683, 40.89742 ], [ -74.49923, 40.90127 ], [ -74.50337, 40.90782 ], [ -74.49683, 40.89742 ] ], [ [ -74.50702, 40.91055 ], [ -74.50888, 40.91194 ], [ -74.50337, 40.90782 ], [ -74.50702, 40.91055 ] ], [ [ -74.48341, 40.87091 ], [ -74.46607, 40.88489 ], [ -74.45301, 40.88026 ], [ -74.46588, 40.88505 ], [ -74.48341, 40.87091 ] ], [ [ -74.441120687930365, 40.876776417460029 ], [ -74.4497, 40.87967 ], [ -74.45301, 40.88026 ], [ -74.441120687930365, 40.876776417460029 ] ], [ [ -74.47604, 40.85303 ], [ -74.47852, 40.85033 ], [ -74.47607, 40.85296 ], [ -74.47201, 40.86241 ], [ -74.47604, 40.85303 ] ], [ [ -74.48243, 40.80353 ], [ -74.48166, 40.8015 ], [ -74.482443591341422, 40.804019288291215 ], [ -74.48243, 40.80353 ] ], [ [ -74.47797, 40.79751 ], [ -74.47924, 40.79934 ], [ -74.48166, 40.8015 ], [ -74.47797, 40.79751 ] ], [ [ -74.481399027777798, 40.796505416666683 ], [ -74.47241, 40.78899 ], [ -74.48114, 40.79635 ], [ -74.481399027777798, 40.796505416666683 ] ], [ [ -74.44988, 40.77022 ], [ -74.45073, 40.76985 ], [ -74.45384, 40.76755 ], [ -74.44988, 40.77022 ] ], [ [ -74.442044150370535, 40.77467834940466 ], [ -74.442044150370535, 40.774678349404667 ], [ -74.44772, 40.76959 ], [ -74.442044150370535, 40.77467834940466 ] ], [ [ -74.45245, 40.75309 ], [ -74.4435, 40.77163 ], [ -74.443337110200318, 40.771971068894651 ], [ -74.45245, 40.75309 ] ], [ [ -74.568315539193463, 40.910407962392384 ], [ -74.57495, 40.91197 ], [ -74.57053, 40.91056 ], [ -74.568315539193463, 40.910407962392384 ] ], [ [ -74.56705, 40.91011 ], [ -74.56707541261602, 40.91011598322352 ], [ -74.5661, 40.90812 ], [ -74.56705, 40.91011 ] ], [ [ -74.56792, 40.90429 ], [ -74.56629, 40.9033 ], [ -74.5679, 40.90431 ], [ -74.5661, 40.90812 ], [ -74.56792, 40.90429 ] ], [ [ -74.56202, 40.89775 ], [ -74.5686, 40.90066 ], [ -74.56818, 40.90033 ], [ -74.56202, 40.89775 ] ], [ [ -74.57354, 40.82655 ], [ -74.57486, 40.83099 ], [ -74.5748, 40.82999 ], [ -74.57354, 40.82655 ] ], [ [ -74.60546, 40.91697 ], [ -74.62229, 40.93956 ], [ -74.61994, 40.93125 ], [ -74.62228, 40.93954 ], [ -74.60546, 40.91697 ] ], [ [ -74.7872, 40.8506 ], [ -74.77542, 40.8451 ], [ -74.78376, 40.84918 ], [ -74.7872, 40.8506 ] ], [ [ -74.76949, 40.85431 ], [ -74.758376863142814, 40.858982568905859 ], [ -74.75865, 40.85904 ], [ -74.76949, 40.85431 ] ], [ [ -74.70245, 40.89406 ], [ -74.6945, 40.86836 ], [ -74.69006, 40.85495 ], [ -74.70245, 40.89406 ] ], [ [ -74.69094, 40.85455 ], [ -74.68777284099653, 40.846573862264464 ], [ -74.68884, 40.84993 ], [ -74.69094, 40.85455 ] ], [ [ -74.64054, 40.86845 ], [ -74.63302, 40.86299 ], [ -74.6471, 40.87341 ], [ -74.64054, 40.86845 ] ], [ [ -74.63311, 40.79983 ], [ -74.6303, 40.80174 ], [ -74.63425, 40.79954 ], [ -74.63311, 40.79983 ] ], [ [ -74.8159, 40.80642 ], [ -74.81392, 40.79968 ], [ -74.813603006663001, 40.799574559990283 ], [ -74.81463, 40.80229 ], [ -74.8159, 40.80642 ] ], [ [ -74.79038, 40.79185 ], [ -74.79792, 40.79473 ], [ -74.805881235313677, 40.797006103335008 ], [ -74.79038, 40.79185 ] ], [ [ -74.78075, 40.78677 ], [ -74.78641, 40.78477 ], [ -74.774520170140121, 40.788952151942674 ], [ -74.78075, 40.78677 ] ], [ [ -74.72548, 40.80552 ], [ -74.72376, 40.81846 ], [ -74.72393, 40.81731 ], [ -74.72548, 40.80552 ] ], [ [ -74.65988, 40.75139 ], [ -74.65674, 40.75673 ], [ -74.65865, 40.75399 ], [ -74.65988, 40.75139 ] ], [ [ -74.798235103009816, 40.777015679256344 ], [ -74.80547, 40.77307 ], [ -74.79893, 40.77656 ], [ -74.798235103009816, 40.777015679256344 ] ], [ [ -74.69003, 40.89317 ], [ -74.695660804347824, 40.895526152173915 ], [ -74.695660804347838, 40.895526152173915 ], [ -74.69003, 40.89317 ] ], [ [ -74.75211, 40.88565 ], [ -74.7517, 40.88534 ], [ -74.74733, 40.88622 ], [ -74.75211, 40.88565 ] ], [ [ -74.59401, 40.89112 ], [ -74.596375635264792, 40.900544075445147 ], [ -74.596375635264792, 40.90054407544514 ], [ -74.59401, 40.89112 ] ], [ [ -74.63688822881609, 40.916663334064737 ], [ -74.6322, 40.92359 ], [ -74.63669, 40.917 ], [ -74.64323, 40.91972 ], [ -74.63688822881609, 40.916663334064737 ] ], [ [ -74.66032, 40.89229 ], [ -74.65224, 40.89178 ], [ -74.65658, 40.89234 ], [ -74.65501, 40.90171 ], [ -74.65662, 40.89211 ], [ -74.66032, 40.89229 ] ], [ [ -74.59486, 40.90241 ], [ -74.595786838831501, 40.901268952827074 ], [ -74.59508, 40.90163 ], [ -74.59486, 40.90241 ] ], [ [ -74.5497, 40.87542 ], [ -74.54184, 40.88041 ], [ -74.55178, 40.8741 ], [ -74.5497, 40.87542 ] ], [ [ -74.54016, 40.88378 ], [ -74.53822, 40.88769 ], [ -74.54184, 40.88041 ], [ -74.54016, 40.88378 ] ], [ [ -74.5212, 40.88366 ], [ -74.525354662323139, 40.878836197350793 ], [ -74.525354671687992, 40.878836148052329 ], [ -74.52458, 40.87973 ], [ -74.5212, 40.88366 ] ], [ [ -74.51963, 40.8839 ], [ -74.52275, 40.88345 ], [ -74.5212, 40.88366 ], [ -74.51963, 40.8839 ] ], [ [ -74.493994386540635, 40.824751600645889 ], [ -74.49548, 40.82525 ], [ -74.49777, 40.82556 ], [ -74.493994386540635, 40.824751600645889 ] ], [ [ -74.58899, 40.84576 ], [ -74.58903273169949, 40.845694221990669 ], [ -74.57823, 40.85135 ], [ -74.58899, 40.84576 ] ], [ [ -74.52912, 40.91489 ], [ -74.52701, 40.91115 ], [ -74.52611, 40.91039 ], [ -74.52912, 40.91489 ] ], [ [ -74.53294, 40.91651 ], [ -74.53483, 40.91698 ], [ -74.52912, 40.91489 ], [ -74.53294, 40.91651 ] ], [ [ -74.53281, 40.91972 ], [ -74.53404, 40.91811 ], [ -74.532476849470498, 40.919844826021176 ], [ -74.53281, 40.91972 ] ], [ [ -74.44074, 40.90731 ], [ -74.43843, 40.90937 ], [ -74.441008891528497, 40.907071912274297 ], [ -74.44074, 40.90731 ] ], [ [ -74.41709, 40.89628 ], [ -74.41756, 40.89677 ], [ -74.41896, 40.8967 ], [ -74.41709, 40.89628 ] ], [ [ -74.39965, 40.89415 ], [ -74.4035, 40.8923 ], [ -74.40093, 40.89345 ], [ -74.39965, 40.89415 ] ], [ [ -74.39674, 40.80948 ], [ -74.394592155523526, 40.810598877122629 ], [ -74.39434, 40.81217 ], [ -74.3946, 40.81065 ], [ -74.39674, 40.80948 ] ], [ [ -74.39366, 40.79375 ], [ -74.38922, 40.79404 ], [ -74.43424, 40.79114 ], [ -74.39366, 40.79375 ] ], [ [ -74.4346, 40.79714 ], [ -74.43465, 40.79308 ], [ -74.43424, 40.79114 ], [ -74.4346, 40.79714 ] ], [ [ -74.39505, 40.78875 ], [ -74.39789, 40.79016 ], [ -74.39189, 40.7866 ], [ -74.39505, 40.78875 ] ], [ [ -74.39638, 40.78443 ], [ -74.396841866311931, 40.783810216162294 ], [ -74.39189, 40.7866 ], [ -74.39638, 40.78443 ] ], [ [ -74.40031, 40.77137 ], [ -74.40074, 40.77376 ], [ -74.40026, 40.77 ], [ -74.40031, 40.77137 ] ], [ [ -74.3946, 40.76707 ], [ -74.40027, 40.76604 ], [ -74.40135, 40.76561 ], [ -74.3946, 40.76707 ] ], [ [ -74.39897, 40.74451 ], [ -74.39449, 40.7365 ], [ -74.3989, 40.74458 ], [ -74.40221, 40.74128 ], [ -74.39897, 40.74451 ] ], [ [ -74.429985317132449, 40.746125667071688 ], [ -74.43078, 40.74377 ], [ -74.43002, 40.746 ], [ -74.429985317132449, 40.746125667071688 ] ], [ [ -74.41434, 40.75626 ], [ -74.40791, 40.75076 ], [ -74.40334, 40.74708 ], [ -74.41434, 40.75626 ] ], [ [ -74.40533, 40.77283 ], [ -74.405065265697772, 40.770949707648278 ], [ -74.40482, 40.77114 ], [ -74.40533, 40.77283 ] ], [ [ -74.43973, 40.86651 ], [ -74.4374, 40.87458 ], [ -74.43855, 40.87203 ], [ -74.43973, 40.86651 ] ], [ [ -74.39097, 40.91945 ], [ -74.4024, 40.91029 ], [ -74.3935, 40.91741 ], [ -74.39097, 40.91945 ] ], [ [ -74.37399, 40.89896 ], [ -74.374879268372268, 40.892645296305965 ], [ -74.37458, 40.89308 ], [ -74.37399, 40.89896 ] ], [ [ -74.37595, 40.89109 ], [ -74.37688, 40.88647 ], [ -74.37592, 40.88966 ], [ -74.37595, 40.89109 ] ], [ [ -74.35845, 40.89156 ], [ -74.36588, 40.89097 ], [ -74.37592, 40.88966 ], [ -74.35845, 40.89156 ] ], [ [ -74.37541725873713, 40.891863835848987 ], [ -74.37728, 40.89192 ], [ -74.38808, 40.88803 ], [ -74.37802, 40.89147 ], [ -74.37541725873713, 40.891863835848987 ] ], [ [ -74.34292, 40.8464 ], [ -74.34896, 40.84474 ], [ -74.35336, 40.84353 ], [ -74.34292, 40.8464 ] ], [ [ -74.37431, 40.85911 ], [ -74.38508, 40.86078 ], [ -74.38426, 40.86535 ], [ -74.38517, 40.86061 ], [ -74.37431, 40.85911 ] ], [ [ -74.38279, 40.87577 ], [ -74.3832, 40.8674 ], [ -74.382736545684736, 40.876353542941523 ], [ -74.38279, 40.87577 ] ], [ [ -74.314841626538126, 40.952052514713735 ], [ -74.32127, 40.9528 ], [ -74.3231448261797, 40.952739100773748 ], [ -74.314841626538126, 40.952052514713735 ] ], [ [ -74.37396, 40.92194 ], [ -74.374750334572482, 40.921877605165328 ], [ -74.37109, 40.92104 ], [ -74.37396, 40.92194 ] ], [ [ -74.3607, 40.91671 ], [ -74.36312, 40.91617 ], [ -74.36251, 40.9163 ], [ -74.3607, 40.91671 ] ], [ [ -74.37286, 41.00145 ], [ -74.37842, 40.99626 ], [ -74.37091, 41.00262 ], [ -74.37286, 41.00145 ] ], [ [ -74.36692, 41.01003 ], [ -74.35902, 41.00415 ], [ -74.35718, 41.00279 ], [ -74.36692, 41.01003 ] ], [ [ -74.33011, 40.99418 ], [ -74.32868, 40.99289 ], [ -74.32802, 40.99248 ], [ -74.33011, 40.99418 ] ] ] } },
{ "type": "Feature", "properties": { "county_name": "Somerset" }, "geometry": { "type": "Polygon", "coordinates": [ [ [ -74.65415, 40.39098 ], [ -74.67374, 40.38447 ], [ -74.70786, 40.37936 ], [ -74.72206, 40.37521 ], [ -74.79788, 40.51567 ], [ -74.78753, 40.51222 ], [ -74.7849, 40.50984 ], [ -74.78487, 40.50814 ], [ -74.78139, 40.505 ], [ -74.7766, 40.50328 ], [ -74.74308, 40.55326 ], [ -74.7307, 40.56358 ], [ -74.7246, 40.56618 ], [ -74.709, 40.58933 ], [ -74.71296, 40.58423 ], [ -74.72494, 40.58875 ], [ -74.71858, 40.59966 ], [ -74.72175, 40.6007 ], [ -74.7133, 40.6121 ], [ -74.71148, 40.61153 ], [ -74.70128, 40.62245 ], [ -74.7027, 40.62112 ], [ -74.7053, 40.62159 ], [ -74.70822, 40.62412 ], [ -74.71155, 40.62504 ], [ -74.71139, 40.62748 ], [ -74.71328, 40.63062 ], [ -74.71702, 40.6317 ], [ -74.7194, 40.6309 ], [ -74.72518, 40.63157 ], [ -74.72654, 40.63241 ], [ -74.72766, 40.63623 ], [ -74.72295, 40.63893 ], [ -74.72202, 40.64143 ], [ -74.72403, 40.64434 ], [ -74.72395, 40.64686 ], [ -74.71958, 40.65182 ], [ -74.72136, 40.65555 ], [ -74.72755, 40.65861 ], [ -74.73078, 40.66556 ], [ -74.72658, 40.667 ], [ -74.7227, 40.67009 ], [ -74.72208, 40.67741 ], [ -74.72037, 40.6797 ], [ -74.71846, 40.68057 ], [ -74.71774, 40.68399 ], [ -74.71955, 40.68542 ], [ -74.72125, 40.68515 ], [ -74.72394, 40.68784 ], [ -74.72116, 40.69158 ], [ -74.72073, 40.69683 ], [ -74.71663, 40.69869 ], [ -74.71585, 40.70074 ], [ -74.71803, 40.7032 ], [ -74.71655, 40.70391 ], [ -74.71699, 40.70494 ], [ -74.72004, 40.70636 ], [ -74.71952, 40.70778 ], [ -74.72108, 40.71283 ], [ -74.72025, 40.71519 ], [ -74.72567, 40.71953 ], [ -74.55564, 40.75796 ], [ -74.55521, 40.7569 ], [ -74.55264, 40.7559 ], [ -74.55087, 40.75101 ], [ -74.55291, 40.74968 ], [ -74.55214, 40.7484 ], [ -74.54911, 40.74704 ], [ -74.549, 40.74094 ], [ -74.54768, 40.73699 ], [ -74.54884, 40.73372 ], [ -74.5434, 40.73448 ], [ -74.53996, 40.73379 ], [ -74.53447, 40.73031 ], [ -74.53089, 40.72985 ], [ -74.52977, 40.72651 ], [ -74.53123, 40.71968 ], [ -74.52881, 40.71912 ], [ -74.52876, 40.71764 ], [ -74.52607, 40.71579 ], [ -74.52412, 40.71564 ], [ -74.52419, 40.71337 ], [ -74.52681, 40.71093 ], [ -74.52598, 40.70933 ], [ -74.52202, 40.70868 ], [ -74.51387, 40.70106 ], [ -74.51372, 40.69775 ], [ -74.51487, 40.69484 ], [ -74.51425, 40.69452 ], [ -74.51663, 40.69301 ], [ -74.51878, 40.69376 ], [ -74.51888, 40.69161 ], [ -74.5169, 40.69085 ], [ -74.5173, 40.68873 ], [ -74.52126, 40.68826 ], [ -74.52295, 40.68946 ], [ -74.52448, 40.68914 ], [ -74.52634, 40.68508 ], [ -74.52788, 40.68434 ], [ -74.52874, 40.68008 ], [ -74.52586, 40.67332 ], [ -74.52568, 40.67062 ], [ -74.5289, 40.66936 ], [ -74.52985, 40.66757 ], [ -74.53436, 40.66731 ], [ -74.53388, 40.6654 ], [ -74.53203, 40.66578 ], [ -74.52957, 40.66467 ], [ -74.52855, 40.66248 ], [ -74.52559, 40.66061 ], [ -74.52726, 40.65909 ], [ -74.52582, 40.65583 ], [ -74.52598, 40.65389 ], [ -74.52412, 40.65445 ], [ -74.52438, 40.65294 ], [ -74.52608, 40.65225 ], [ -74.52479, 40.65118 ], [ -74.52284, 40.65183 ], [ -74.52393, 40.64984 ], [ -74.52323, 40.64916 ], [ -74.51943, 40.64961 ], [ -74.51807, 40.64859 ], [ -74.51788, 40.65018 ], [ -74.51622, 40.65011 ], [ -74.51526, 40.65109 ], [ -74.51309, 40.64956 ], [ -74.51035, 40.65046 ], [ -74.50993, 40.65181 ], [ -74.5077, 40.65258 ], [ -74.50495, 40.65688 ], [ -74.506, 40.65851 ], [ -74.5037, 40.65963 ], [ -74.50107, 40.65882 ], [ -74.49868, 40.65955 ], [ -74.49893, 40.66138 ], [ -74.49544, 40.66201 ], [ -74.49402, 40.66104 ], [ -74.49193, 40.66143 ], [ -74.49072, 40.66341 ], [ -74.48538, 40.66244 ], [ -74.48413, 40.66333 ], [ -74.48481, 40.66545 ], [ -74.47641, 40.66647 ], [ -74.47377, 40.66931 ], [ -74.46966, 40.66793 ], [ -74.46214, 40.67163 ], [ -74.46103, 40.6735 ], [ -74.45085, 40.65415 ], [ -74.44308, 40.65765 ], [ -74.43592, 40.66346 ], [ -74.42976, 40.66497 ], [ -74.41978, 40.65772 ], [ -74.41672, 40.66125 ], [ -74.41302, 40.66213 ], [ -74.40949, 40.66559 ], [ -74.405, 40.66773 ], [ -74.40175, 40.66428 ], [ -74.40275, 40.66143 ], [ -74.40274, 40.65643 ], [ -74.40674, 40.64932 ], [ -74.4065, 40.64732 ], [ -74.40853, 40.64435 ], [ -74.40819, 40.64309 ], [ -74.41204, 40.64238 ], [ -74.41442, 40.64065 ], [ -74.41528, 40.63166 ], [ -74.4166, 40.63096 ], [ -74.41618, 40.62936 ], [ -74.41765, 40.62754 ], [ -74.42269, 40.62522 ], [ -74.42346, 40.62088 ], [ -74.42708, 40.61718 ], [ -74.43139, 40.61571 ], [ -74.43821, 40.60971 ], [ -74.44546, 40.60907 ], [ -74.44815, 40.60771 ], [ -74.45068, 40.60401 ], [ -74.454, 40.60402 ], [ -74.45564, 40.60202 ], [ -74.45738, 40.6023 ], [ -74.45988, 40.60003 ], [ -74.46627, 40.59908 ], [ -74.46614, 40.59779 ], [ -74.4672, 40.59863 ], [ -74.47008, 40.59834 ], [ -74.47651, 40.59514 ], [ -74.48322, 40.58943 ], [ -74.48884, 40.588 ], [ -74.49067, 40.58651 ], [ -74.49125, 40.58756 ], [ -74.49283, 40.58749 ], [ -74.50198, 40.58531 ], [ -74.50244, 40.58401 ], [ -74.50512, 40.58628 ], [ -74.50972, 40.58422 ], [ -74.51215, 40.58208 ], [ -74.51635, 40.58075 ], [ -74.51544, 40.57938 ], [ -74.5227, 40.57338 ], [ -74.52193, 40.57255 ], [ -74.52392, 40.56967 ], [ -74.52364, 40.56873 ], [ -74.52589, 40.56823 ], [ -74.5245, 40.56195 ], [ -74.52667, 40.56073 ], [ -74.52669, 40.55947 ], [ -74.52783, 40.55962 ], [ -74.5235, 40.55856 ], [ -74.51984, 40.55558 ], [ -74.51759, 40.55252 ], [ -74.51587, 40.54498 ], [ -74.51412, 40.54203 ], [ -74.49519, 40.52907 ], [ -74.48168, 40.51186 ], [ -74.46695, 40.5089 ], [ -74.46699, 40.50293 ], [ -74.46243, 40.50022 ], [ -74.45904, 40.49607 ], [ -74.45986, 40.49105 ], [ -74.46821, 40.48685 ], [ -74.4785, 40.48392 ], [ -74.48431, 40.48017 ], [ -74.49532, 40.46894 ], [ -74.50781, 40.46099 ], [ -74.51239, 40.45662 ], [ -74.52034, 40.45128 ], [ -74.52657, 40.44485 ], [ -74.53506, 40.4391 ], [ -74.55569, 40.42974 ], [ -74.58417, 40.41869 ], [ -74.58562, 40.41748 ], [ -74.58598, 40.41561 ], [ -74.58529, 40.41013 ], [ -74.58624, 40.40649 ], [ -74.58579, 40.4034 ], [ -74.58767, 40.39818 ], [ -74.58786, 40.39414 ], [ -74.59184, 40.39203 ], [ -74.59584, 40.38573 ], [ -74.60257, 40.38072 ], [ -74.61298, 40.37576 ], [ -74.62024, 40.37375 ], [ -74.61748, 40.3776 ], [ -74.61837, 40.38022 ], [ -74.62296241005636, 40.38479303279874 ], [ -74.65415, 40.39098 ] ], [ [ -74.53055, 40.64796 ], [ -74.52348, 40.64898 ], [ -74.521732483131828, 40.647483675147576 ], [ -74.52323, 40.64916 ], [ -74.53055, 40.64796 ] ], [ [ -74.463908831915163, 40.610098604737864 ], [ -74.46495, 40.61127 ], [ -74.45738, 40.6023 ], [ -74.463908831915163, 40.610098604737864 ] ], [ [ -74.627746128976952, 40.649074554485153 ], [ -74.62711, 40.64887 ], [ -74.62399, 40.64925 ], [ -74.627746128976952, 40.649074554485153 ] ], [ [ -74.63132, 40.64386 ], [ -74.63477, 40.64153 ], [ -74.63146, 40.64356 ], [ -74.62967, 40.64695 ], [ -74.63132, 40.64386 ] ], [ [ -74.6377, 40.64135 ], [ -74.64055, 40.63937 ], [ -74.63477, 40.64153 ], [ -74.6377, 40.64135 ] ], [ [ -74.65061, 40.6262 ], [ -74.64863, 40.62772 ], [ -74.64687, 40.62996 ], [ -74.65061, 40.6262 ] ], [ [ -74.62538, 40.5739 ], [ -74.62546, 40.56964 ], [ -74.625, 40.58045 ], [ -74.62538, 40.5739 ] ], [ [ -74.64791, 40.58604 ], [ -74.62559, 40.57401 ], [ -74.6387, 40.57417 ], [ -74.62538, 40.5739 ], [ -74.64791, 40.58604 ] ], [ [ -74.58957, 40.56118 ], [ -74.58626, 40.57053 ], [ -74.5885, 40.56438 ], [ -74.58957, 40.56118 ] ], [ [ -74.55815, 40.575 ], [ -74.57615, 40.5773 ], [ -74.576460289710283, 40.577144855144859 ], [ -74.55815, 40.575 ] ], [ [ -74.5394, 40.57142 ], [ -74.53765, 40.57454 ], [ -74.536906246418354, 40.577267096466073 ], [ -74.5394, 40.57142 ] ], [ [ -74.554, 40.57308 ], [ -74.54481, 40.57195 ], [ -74.5394, 40.57142 ], [ -74.554, 40.57308 ] ], [ [ -74.54085, 40.56389 ], [ -74.54343, 40.56766 ], [ -74.54556, 40.56994 ], [ -74.54085, 40.56389 ] ], [ [ -74.54279, 40.5552 ], [ -74.543187117117085, 40.55490644144146 ], [ -74.53556, 40.55872 ], [ -74.54279, 40.5552 ] ], [ [ -74.53427, 40.52706 ], [ -74.51777, 40.54301 ], [ -74.517835346534653, 40.543129438943893 ], [ -74.53427, 40.52706 ] ], [ [ -74.58711, 40.50232 ], [ -74.585486175853248, 40.499630541256941 ], [ -74.587054815808429, 40.502665820933771 ], [ -74.58711, 40.50232 ] ], [ [ -74.584097073125136, 40.49694266169238 ], [ -74.58354, 40.49516 ], [ -74.577, 40.48321 ], [ -74.584097073125136, 40.49694266169238 ] ], [ [ -74.59358, 40.45673 ], [ -74.5917, 40.45794 ], [ -74.58776, 40.4613 ], [ -74.59358, 40.45673 ] ], [ [ -74.59497, 40.45497 ], [ -74.59606, 40.45343 ], [ -74.59358, 40.45673 ], [ -74.59497, 40.45497 ] ], [ [ -74.63887, 40.39388 ], [ -74.62914, 40.39921 ], [ -74.62792, 40.39838 ], [ -74.63004, 40.40067 ], [ -74.62915, 40.39947 ], [ -74.63887, 40.39388 ] ], [ [ -74.669216226398504, 40.595180189437812 ], [ -74.67604, 40.59705 ], [ -74.66988, 40.59529 ], [ -74.669216226398504, 40.595180189437812 ] ], [ [ -74.642993861101615, 40.505456710913435 ], [ -74.642231412077336, 40.506106204526716 ], [ -74.64278, 40.50589 ], [ -74.642993861101615, 40.505456710913435 ] ], [ [ -74.6497, 40.50639 ], [ -74.67228, 40.50737 ], [ -74.64278, 40.50589 ], [ -74.6497, 40.50639 ] ], [ [ -74.66938, 40.54405 ], [ -74.67286, 40.50478 ], [ -74.67228, 40.50737 ], [ -74.66938, 40.54405 ] ], [ [ -74.619639427486689, 40.496674078317405 ], [ -74.6239, 40.49848 ], [ -74.62038, 40.49662 ], [ -74.619639427486689, 40.496674078317405 ] ], [ [ -74.617969145488161, 40.439081076114952 ], [ -74.61387, 40.44404 ], [ -74.617956630010823, 40.439106520804422 ], [ -74.617969145488161, 40.439081076114952 ] ], [ [ -74.61542, 40.437 ], [ -74.615748495212031, 40.436970136798905 ], [ -74.61533, 40.43527 ], [ -74.61542, 40.437 ] ], [ [ -74.63169, 40.42106 ], [ -74.62772, 40.41958 ], [ -74.63389, 40.42204 ], [ -74.63169, 40.42106 ] ], [ [ -74.6321, 40.41756 ], [ -74.632579754429599, 40.419933521914821 ], [ -74.63278, 40.41968 ], [ -74.6321, 40.41756 ] ], [ [ -74.72549, 40.50647 ], [ -74.72658, 40.50892 ], [ -74.72907, 40.51383 ], [ -74.72549, 40.50647 ] ], [ [ -74.68692, 40.5036 ], [ -74.687590488072772, 40.506395269552478 ], [ -74.6837, 40.4881 ], [ -74.68692, 40.5036 ] ], [ [ -74.70614, 40.40731 ], [ -74.709147133410994, 40.406598807231319 ], [ -74.69424, 40.40865 ], [ -74.70614, 40.40731 ] ], [ [ -74.650513986399517, 40.414741422465099 ], [ -74.6498, 40.41332 ], [ -74.6503, 40.41449 ], [ -74.650513986399517, 40.414741422465099 ] ], [ [ -74.620800088614729, 40.460520150260024 ], [ -74.63674, 40.46417 ], [ -74.63155, 40.46283 ], [ -74.620800088614729, 40.460520150260024 ] ], [ [ -74.65775, 40.47183 ], [ -74.645964550009964, 40.499438004968979 ], [ -74.65429, 40.48044 ], [ -74.65775, 40.47183 ] ], [ [ -74.66815, 40.54965 ], [ -74.66193, 40.55052 ], [ -74.66756, 40.54921 ], [ -74.65392, 40.55209 ], [ -74.66815, 40.54965 ] ], [ [ -74.64872, 40.5562 ], [ -74.648307866981199, 40.556798165284235 ], [ -74.65392, 40.55209 ], [ -74.64872, 40.5562 ] ], [ [ -74.7125, 40.51743 ], [ -74.72126, 40.518 ], [ -74.71573, 40.51734 ], [ -74.7125, 40.51743 ] ], [ [ -74.72812, 40.51946 ], [ -74.72933, 40.51699 ], [ -74.72686, 40.52066 ], [ -74.72812, 40.51946 ] ], [ [ -74.676, 40.56577 ], [ -74.67937, 40.56454 ], [ -74.67745, 40.56484 ], [ -74.676, 40.56577 ] ], [ [ -74.664598273615653, 40.62102657980455 ], [ -74.6652, 40.62061 ], [ -74.66611, 40.61838 ], [ -74.664598273615653, 40.62102657980455 ] ], [ [ -74.60429, 40.53677 ], [ -74.60472, 40.53938 ], [ -74.60518, 40.54217 ], [ -74.60429, 40.53677 ] ], [ [ -74.60472, 40.53938 ], [ -74.58693, 40.54451 ], [ -74.5689, 40.54973 ], [ -74.60472, 40.53938 ] ], [ [ -74.60151, 40.50297 ], [ -74.60066, 40.49806 ], [ -74.59966, 40.49299 ], [ -74.60151, 40.50297 ] ], [ [ -74.57824, 40.50782 ], [ -74.57715, 40.50937 ], [ -74.578517906192573, 40.50770261138657 ], [ -74.57824, 40.50782 ] ], [ [ -74.58998, 40.52583 ], [ -74.5879, 40.53028 ], [ -74.5893, 40.52798 ], [ -74.58998, 40.52583 ] ], [ [ -74.58047, 40.53676 ], [ -74.578147953868182, 40.540943521130067 ], [ -74.57859, 40.54078 ], [ -74.58047, 40.53676 ] ], [ [ -74.57677, 40.51482 ], [ -74.5782, 40.51645 ], [ -74.58001, 40.51744 ], [ -74.57677, 40.51482 ] ], [ [ -74.5683, 40.70645 ], [ -74.568096020509572, 40.706641627213585 ], [ -74.57216, 40.70675 ], [ -74.5683, 40.70645 ] ], [ [ -74.54979, 40.68514 ], [ -74.551213642436011, 40.687859317012617 ], [ -74.5512, 40.68698 ], [ -74.54979, 40.68514 ] ], [ [ -74.57704, 40.65303 ], [ -74.57443, 40.656 ], [ -74.57617, 40.65441 ], [ -74.57704, 40.65303 ] ], [ [ -74.61151, 40.6039 ], [ -74.612446170616138, 40.60424731753556 ], [ -74.60889, 40.60216 ], [ -74.61151, 40.6039 ] ], [ [ -74.60662, 40.60553 ], [ -74.60877, 40.60614 ], [ -74.608908616507051, 40.606026678475999 ], [ -74.60662, 40.60553 ] ], [ [ -74.59155, 40.62246 ], [ -74.59869, 40.62655 ], [ -74.589647300096587, 40.620821222986415 ], [ -74.59155, 40.62246 ] ], [ [ -74.44791, 40.62119 ], [ -74.45486, 40.6155 ], [ -74.446443351682859, 40.622063695073159 ], [ -74.44791, 40.62119 ] ], [ [ -74.443708830537503, 40.623692672943491 ], [ -74.43307, 40.6299 ], [ -74.432269696598681, 40.630507063855667 ], [ -74.443708830537503, 40.623692672943491 ] ], [ [ -74.52136, 40.49045 ], [ -74.5419, 40.49761 ], [ -74.513451477468465, 40.48759678650574 ], [ -74.52136, 40.49045 ] ], [ [ -74.49341198814156, 40.508569709810764 ], [ -74.49341198814156, 40.508569709810757 ], [ -74.49047, 40.50676 ], [ -74.49341198814156, 40.508569709810764 ] ], [ [ -74.50799, 40.48897 ], [ -74.49617, 40.48659 ], [ -74.493098867869563, 40.486399619867932 ], [ -74.50799, 40.48897 ] ], [ [ -74.48448, 40.49737 ], [ -74.482735741433487, 40.49904540625468 ], [ -74.48738, 40.49543 ], [ -74.48448, 40.49737 ] ] ] } },
{ "type": "Feature", "properties": { "county_name": "Sussex" }, "geometry": { "type": "Polygon", "coordinates": [ [ [ -74.72985, 40.91916 ], [ -74.73189, 40.92083 ], [ -74.73754, 40.91892 ], [ -74.7408, 40.92024 ], [ -74.74801, 40.91982 ], [ -74.75033, 40.91818 ], [ -74.75127, 40.91583 ], [ -74.75553, 40.91365 ], [ -74.75982, 40.91365 ], [ -74.76087, 40.91219 ], [ -74.76339, 40.91329 ], [ -74.76461, 40.91198 ], [ -74.76606, 40.91273 ], [ -74.76942, 40.91093 ], [ -74.96746, 41.09533 ], [ -74.96943, 41.09607 ], [ -74.97204, 41.09556 ], [ -74.98478, 41.08855 ], [ -74.99182, 41.08913 ], [ -74.99172, 41.09228 ], [ -74.98221, 41.10824 ], [ -74.97987, 41.11042 ], [ -74.97292, 41.11333 ], [ -74.96429, 41.11424 ], [ -74.94791, 41.12356 ], [ -74.94771, 41.12629 ], [ -74.94507, 41.12905 ], [ -74.93114, 41.13339 ], [ -74.92317, 41.13815 ], [ -74.90526, 41.15567 ], [ -74.8997, 41.16618 ], [ -74.88942, 41.1736 ], [ -74.88214, 41.18084 ], [ -74.87403, 41.19854 ], [ -74.85963, 41.21908 ], [ -74.85932, 41.22051 ], [ -74.86084, 41.22232 ], [ -74.86741, 41.22777 ], [ -74.86618, 41.23213 ], [ -74.86205, 41.23761 ], [ -74.86168, 41.24157 ], [ -74.85715, 41.24898 ], [ -74.85467, 41.25051 ], [ -74.84899, 41.25119 ], [ -74.84588, 41.25494 ], [ -74.84503, 41.25805 ], [ -74.84632, 41.26308 ], [ -74.84114, 41.27098 ], [ -74.83837, 41.27729 ], [ -74.83407, 41.28111 ], [ -74.83006, 41.2872 ], [ -74.82188, 41.29384 ], [ -74.81203, 41.29816 ], [ -74.80686, 41.30315 ], [ -74.79256, 41.31063 ], [ -74.79238, 41.31409 ], [ -74.79582, 41.31852 ], [ -74.79504, 41.32041 ], [ -74.7891, 41.32328 ], [ -74.77159, 41.32508 ], [ -74.7635, 41.33157 ], [ -74.76032, 41.34032 ], [ -74.75597, 41.34495 ], [ -74.75324, 41.34612 ], [ -74.73037, 41.34598 ], [ -74.72092, 41.34738 ], [ -74.70851, 41.35273 ], [ -74.7006, 41.35455 ], [ -74.69491, 41.35742 ], [ -74.60735, 41.31777 ], [ -74.47696, 41.25704 ], [ -74.42375, 41.23176 ], [ -74.36738, 41.20349 ], [ -74.42126, 41.16053 ], [ -74.50168, 41.08718 ], [ -74.60667, 40.99809 ], [ -74.63238, 40.97372 ], [ -74.63249, 40.97206 ], [ -74.63952, 40.96499 ], [ -74.64162, 40.96138 ], [ -74.64135, 40.95939 ], [ -74.63641, 40.95402 ], [ -74.63507, 40.95065 ], [ -74.6352, 40.94628 ], [ -74.63644, 40.94264 ], [ -74.64158, 40.93365 ], [ -74.65156, 40.93089 ], [ -74.65354, 40.92904 ], [ -74.65386, 40.92632 ], [ -74.65159, 40.92375 ], [ -74.65321, 40.92131 ], [ -74.65796, 40.91841 ], [ -74.66531, 40.91747 ], [ -74.66993, 40.91394 ], [ -74.6795, 40.90916 ], [ -74.68233, 40.90923 ], [ -74.69274, 40.9254 ], [ -74.68321, 40.91011 ], [ -74.6861, 40.91 ], [ -74.68953, 40.90732 ], [ -74.69688, 40.90742 ], [ -74.69981, 40.90603 ], [ -74.70335, 40.90179 ], [ -74.70819, 40.90111 ], [ -74.71134, 40.89918 ], [ -74.71379, 40.89995 ], [ -74.71419, 40.90115 ], [ -74.7122, 40.90451 ], [ -74.71287, 40.90767 ], [ -74.71842, 40.9124 ], [ -74.72866, 40.91638 ], [ -74.72985, 40.91916 ] ], [ [ -74.50532, 41.12382 ], [ -74.506056564635713, 41.124542106615472 ], [ -74.48314, 41.10439 ], [ -74.50532, 41.12382 ] ], [ [ -74.67265, 41.30715 ], [ -74.67161, 41.30743 ], [ -74.66685, 41.30872 ], [ -74.67265, 41.30715 ] ], [ [ -74.6569, 41.16009 ], [ -74.66787, 41.17214 ], [ -74.672026166172202, 41.176450705795148 ], [ -74.6569, 41.16009 ] ], [ [ -74.72071, 41.112 ], [ -74.72533, 41.10818 ], [ -74.6569, 41.16009 ], [ -74.72071, 41.112 ] ], [ [ -74.68861, 41.05596 ], [ -74.68543, 41.05203 ], [ -74.689901850934504, 41.057600248462172 ], [ -74.68861, 41.05596 ] ], [ [ -74.7306, 40.94648 ], [ -74.735108206218783, 40.952408859438989 ], [ -74.73445, 40.95117 ], [ -74.7306, 40.94648 ] ], [ [ -74.83478, 41.04656 ], [ -74.82983, 41.04904 ], [ -74.81082, 41.05993 ], [ -74.83478, 41.04656 ] ], [ [ -74.81097, 41.06108 ], [ -74.81619, 41.07329 ], [ -74.81082, 41.05993 ], [ -74.81097, 41.06108 ] ], [ [ -74.7659, 41.04486 ], [ -74.77295, 41.0215 ], [ -74.7676, 41.0392 ], [ -74.7659, 41.04486 ] ], [ [ -74.7679, 40.98965 ], [ -74.740935399503044, 40.969084118197159 ], [ -74.740935353425897, 40.969084152657459 ], [ -74.75163, 40.97738 ], [ -74.7679, 40.98965 ] ], [ [ -74.75455, 41.11136 ], [ -74.75051, 41.11421 ], [ -74.750555966017856, 41.114628801495911 ], [ -74.75455, 41.11136 ] ], [ [ -74.749456292264298, 41.115528797646846 ], [ -74.74833, 41.11602 ], [ -74.74695, 41.11758 ], [ -74.749456292264298, 41.115528797646846 ] ], [ [ -74.78479, 41.17764 ], [ -74.77491, 41.1824 ], [ -74.79185, 41.17432 ], [ -74.78479, 41.17764 ] ], [ [ -74.67865, 40.93494 ], [ -74.67467, 40.93442 ], [ -74.67436, 40.93852 ], [ -74.67476, 40.93444 ], [ -74.67865, 40.93494 ] ], [ [ -74.66056, 40.94932 ], [ -74.65914, 40.95021 ], [ -74.66351, 40.94782 ], [ -74.66056, 40.94932 ] ], [ [ -74.64729, 40.96168 ], [ -74.65148, 40.96111 ], [ -74.65538, 40.96 ], [ -74.64729, 40.96168 ] ], [ [ -74.68825, 40.95567 ], [ -74.72335, 40.97991 ], [ -74.687634719871866, 40.954943226157383 ], [ -74.68825, 40.95567 ] ], [ [ -74.68527, 40.95215 ], [ -74.686060490014668, 40.953083733171688 ], [ -74.68481, 40.95005 ], [ -74.68527, 40.95215 ] ], [ [ -74.695687598643516, 40.93243197142413 ], [ -74.68566, 40.94667 ], [ -74.6951, 40.93386 ], [ -74.695687598643516, 40.93243197142413 ] ], [ [ -74.60786, 41.21632 ], [ -74.61003, 41.21569 ], [ -74.61424, 41.21439 ], [ -74.60786, 41.21632 ] ], [ [ -74.58686, 41.18715 ], [ -74.586890070356091, 41.187670593039861 ], [ -74.59028, 41.18211 ], [ -74.58686, 41.18715 ] ], [ [ -74.601791346738239, 41.092833836801418 ], [ -74.60721, 41.09609 ], [ -74.60189, 41.09289 ], [ -74.601791346738239, 41.092833836801418 ] ], [ [ -74.623259538938399, 41.033991111972114 ], [ -74.62155, 41.02978 ], [ -74.6227, 41.03323 ], [ -74.623259538938399, 41.033991111972114 ] ], [ [ -74.63759, 41.03488 ], [ -74.63055, 41.04141 ], [ -74.62614, 41.04324 ], [ -74.62974, 41.04218 ], [ -74.63759, 41.03488 ] ], [ [ -74.624903126492626, 41.03622679939059 ], [ -74.62592, 41.03761 ], [ -74.63055, 41.04141 ], [ -74.624903126492626, 41.03622679939059 ] ], [ [ -74.57509, 41.19388 ], [ -74.57825, 41.19153 ], [ -74.5755, 41.19351 ], [ -74.57047, 41.19341 ], [ -74.57509, 41.19388 ] ], [ [ -74.511924504499092, 41.194745101333154 ], [ -74.48258, 41.20674 ], [ -74.51082, 41.19528 ], [ -74.511924504499092, 41.194745101333154 ] ], [ [ -74.48124, 41.20036 ], [ -74.4839, 41.19746 ], [ -74.47882, 41.20274 ], [ -74.48124, 41.20036 ] ], [ [ -74.45558, 41.17918 ], [ -74.4529, 41.17855 ], [ -74.45182, 41.17876 ], [ -74.45558, 41.17918 ] ], [ [ -74.43888, 41.22646 ], [ -74.43655, 41.22787 ], [ -74.440894748197891, 41.225651795223861 ], [ -74.43888, 41.22646 ] ] ] } },
{ "type": "Feature", "properties": { "county_name": "Warren" }, "geometry": { "type": "Polygon", "coordinates": [ [ [ -75.18928, 40.62149 ], [ -75.18858, 40.62463 ], [ -75.19069, 40.63589 ], [ -75.19412, 40.63997 ], [ -75.19539, 40.64308 ], [ -75.20047, 40.6469 ], [ -75.20045, 40.64922 ], [ -75.19085, 40.66194 ], [ -75.18276, 40.66597 ], [ -75.17749, 40.6726 ], [ -75.1768, 40.67571 ], [ -75.17759, 40.67773 ], [ -75.18056, 40.67936 ], [ -75.18452, 40.67997 ], [ -75.19058, 40.67938 ], [ -75.19692, 40.6813 ], [ -75.20092, 40.6855 ], [ -75.20392, 40.6915 ], [ -75.19442, 40.71402 ], [ -75.18637, 40.72027 ], [ -75.18559, 40.72637 ], [ -75.18208, 40.73152 ], [ -75.18578, 40.73727 ], [ -75.19535, 40.74547 ], [ -75.19633, 40.74714 ], [ -75.19653, 40.75163 ], [ -75.1918, 40.75583 ], [ -75.17904, 40.7619 ], [ -75.17748, 40.76423 ], [ -75.17562, 40.77292 ], [ -75.17159, 40.77775 ], [ -75.16365, 40.77839 ], [ -75.14938, 40.77479 ], [ -75.1344, 40.77376 ], [ -75.13147, 40.77595 ], [ -75.12309, 40.78675 ], [ -75.11684, 40.78935 ], [ -75.1085, 40.79109 ], [ -75.1008, 40.7998 ], [ -75.10028, 40.80758 ], [ -75.09615, 40.81221 ], [ -75.09052, 40.81591 ], [ -75.08396, 40.82442 ], [ -75.08382, 40.8278 ], [ -75.08552, 40.83008 ], [ -75.09701, 40.83934 ], [ -75.09759, 40.84304 ], [ -75.09578, 40.84708 ], [ -75.09096, 40.84919 ], [ -75.07668, 40.84987 ], [ -75.07083, 40.84739 ], [ -75.06601, 40.84759 ], [ -75.0635, 40.84946 ], [ -75.06392, 40.85542 ], [ -75.05889, 40.86039 ], [ -75.051565492658014, 40.864201125771437 ], [ -75.05103, 40.86566 ], [ -75.05084, 40.86807 ], [ -75.05366, 40.87366 ], [ -75.05866, 40.87765 ], [ -75.06544, 40.88568 ], [ -75.07534, 40.89416 ], [ -75.07609, 40.90704 ], [ -75.07928, 40.91389 ], [ -75.09553, 40.92415 ], [ -75.10552, 40.93629 ], [ -75.10615, 40.93967 ], [ -75.11168, 40.94811 ], [ -75.11776, 40.95302 ], [ -75.12069, 40.96253 ], [ -75.11958, 40.96636 ], [ -75.12023, 40.9687 ], [ -75.1226, 40.97015 ], [ -75.13136, 40.96928 ], [ -75.13378, 40.97097 ], [ -75.13553, 40.97381 ], [ -75.13552, 40.97686 ], [ -75.13211, 40.98257 ], [ -75.13162, 40.9889 ], [ -75.13057, 40.99109 ], [ -75.1272, 40.99395 ], [ -75.1106, 41.00217 ], [ -75.10911, 41.0041 ], [ -75.09263, 41.00992 ], [ -75.08422, 41.01601 ], [ -75.075, 41.01713 ], [ -75.04179, 41.0317 ], [ -75.036, 41.03622 ], [ -75.0271, 41.03953 ], [ -75.02613, 41.04195 ], [ -75.02736, 41.04454 ], [ -75.0264, 41.04644 ], [ -75.01707, 41.05677 ], [ -75.0131, 41.06649 ], [ -75.01087, 41.06766 ], [ -75.00638, 41.06755 ], [ -74.99962, 41.07394 ], [ -74.99485, 41.07656 ], [ -74.98259, 41.07917 ], [ -74.97099, 41.08529 ], [ -74.96839, 41.0878 ], [ -74.9671, 41.09434 ], [ -74.76942, 40.91093 ], [ -74.77606, 40.90534 ], [ -74.77909, 40.90635 ], [ -74.77985, 40.90332 ], [ -74.78689, 40.89979 ], [ -74.787, 40.89862 ], [ -74.7903, 40.89642 ], [ -74.79165, 40.89067 ], [ -74.79424, 40.88882 ], [ -74.79909, 40.88802 ], [ -74.80383, 40.88577 ], [ -74.80608, 40.88377 ], [ -74.80698, 40.87818 ], [ -74.80574, 40.8742 ], [ -74.8083, 40.86949 ], [ -74.802, 40.86373 ], [ -74.8037, 40.86106 ], [ -74.80744, 40.86111 ], [ -74.80924, 40.86021 ], [ -74.80995, 40.85448 ], [ -74.81412, 40.85122 ], [ -74.82083, 40.84965 ], [ -74.82222, 40.84553 ], [ -74.82383, 40.84411 ], [ -74.81978, 40.84101 ], [ -74.81843, 40.83695 ], [ -74.82722, 40.83232 ], [ -74.83102, 40.829 ], [ -74.83203, 40.82692 ], [ -74.82999, 40.82553 ], [ -74.8346, 40.82218 ], [ -74.83566, 40.81858 ], [ -74.83896, 40.81673 ], [ -74.84282, 40.81139 ], [ -74.84686, 40.8108 ], [ -74.84645, 40.80829 ], [ -74.85026, 40.80417 ], [ -74.85223, 40.80343 ], [ -74.85487, 40.8042 ], [ -74.8604, 40.80121 ], [ -74.86182, 40.80334 ], [ -74.86439, 40.80316 ], [ -74.86584, 40.8019 ], [ -74.86696, 40.79682 ], [ -74.86939, 40.79504 ], [ -74.87347, 40.79472 ], [ -74.8806, 40.79071 ], [ -74.88414, 40.79144 ], [ -74.88923, 40.78883 ], [ -74.89553, 40.78399 ], [ -74.90462, 40.78056 ], [ -74.90243, 40.77728 ], [ -74.9035, 40.7759 ], [ -74.90272, 40.77184 ], [ -74.9133, 40.76655 ], [ -74.91503, 40.7645 ], [ -74.91523, 40.76244 ], [ -74.92264, 40.75665 ], [ -74.92726, 40.75457 ], [ -74.92813, 40.75227 ], [ -74.93113, 40.75064 ], [ -74.9308, 40.74904 ], [ -74.93397, 40.74802 ], [ -74.93503, 40.74587 ], [ -74.94043, 40.74091 ], [ -74.94129, 40.73862 ], [ -74.94652, 40.73481 ], [ -74.95173, 40.72774 ], [ -74.95832, 40.72543 ], [ -74.96019, 40.72281 ], [ -74.96351, 40.72047 ], [ -74.96795, 40.71158 ], [ -74.97063, 40.70977 ], [ -74.9793, 40.71089 ], [ -74.98023, 40.71025 ], [ -74.98131, 40.706 ], [ -74.99146, 40.7029 ], [ -75.00455, 40.69285 ], [ -75.00734, 40.69309 ], [ -75.01002, 40.69515 ], [ -75.01264, 40.693 ], [ -75.01465, 40.69296 ], [ -75.01694, 40.69461 ], [ -75.0192, 40.69206 ], [ -75.02257, 40.69217 ], [ -75.02318, 40.69095 ], [ -75.03403, 40.68357 ], [ -75.03766, 40.68363 ], [ -75.03938, 40.68268 ], [ -75.04222, 40.67957 ], [ -75.04405, 40.67871 ], [ -75.04916, 40.67946 ], [ -75.05285, 40.67633 ], [ -75.0546, 40.67639 ], [ -75.0602, 40.67303 ], [ -75.06209, 40.66974 ], [ -75.06825, 40.66861 ], [ -75.06972, 40.66693 ], [ -75.07378, 40.66596 ], [ -75.07702, 40.66355 ], [ -75.07912, 40.66013 ], [ -75.082, 40.65769 ], [ -75.08942, 40.65517 ], [ -75.09578, 40.64825 ], [ -75.10552, 40.64491 ], [ -75.10939, 40.64178 ], [ -75.10836, 40.63975 ], [ -75.11417, 40.63717 ], [ -75.12748, 40.63444 ], [ -75.13044, 40.63228 ], [ -75.13633, 40.63015 ], [ -75.14531, 40.62898 ], [ -75.14758, 40.62699 ], [ -75.14782, 40.6225 ], [ -75.14967, 40.6205 ], [ -75.15442, 40.62169 ], [ -75.16231, 40.61708 ], [ -75.1615, 40.6148 ], [ -75.16306, 40.61097 ], [ -75.16574, 40.61032 ], [ -75.16904, 40.60629 ], [ -75.17209, 40.60525 ], [ -75.17369, 40.60321 ], [ -75.17489, 40.59893 ], [ -75.18089, 40.59719 ], [ -75.18099, 40.5942 ], [ -75.1837, 40.59379 ], [ -75.18549, 40.59228 ], [ -75.1875, 40.59282 ], [ -75.19037, 40.59164 ], [ -75.19229, 40.60268 ], [ -75.20135, 40.61463 ], [ -75.20181, 40.61719 ], [ -75.19789, 40.61933 ], [ -75.19069, 40.61996 ], [ -75.18928, 40.62149 ] ], [ [ -75.10323, 40.71943 ], [ -75.13836, 40.72211 ], [ -75.10322, 40.71938 ], [ -75.07912, 40.66013 ], [ -75.10323, 40.71943 ] ], [ [ -75.17628, 40.69698 ], [ -75.17273, 40.69746 ], [ -75.16748, 40.69817 ], [ -75.17628, 40.69698 ] ], [ [ -75.17222, 40.67282 ], [ -75.167850314609296, 40.67574546733784 ], [ -75.16788, 40.67573 ], [ -75.17222, 40.67282 ] ], [ [ -75.02137, 40.78431 ], [ -75.04205, 40.7683 ], [ -75.01296, 40.79079 ], [ -75.02137, 40.78431 ] ], [ [ -74.97216, 41.04366 ], [ -74.970443625784867, 41.045186963304019 ], [ -74.97573, 41.04174 ], [ -74.97216, 41.04366 ] ], [ [ -74.84748, 40.8459 ], [ -74.85271, 40.83793 ], [ -74.85057, 40.84119 ], [ -74.84748, 40.8459 ] ], [ [ -74.96355, 40.78283 ], [ -74.94807, 40.76806 ], [ -74.94167454666848, 40.76240207835415 ], [ -74.96355, 40.78283 ] ], [ [ -74.82427, 40.84909 ], [ -74.824130417997466, 40.849058446980266 ], [ -74.82912, 40.85375 ], [ -74.82427, 40.84909 ] ] ] } }
]
}
