{
"type": "FeatureCollection",
"name": "tracts",
"crs": { "type": "name", "properties": { "name": "urn:ogc:def:crs:OGC:1.3:CRS84" } },
"xy_coordinate_resolution": 1e-05,
"features": [
{ "type": "Feature", "properties": { "GEOID": "34019011400", "county_name": "Hunterdon", "need_score": 19.8, "uninsured_pct": 11.74, "under_200_fpl_pct": 23.99, "total_pop": 4887 }, "geometry": { "type": "Polygon", "coordinates": [ [ [ -74.8681, 40.51168 ], [ -74.86851, 40.51476 ], [ -74.86745, 40.51798 ], [ -74.86345, 40.51887 ], [ -74.86079, 40.51849 ], [ -74.8581, 40.51698 ], [ -74.85627, 40.51817 ], [ -74.85389, 40.51865 ], [ -74.85001, 40.49749 ], [ -74.85928, 40.50048 ], [ -74.86724, 40.50048 ], [ -74.86754, 40.50306 ], [ -74.86922, 40.50678 ], [ -74.8681, 40.51168 ] ] ] } },
{ "type": "Feature", "properties": { "GEOID": "34019011900", "county_name": "Hunterdon", "need_score": 11.7, "uninsured_pct": 1.06, "under_200_fpl_pct": 13.55, "total_pop": 4141 }, "geometry": { "type": "Polygon", "coordinates": [ [ [ -74.95426, 40.37655 ], [ -74.94792, 40.37916 ], [ -74.94761, 40.38412 ], [ -74.94658, 40.38565 ], [ -74.93274, 40.3659 ], [ -74.93063, 40.36407 ], [ -74.9317, 40.361 ], [ -74.93969, 40.35903 ], [ -74.9403, 40.35569 ], [ -74.94597, 40.35539 ], [ -74.94872, 40.36477 ], [ -74.95426, 40.37655 ] ] ] } },
{ "type": "Feature", "properties": { "GEOID": "34035053105", "county_name": "Somerset", "need_score": 11.9, "uninsured_pct": 3.16, "under_200_fpl_pct": 17.01, "total_pop": 8246 }, "geometry": { "type": "Polygon", "coordinates": [ [ [ -74.5262, 40.51012 ], [ -74.51889, 40.51586 ], [ -74.51404, 40.51757 ], [ -74.50938, 40.51807 ], [ -74.49852, 40.52841 ], [ -74.50084, 40.53165 ], [ -74.50001, 40.5326 ], [ -74.49519, 40.52907 ], [ -74.48555, 40.51591 ], [ -74.50062, 40.50184 ], [ -74.50594, 40.50084 ], [ -74.50712, 40.50101 ], [ -74.51273, 40.50445 ], [ -74.5145, 40.50702 ], [ -74.5197, 40.50649 ], [ -74.5262, 40.51012 ] ] ] } },
{ "type": "Feature", "properties": { "GEOID": "34035051700", "county_name": "Somerset", "need_score": 27.6, "uninsured_pct": 26.6, "under_200_fpl_pct": 47.71, "total_pop": 5422 }, "geometry": { "type": "Polygon", "coordinates": [ [ [ -74.43808, 40.62668 ], [ -74.43307, 40.6299 ], [ -74.42308, 40.62425 ], [ -74.42346, 40.62088 ], [ -74.42708, 40.61718 ], [ -74.42987, 40.61888 ], [ -74.43078, 40.6205 ], [ -74.4374, 40.62458 ], [ -74.43605, 40.62585 ], [ -74.43808, 40.62668 ] ] ] } },
{ "type": "Feature", "properties": { "GEOID": "34035051400", "county_name": "Somerset", "need_score": 11.8, "uninsured_pct": 3.73, "under_200_fpl_pct": 18.88, "total_pop": 4284 }, "geometry": { "type": "Polygon", "coordinates": [ [ [ -74.6076, 40.53026 ], [ -74.60048, 40.53245 ], [ -74.59598, 40.53672 ], [ -74.59186, 40.53782 ], [ -74.58957, 40.53696 ], [ -74.58752, 40.54096 ], [ -74.58693, 40.54451 ], [ -74.5689, 40.54973 ], [ -74.56783, 40.54745 ], [ -74.56838, 40.54487 ], [ -74.56781, 40.54324 ], [ -74.56648, 40.54281 ], [ -74.57135, 40.54162 ], [ -74.57613, 40.54169 ], [ -74.57859, 40.54078 ], [ -74.58047, 40.53676 ], [ -74.5879, 40.53028 ], [ -74.5893, 40.52798 ], [ -74.59762, 40.52744 ], [ -74.59843, 40.52692 ], [ -74.60925, 40.5274 ], [ -74.6076, 40.53026 ] ] ] } },
{ "type": "Feature", "properties": { "GEOID": "34035052002", "county_name": "Somerset", "need_score": 26.4, "uninsured_pct": 20.3, "under_200_fpl_pct": 33.84, "total_pop": 4251 }, "geometry": { "type": "Polygon", "coordinates": [ [ [ -74.46495, 40.61127 ], [ -74.44563, 40.62566 ], [ -74.44168, 40.62938 ], [ -74.42496, 40.63692 ], [ -74.42429, 40.63656 ], [ -74.4302, 40.63174 ], [ -74.44791, 40.62119 ], [ -74.45486, 40.6155 ], [ -74.46394, 40.61008 ], [ -74.46495, 40.61127 ] ] ] } },
{ "type": "Feature", "properties": { "GEOID": "34035053000", "county_name": "Somerset", "need_score": 16.8, "uninsured_pct": 12.52, "under_200_fpl_pct": 28.66, "total_pop": 4833 }, "geometry": { "type": "Polygon", "coordinates": [ [ [ -74.54344, 40.55478 ], [ -74.53556, 40.55872 ], [ -74.53167, 40.55945 ], [ -74.52783, 40.55962 ], [ -74.5235, 40.55856 ], [ -74.51984, 40.55558 ], [ -74.51759, 40.55252 ], [ -74.51587, 40.54498 ], [ -74.54344, 40.55478 ] ] ] } },
{ "type": "Feature", "properties": { "GEOID": "34023007905", "county_name": "Middlesex", "need_score": 7.4, "uninsured_pct": 1.2, "under_200_fpl_pct": 6.61, "total_pop": 2586 }, "geometry": { "type": "Polygon", "coordinates": [ [ [ -74.31363, 40.45062 ], [ -74.30635, 40.45859 ], [ -74.29693, 40.45435 ], [ -74.29973, 40.44672 ], [ -74.30007, 40.44028 ], [ -74.3077, 40.44034 ], [ -74.30865, 40.44237 ], [ -74.30892, 40.44555 ], [ -74.3113, 40.44904 ], [ -74.31363, 40.45062 ] ] ] } },
{ "type": "Feature", "properties": { "GEOID": "34023004100", "county_name": "Middlesex", "need_score": 24.9, "uninsured_pct": 8.26, "under_200_fpl_pct": 41.53, "total_pop": 3037 }, "geometry": { "type": "Polygon", "coordinates": [ [ [ -74.28977, 40.52399 ], [ -74.28687, 40.52718 ], [ -74.28311, 40.52877 ], [ -74.27991, 40.52909 ], [ -74.28144, 40.52212 ], [ -74.28292, 40.51964 ], [ -74.29005, 40.52265 ], [ -74.28977, 40.52399 ] ] ] } },
{ "type": "Feature", "properties": { "GEOID": "34023001414", "county_name": "Middlesex", "need_score": 6.7, "uninsured_pct": 0.38, "under_200_fpl_pct": 2.8, "total_pop": 5777 }, "geometry": { "type": "Polygon", "coordinates": [ [ [ -74.40458, 40.54979 ], [ -74.39715, 40.56085 ], [ -74.38869, 40.57363 ], [ -74.38238, 40.56274 ], [ -74.38143, 40.55983 ], [ -74.38032, 40.5524 ], [ -74.38258, 40.5522 ], [ -74.38186, 40.54968 ], [ -74.39956, 40.5483 ], [ -74.40458, 40.54979 ] ] ] } },
{ "type": "Feature", "properties": { "GEOID": "34023002302", "county_name": "Middlesex", "need_score": 7.8, "uninsured_pct": 1.33, "under_200_fpl_pct": 9.04, "total_pop": 3971 }, "geometry": { "type": "Polygon", "coordinates": [ [ [ -74.33801, 40.59791 ], [ -74.33446, 40.59799 ], [ -74.31833, 40.59956 ], [ -74.32823, 40.58538 ], [ -74.32999, 40.58588 ], [ -74.33718, 40.58578 ], [ -74.33801, 40.59791 ] ] ] } },
{ "type": "Feature", "properties": { "GEOID": "34023003101", "county_name": "Middlesex", "need_score": 11.6, "uninsured_pct": 7.28, "under_200_fpl_pct": 13.64, "total_pop": 2952 }, "geometry": { "type": "Polygon", "coordinates": [ [ [ -74.33209, 40.56628 ], [ -74.32735, 40.56994 ], [ -74.32034, 40.55934 ], [ -74.31702, 40.55269 ], [ -74.32844, 40.54631 ], [ -74.33085, 40.56578 ], [ -74.33209, 40.56628 ] ] ] } },
{ "type": "Feature", "properties": { "GEOID": "34023007600", "county_name": "Middlesex", "need_score": 10.9, "uninsured_pct": 5.47, "under_200_fpl_pct": 15.91, "total_pop": 6234 }, "geometry": { "type": "Polygon", "coordinates": [ [ [ -74.29229, 40.47596 ], [ -74.28889, 40.4801 ], [ -74.27737, 40.48525 ], [ -74.27643, 40.48401 ], [ -74.27111, 40.48641 ], [ -74.26768, 40.48043 ], [ -74.28159, 40.47412 ], [ -74.28018, 40.47228 ], [ -74.28699, 40.47014 ], [ -74.29229, 40.47596 ] ] ] } },
{ "type": "Feature", "properties": { "GEOID": "34023006605", "county_name": "Middlesex", "need_score": 10.5, "uninsured_pct": 2.26, "under_200_fpl_pct": 9.65, "total_pop": 4080 }, "geometry": { "type": "Polygon", "coordinates": [ [ [ -74.45083, 40.40526 ], [ -74.44886, 40.41061 ], [ -74.44731, 40.41051 ], [ -74.44686, 40.41163 ], [ -74.43885, 40.41634 ], [ -74.43553, 40.41752 ], [ -74.43107, 40.4202 ], [ -74.43005, 40.4216 ], [ -74.42507, 40.42332 ], [ -74.42206, 40.42406 ], [ -74.41955, 40.41918 ], [ -74.4211, 40.41759 ], [ -74.42022, 40.41582 ], [ -74.4169, 40.41688 ], [ -74.41285, 40.41726 ], [ -74.43689, 40.3922 ], [ -74.44665, 40.40669 ], [ -74.45083, 40.40526 ] ] ] } },
{ "type": "Feature", "properties": { "GEOID": "34023005700", "county_name": "Middlesex", "need_score": 29.4, "uninsured_pct": 16.9, "under_200_fpl_pct": 54.57, "total_pop": 6086 }, "geometry": { "type": "Polygon", "coordinates": [ [ [ -74.45816, 40.47718 ], [ -74.45004, 40.48503 ], [ -74.44379, 40.48121 ], [ -74.4452, 40.47997 ], [ -74.4422, 40.47779 ], [ -74.43974, 40.47836 ], [ -74.44147, 40.47662 ], [ -74.44786, 40.47615 ], [ -74.44885, 40.47721 ], [ -74.45079, 40.4779 ], [ -74.45593, 40.47683 ], [ -74.45816, 40.47718 ] ] ] } },
{ "type": "Feature", "properties": { "GEOID": "34023008207", "county_name": "Middlesex", "need_score": 22.7, "uninsured_pct": 0.37, "under_200_fpl_pct": 10.02, "total_pop": 2965 }, "geometry": { "type": "Polygon", "coordinates": [ [ [ -74.45541, 40.32495 ], [ -74.45236, 40.32491 ], [ -74.45255, 40.32833 ], [ -74.45065, 40.33188 ], [ -74.44996, 40.33557 ], [ -74.44996, 40.34227 ], [ -74.44041, 40.34308 ], [ -74.44041, 40.34021 ], [ -74.4412, 40.33855 ], [ -74.4382, 40.32651 ], [ -74.43778, 40.31985 ], [ -74.43833, 40.3178 ], [ -74.45529, 40.32141 ], [ -74.45541, 40.32495 ] ] ] } },
{ "type": "Feature", "properties": { "GEOID": "34013016800", "county_name": "Essex", "need_score": 9.6, "uninsured_pct": 4.38, "under_200_fpl_pct": 11.53, "total_pop": 4271 }, "geometry": { "type": "Polygon", "coordinates": [ [ [ -74.22361, 40.81861 ], [ -74.22442, 40.81925 ], [ -74.22281, 40.8215 ], [ -74.21145, 40.8146 ], [ -74.21299, 40.81253 ], [ -74.21165, 40.81157 ], [ -74.21402, 40.80902 ], [ -74.21526, 40.80958 ], [ -74.21588, 40.81103 ], [ -74.21832, 40.81142 ], [ -74.21795, 40.8128 ], [ -74.22138, 40.81329 ], [ -74.22273, 40.81242 ], [ -74.22285, 40.81484 ], [ -74.22479, 40.81529 ], [ -74.22361, 40.81861 ] ] ] } },
{ "type": "Feature", "properties": { "GEOID": "34013017100", "county_name": "Essex", "need_score": 20.8, "uninsured_pct": 9.56, "under_200_fpl_pct": 49.14, "total_pop": 2039 }, "geometry": { "type": "Polygon", "coordinates": [ [ [ -74.21682, 40.80595 ], [ -74.213, 40.81007 ], [ -74.20831, 40.8055 ], [ -74.21167, 40.7998 ], [ -74.21571, 40.80186 ], [ -74.21397, 40.80347 ], [ -74.21682, 40.80595 ] ] ] } },
{ "type": "Feature", "properties": { "GEOID": "34013000100", "county_name": "Essex", "need_score": 21.4, "uninsured_pct": 10.73, "under_200_fpl_pct": 31.71, "total_pop": 6075 }, "geometry": { "type": "Polygon", "coordinates": [ [ [ -74.17453, 40.78012 ], [ -74.17468, 40.78179 ], [ -74.17392, 40.78366 ], [ -74.17476, 40.78561 ], [ -74.17155, 40.78825 ], [ -74.16983, 40.78701 ], [ -74.16591, 40.78668 ], [ -74.16128, 40.78418 ], [ -74.16375, 40.7795 ], [ -74.16665, 40.78036 ], [ -74.16875, 40.77635 ], [ -74.1752, 40.7784 ], [ -74.17453, 40.78012 ] ] ] } },
{ "type": "Feature", "properties": { "GEOID": "34013001400", "county_name": "Essex", "need_score": 20.1, "uninsured_pct": 9.51, "under_200_fpl_pct": 40.92, "total_pop": 3492 }, "geometry": { "type": "Polygon", "coordinates": [ [ [ -74.20246, 40.74086 ], [ -74.19925, 40.74735 ], [ -74.19571, 40.74636 ], [ -74.19675, 40.74425 ], [ -74.19495, 40.74374 ], [ -74.19714, 40.7394 ], [ -74.20246, 40.74086 ] ] ] } },
{ "type": "Feature", "properties": { "GEOID": "34013002600", "county_name": "Essex", "need_score": 17.7, "uninsured_pct": 6.89, "under_200_fpl_pct": 42.14, "total_pop": 1813 }, "geometry": { "type": "Polygon", "coordinates": [ [ [ -74.21146, 40.73764 ], [ -74.20914, 40.74352 ], [ -74.20661, 40.74266 ], [ -74.20744, 40.74049 ], [ -74.20653, 40.74029 ], [ -74.20625, 40.73849 ], [ -74.20695, 40.73665 ], [ -74.21146, 40.73764 ] ] ] } },
{ "type": "Feature", "properties": { "GEOID": "34013004801", "county_name": "Essex", "need_score": 18.5, "uninsured_pct": 11.04, "under_200_fpl_pct": 38.64, "total_pop": 2627 }, "geometry": { "type": "Polygon", "coordinates": [ [ [ -74.2056, 40.71117 ], [ -74.20379, 40.71348 ], [ -74.19928, 40.71108 ], [ -74.1999, 40.71028 ], [ -74.19823, 40.70926 ], [ -74.20092, 40.70874 ], [ -74.20229, 40.70755 ], [ -74.20188, 40.7091 ], [ -74.2056, 40.71117 ] ] ] } },
{ "type": "Feature", "properties": { "GEOID": "34013006600", "county_name": "Essex", "need_score": 22.4, "uninsured_pct": 15.43, "under_200_fpl_pct": 34.7, "total_pop": 1923 }, "geometry": { "type": "Polygon", "coordinates": [ [ [ -74.19057, 40.72895 ], [ -74.18305, 40.72732 ], [ -74.18389, 40.72506 ], [ -74.19138, 40.727 ], [ -74.19057, 40.72895 ] ] ] } },
{ "type": "Feature", "properties": { "GEOID": "34013000400", "county_name": "Essex", "need_score": 29.0, "uninsured_pct": 19.95, "under_200_fpl_pct": 44.22, "total_pop": 2611 }, "geometry": { "type": "Polygon", "coordinates": [ [ [ -74.18453, 40.7748 ], [ -74.18061, 40.77788 ], [ -74.17972, 40.77719 ], [ -74.18329, 40.7704 ], [ -74.18617, 40.77454 ], [ -74.18453, 40.7748 ] ] ] } },
{ "type": "Feature", "properties": { "GEOID": "34013010000", "county_name": "Essex", "need_score": 10.6, "uninsured_pct": 9.32, "under_200_fpl_pct": 14.07, "total_pop": 3680 }, "geometry": { "type": "Polygon", "coordinates": [ [ [ -74.22319, 40.77511 ], [ -74.22253, 40.77689 ], [ -74.2212, 40.77805 ], [ -74.21761, 40.77713 ], [ -74.21577, 40.78168 ], [ -74.21486, 40.78683 ], [ -74.20658, 40.7837 ], [ -74.21775, 40.77267 ], [ -74.22319, 40.77511 ] ] ] } },
{ "type": "Feature", "properties": { "GEOID": "34013009900", "county_name": "Essex", "need_score": 20.0, "uninsured_pct": 7.55, "under_200_fpl_pct": 30.09, "total_pop": 2330 }, "geometry": { "type": "Polygon", "coordinates": [ [ [ -74.22253, 40.77689 ], [ -74.21853, 40.78821 ], [ -74.21486, 40.78683 ], [ -74.21577, 40.78168 ], [ -74.21761, 40.77713 ], [ -74.2212, 40.77805 ], [ -74.22253, 40.77689 ] ] ] } },
{ "type": "Feature", "properties": { "GEOID": "34013010700", "county_name": "Essex", "need_score": 16.4, "uninsured_pct": 15.36, "under_200_fpl_pct": 34.1, "total_pop": 4357 }, "geometry": { "type": "Polygon", "coordinates": [ [ [ -74.20845, 40.76004 ], [ -74.2046, 40.76649 ], [ -74.19813, 40.76331 ], [ -74.20082, 40.75774 ], [ -74.20845, 40.76004 ] ] ] } },
{ "type": "Feature", "properties": { "GEOID": "34013012600", "county_name": "Essex", "need_score": 21.0, "uninsured_pct": 12.75, "under_200_fpl_pct": 46.47, "total_pop": 3381 }, "geometry": { "type": "Polygon", "coordinates": [ [ [ -74.22738, 40.72983 ], [ -74.22458, 40.73331 ], [ -74.22119, 40.73917 ], [ -74.21532, 40.74157 ], [ -74.22352, 40.72964 ], [ -74.22517, 40.7304 ], [ -74.22738, 40.72983 ] ] ] } },
{ "type": "Feature", "properties": { "GEOID": "34013020700", "county_name": "Essex", "need_score": 9.3, "uninsured_pct": 1.58, "under_200_fpl_pct": 5.51, "total_pop": 4627 }, "geometry": { "type": "Polygon", "coordinates": [ [ [ -74.33089, 40.78649 ], [ -74.32751, 40.78955 ], [ -74.32487, 40.7952 ], [ -74.31967, 40.79516 ], [ -74.31539, 40.79588 ], [ -74.31394, 40.79193 ], [ -74.3135, 40.78629 ], [ -74.31531, 40.78218 ], [ -74.31727, 40.77953 ], [ -74.32442, 40.77424 ], [ -74.33356, 40.78566 ], [ -74.33089, 40.78649 ] ] ] } },
{ "type": "Feature", "properties": { "GEOID": "34013016200", "county_name": "Essex", "need_score": 3.1, "uninsured_pct": 0.34, "under_200_fpl_pct": 1.63, "total_pop": 3872 }, "geometry": { "type": "Polygon", "coordinates": [ [ [ -74.20369, 40.84274 ], [ -74.2003, 40.84796 ], [ -74.19782, 40.84788 ], [ -74.1956, 40.85248 ], [ -74.19425, 40.85089 ], [ -74.19234, 40.85407 ], [ -74.18266, 40.84878 ], [ -74.1891, 40.8379 ], [ -74.19229, 40.83795 ], [ -74.20441, 40.84038 ], [ -74.20369, 40.84274 ] ] ] } },
{ "type": "Feature", "properties": { "GEOID": "34013009100", "county_name": "Essex", "need_score": 22.0, "uninsured_pct": 9.16, "under_200_fpl_pct": 42.23, "total_pop": 3997 }, "geometry": { "type": "Polygon", "coordinates": [ [ [ -74.1837, 40.76086 ], [ -74.17981, 40.76538 ], [ -74.17506, 40.75835 ], [ -74.17629, 40.75595 ], [ -74.17841, 40.75386 ], [ -74.18013, 40.75434 ], [ -74.17895, 40.75674 ], [ -74.18482, 40.7585 ], [ -74.1837, 40.76086 ] ] ] } },
{ "type": "Feature", "properties": { "GEOID": "34013013400", "county_name": "Essex", "need_score": 7.2, "uninsured_pct": 1.29, "under_200_fpl_pct": 5.91, "total_pop": 3942 }, "geometry": { "type": "Polygon", "coordinates": [ [ [ -74.1696, 40.82887 ], [ -74.16267, 40.83781 ], [ -74.14815, 40.82997 ], [ -74.15148, 40.82647 ], [ -74.15625, 40.82291 ], [ -74.15865, 40.82486 ], [ -74.15933, 40.82411 ], [ -74.1696, 40.82887 ] ] ] } },
{ "type": "Feature", "properties": { "GEOID": "34013021802", "county_name": "Essex", "need_score": 9.6, "uninsured_pct": 1.56, "under_200_fpl_pct": 5.27, "total_pop": 3749 }, "geometry": { "type": "Polygon", "coordinates": [ [ [ -74.32445, 40.84878 ], [ -74.29319, 40.8698 ], [ -74.28402, 40.86596 ], [ -74.2772, 40.86147 ], [ -74.27868, 40.85937 ], [ -74.276, 40.85912 ], [ -74.27407, 40.85688 ], [ -74.27666, 40.85196 ], [ -74.28078, 40.85301 ], [ -74.28522, 40.84799 ], [ -74.28814, 40.84999 ], [ -74.29085, 40.84793 ], [ -74.28928, 40.84647 ], [ -74.29139, 40.84573 ], [ -74.29397, 40.843 ], [ -74.29109, 40.84126 ], [ -74.29324, 40.8388 ], [ -74.3017, 40.84124 ], [ -74.30357, 40.83946 ], [ -74.31394, 40.84451 ], [ -74.31648, 40.84478 ], [ -74.32445, 40.84878 ] ] ] } },
{ "type": "Feature", "properties": { "GEOID": "34027043000", "county_name": "Morris", "need_score": 8.3, "uninsured_pct": 8.64, "under_200_fpl_pct": 7.32, "total_pop": 4399 }, "geometry": { "type": "Polygon", "coordinates": [ [ [ -74.41635, 40.75957 ], [ -74.41496, 40.75872 ], [ -74.40683, 40.76445 ], [ -74.40455, 40.76729 ], [ -74.4054, 40.77069 ], [ -74.40026, 40.77 ], [ -74.40031, 40.77137 ], [ -74.39794, 40.77194 ], [ -74.39621, 40.76906 ], [ -74.39853, 40.7691 ], [ -74.40027, 40.76604 ], [ -74.40135, 40.76561 ], [ -74.39989, 40.76239 ], [ -74.39462, 40.75899 ], [ -74.39457, 40.75699 ], [ -74.3971, 40.75467 ], [ -74.39206, 40.75138 ], [ -74.3989, 40.74458 ], [ -74.40334, 40.74708 ], [ -74.41434, 40.75626 ], [ -74.4169, 40.75925 ], [ -74.41635, 40.75957 ] ] ] } },
{ "type": "Feature", "properties": { "GEOID": "34027043302", "county_name": "Morris", "need_score": 11.8, "uninsured_pct": 4.47, "under_200_fpl_pct": 16.74, "total_pop": 3782 }, "geometry": { "type": "Polygon", "coordinates": [ [ [ -74.46726, 40.78289 ], [ -74.45642, 40.7883 ], [ -74.45847, 40.7963 ], [ -74.43465, 40.79308 ], [ -74.43424, 40.79114 ], [ -74.44202, 40.7747 ], [ -74.44772, 40.76959 ], [ -74.44988, 40.77022 ], [ -74.45073, 40.76985 ], [ -74.45827, 40.77749 ], [ -74.46726, 40.78289 ] ] ] } },
{ "type": "Feature", "properties": { "GEOID": "34027042302", "county_name": "Morris", "need_score": 8.6, "uninsured_pct": 4.53, "under_200_fpl_pct": 7.3, "total_pop": 3779 }, "geometry": { "type": "Polygon", "coordinates": [ [ [ -74.49221, 40.84197 ], [ -74.47959, 40.85069 ], [ -74.47852, 40.85033 ], [ -74.47607, 40.85296 ], [ -74.46386, 40.84377 ], [ -74.4602, 40.84202 ], [ -74.46424, 40.83581 ], [ -74.46587, 40.82961 ], [ -74.47447, 40.81991 ], [ -74.47736, 40.82119 ], [ -74.47852, 40.83217 ], [ -74.48758, 40.83379 ], [ -74.49274, 40.83343 ], [ -74.49221, 40.84197 ] ] ] } },
{ "type": "Feature", "properties": { "GEOID": "34027043500", "county_name": "Morris", "need_score": 20.4, "uninsured_pct": 19.9, "under_200_fpl_pct": 39.52, "total_pop": 3669 }, "geometry": { "type": "Polygon", "coordinates": [ [ [ -74.48253, 40.80713 ], [ -74.48055, 40.81097 ], [ -74.48036, 40.81258 ], [ -74.48249, 40.81673 ], [ -74.48234, 40.81789 ], [ -74.47772, 40.8135 ], [ -74.47297, 40.80624 ], [ -74.46598, 40.80174 ], [ -74.47056, 40.80188 ], [ -74.47293, 40.79976 ], [ -74.47924, 40.79934 ], [ -74.48166, 40.8015 ], [ -74.48259, 40.80449 ], [ -74.48253, 40.80713 ] ] ] } },
{ "type": "Feature", "properties": { "GEOID": "34041031102", "county_name": "Warren", "need_score": 10.0, "uninsured_pct": 3.03, "under_200_fpl_pct": 11.99, "total_pop": 3456 }, "geometry": { "type": "Polygon", "coordinates": [ [ [ -74.97216, 41.04366 ], [ -74.95893, 41.05543 ], [ -74.95261, 41.06277 ], [ -74.94004, 41.06983 ], [ -74.82269, 40.96014 ], [ -74.88085, 40.93792 ], [ -74.92827, 40.90652 ], [ -74.94807, 40.96235 ], [ -74.94644, 40.96409 ], [ -74.94594, 40.96624 ], [ -74.94129, 40.97091 ], [ -74.93923, 40.97488 ], [ -74.93749, 40.97544 ], [ -74.95764, 40.99754 ], [ -74.95928, 40.99694 ], [ -74.97573, 41.04174 ], [ -74.97216, 41.04366 ] ] ] } },
{ "type": "Feature", "properties": { "GEOID": "34041032000", "county_name": "Warren", "need_score": 13.1, "uninsured_pct": 3.79, "under_200_fpl_pct": 28.39, "total_pop": 7287 }, "geometry": { "type": "Polygon", "coordinates": [ [ [ -74.99962, 40.76016 ], [ -74.9915, 40.76713 ], [ -74.96834, 40.76869 ], [ -74.96188, 40.75914 ], [ -74.99348, 40.74451 ], [ -74.99962, 40.76016 ] ] ] } },
{ "type": "Feature", "properties": { "GEOID": "34041030800", "county_name": "Warren", "need_score": 14.4, "uninsured_pct": 2.14, "under_200_fpl_pct": 31.6, "total_pop": 3046 }, "geometry": { "type": "Polygon", "coordinates": [ [ [ -75.18489, 40.68743 ], [ -75.1813, 40.68842 ], [ -75.17651, 40.69141 ], [ -75.17445, 40.69597 ], [ -75.17273, 40.69746 ], [ -75.16748, 40.69817 ], [ -75.16025, 40.68762 ], [ -75.16258, 40.68447 ], [ -75.16271, 40.68163 ], [ -75.16201, 40.67998 ], [ -75.16289, 40.67833 ], [ -75.16788, 40.67573 ], [ -75.17829, 40.68364 ], [ -75.18986, 40.68718 ], [ -75.18489, 40.68743 ] ] ] } },
{ "type": "Feature", "properties": { "GEOID": "34037374700", "county_name": "Sussex", "need_score": 8.6, "uninsured_pct": 4.8, "under_200_fpl_pct": 10.35, "total_pop": 3914 }, "geometry": { "type": "Polygon", "coordinates": [ [ [ -74.66402, 40.93554 ], [ -74.6602, 40.93999 ], [ -74.66249, 40.94076 ], [ -74.6599, 40.94331 ], [ -74.65905, 40.94523 ], [ -74.65979, 40.94797 ], [ -74.659, 40.94926 ], [ -74.66056, 40.94932 ], [ -74.65914, 40.95021 ], [ -74.65799, 40.95455 ], [ -74.65616, 40.95647 ], [ -74.65896, 40.95605 ], [ -74.66118, 40.95493 ], [ -74.65811, 40.95818 ], [ -74.65538, 40.96 ], [ -74.64729, 40.96168 ], [ -74.64162, 40.96138 ], [ -74.64135, 40.95939 ], [ -74.63641, 40.95402 ], [ -74.63507, 40.95065 ], [ -74.6352, 40.94628 ], [ -74.63644, 40.94264 ], [ -74.64158, 40.93365 ], [ -74.65156, 40.93089 ], [ -74.65354, 40.92904 ], [ -74.6623, 40.93345 ], [ -74.66153, 40.93428 ], [ -74.66402, 40.93554 ] ] ] } },
{ "type": "Feature", "properties": { "GEOID": "34037373300", "county_name": "Sussex", "need_score": 5.5, "uninsured_pct": 2.75, "under_200_fpl_pct": 2.2, "total_pop": 3412 }, "geometry": { "type": "Polygon", "coordinates": [ [ [ -74.65408, 41.00476 ], [ -74.64866, 41.01353 ], [ -74.6408, 41.01907 ], [ -74.63741, 41.02265 ], [ -74.63684, 41.02462 ], [ -74.63123, 41.02535 ], [ -74.63239, 41.02896 ], [ -74.638, 41.03182 ], [ -74.63759, 41.03488 ], [ -74.63055, 41.04141 ], [ -74.62373, 41.03515 ], [ -74.62155, 41.02978 ], [ -74.62122, 41.0246 ], [ -74.61857, 41.01619 ], [ -74.6154, 41.0114 ], [ -74.6115, 41.00198 ], [ -74.61006, 40.99984 ], [ -74.60667, 40.99809 ], [ -74.61451, 40.99065 ], [ -74.65535, 41.00094 ], [ -74.65408, 41.00476 ] ] ] } },
{ "type": "Feature", "properties": { "GEOID": "34035053603", "county_name": "Somerset", "need_score": 7.1, "uninsured_pct": 2.0, "under_200_fpl_pct": 8.11, "total_pop": 4806 }, "geometry": { "type": "Polygon", "coordinates": [ [ [ -74.72254, 40.56948 ], [ -74.709, 40.58933 ], [ -74.70196, 40.59046 ], [ -74.69725, 40.59429 ], [ -74.69438, 40.59452 ], [ -74.69601, 40.59651 ], [ -74.69182, 40.60157 ], [ -74.68991, 40.60223 ], [ -74.67604, 40.59705 ], [ -74.6758, 40.59593 ], [ -74.67891, 40.59078 ], [ -74.68139, 40.5887 ], [ -74.6835, 40.58555 ], [ -74.68372, 40.58358 ], [ -74.68156, 40.58002 ], [ -74.67987, 40.572 ], [ -74.67626, 40.56718 ], [ -74.676, 40.56577 ], [ -74.67937, 40.56454 ], [ -74.68124, 40.56291 ], [ -74.6865, 40.56016 ], [ -74.6878, 40.55667 ], [ -74.68893, 40.55667 ], [ -74.72254, 40.56948 ] ] ] } },
{ "type": "Feature", "properties": { "GEOID": "34023009400", "county_name": "Middlesex", "need_score": 15.7, "uninsured_pct": 4.88, "under_200_fpl_pct": 31.4, "total_pop": 6574 }, "geometry": { "type": "Polygon", "coordinates": [ [ [ -74.43239, 40.46231 ], [ -74.42979, 40.465 ], [ -74.42653, 40.46653 ], [ -74.42606, 40.46438 ], [ -74.42017, 40.46407 ], [ -74.4155, 40.46236 ], [ -74.40915, 40.4725 ], [ -74.40799, 40.46856 ], [ -74.40345, 40.46276 ], [ -74.39562, 40.45917 ], [ -74.39352, 40.45537 ], [ -74.39527, 40.44881 ], [ -74.39447, 40.44591 ], [ -74.39263, 40.44365 ], [ -74.39534, 40.44409 ], [ -74.40937, 40.44352 ], [ -74.42045, 40.4452 ], [ -74.42388, 40.44648 ], [ -74.42513, 40.45851 ], [ -74.43258, 40.46001 ], [ -74.43239, 40.46231 ] ] ] } },
{ "type": "Feature", "properties": { "GEOID": "34027045503", "county_name": "Morris", "need_score": 7.1, "uninsured_pct": 1.52, "under_200_fpl_pct": 5.87, "total_pop": 3358 }, "geometry": { "type": "Polygon", "coordinates": [ [ [ -74.68884, 40.84993 ], [ -74.6471, 40.87341 ], [ -74.64054, 40.86845 ], [ -74.6456, 40.86347 ], [ -74.65225, 40.85952 ], [ -74.65018, 40.85676 ], [ -74.6436, 40.85307 ], [ -74.64851, 40.84998 ], [ -74.65398, 40.84859 ], [ -74.66265, 40.84933 ], [ -74.67349, 40.84687 ], [ -74.68335, 40.84656 ], [ -74.68746, 40.84559 ], [ -74.68884, 40.84993 ] ] ] } },
{ "type": "Feature", "properties": { "GEOID": "34023007914", "county_name": "Middlesex", "need_score": 10.1, "uninsured_pct": 0.56, "under_200_fpl_pct": 16.01, "total_pop": 3191 }, "geometry": { "type": "Polygon", "coordinates": [ [ [ -74.29951, 40.38833 ], [ -74.29797, 40.39454 ], [ -74.29761, 40.39429 ], [ -74.29796, 40.39795 ], [ -74.29593, 40.40317 ], [ -74.29039, 40.40421 ], [ -74.28755, 40.40199 ], [ -74.28605, 40.39985 ], [ -74.28474, 40.39659 ], [ -74.28441, 40.3935 ], [ -74.28109, 40.39367 ], [ -74.28186, 40.38472 ], [ -74.28518, 40.38297 ], [ -74.29249, 40.3811 ], [ -74.29294, 40.37996 ], [ -74.29716, 40.3833 ], [ -74.30472, 40.38533 ], [ -74.29951, 40.38833 ] ] ] } },
{ "type": "Feature", "properties": { "GEOID": "34023007704", "county_name": "Middlesex", "need_score": 12.1, "uninsured_pct": 3.43, "under_200_fpl_pct": 19.65, "total_pop": 2651 }, "geometry": { "type": "Polygon", "coordinates": [ [ [ -74.36128, 40.40486 ], [ -74.35652, 40.40527 ], [ -74.34329, 40.39435 ], [ -74.35437, 40.38609 ], [ -74.35442, 40.38518 ], [ -74.35812, 40.38507 ], [ -74.36128, 40.40486 ] ] ] } },
{ "type": "Feature", "properties": { "GEOID": "34023004000", "county_name": "Middlesex", "need_score": 26.6, "uninsured_pct": 11.17, "under_200_fpl_pct": 22.42, "total_pop": 4956 }, "geometry": { "type": "Polygon", "coordinates": [ [ [ -74.29087, 40.53023 ], [ -74.28974, 40.53385 ], [ -74.28985, 40.53586 ], [ -74.28515, 40.53848 ], [ -74.28205, 40.53868 ], [ -74.27102, 40.54253 ], [ -74.26757, 40.53211 ], [ -74.27235, 40.53255 ], [ -74.27494, 40.5282 ], [ -74.27991, 40.52909 ], [ -74.28311, 40.52877 ], [ -74.28687, 40.52718 ], [ -74.28977, 40.52399 ], [ -74.29009, 40.52867 ], [ -74.29087, 40.53023 ] ] ] } },
{ "type": "Feature", "properties": { "GEOID": "34023004900", "county_name": "Middlesex", "need_score": 35.9, "uninsured_pct": 18.48, "under_200_fpl_pct": 41.62, "total_pop": 5134 }, "geometry": { "type": "Polygon", "coordinates": [ [ [ -74.27418, 40.50856 ], [ -74.27254, 40.51186 ], [ -74.26037, 40.50846 ], [ -74.2623, 40.50354 ], [ -74.2741, 40.50689 ], [ -74.27339, 40.50834 ], [ -74.27418, 40.50856 ] ] ] } },
{ "type": "Feature", "properties": { "GEOID": "34023000501", "county_name": "Middlesex", "need_score": 12.9, "uninsured_pct": 7.81, "under_200_fpl_pct": 24.17, "total_pop": 5021 }, "geometry": { "type": "Polygon", "coordinates": [ [ [ -74.45513, 40.59595 ], [ -74.43707, 40.59747 ], [ -74.44093, 40.59408 ], [ -74.4392, 40.58146 ], [ -74.45402, 40.5778 ], [ -74.45698, 40.58525 ], [ -74.45235, 40.58927 ], [ -74.45777, 40.59423 ], [ -74.45513, 40.59595 ] ] ] } },
{ "type": "Feature", "properties": { "GEOID": "34023000801", "county_name": "Middlesex", "need_score": 6.7, "uninsured_pct": 2.07, "under_200_fpl_pct": 4.34, "total_pop": 3762 }, "geometry": { "type": "Polygon", "coordinates": [ [ [ -74.44093, 40.59408 ], [ -74.43707, 40.59747 ], [ -74.42095, 40.59881 ], [ -74.42001, 40.59137 ], [ -74.43339, 40.59207 ], [ -74.43195, 40.5834 ], [ -74.43023, 40.58161 ], [ -74.43355, 40.58204 ], [ -74.44008, 40.58096 ], [ -74.4392, 40.58146 ], [ -74.44093, 40.59408 ] ] ] } },
{ "type": "Feature", "properties": { "GEOID": "34023000901", "county_name": "Middlesex", "need_score": 10.6, "uninsured_pct": 7.78, "under_200_fpl_pct": 8.51, "total_pop": 2468 }, "geometry": { "type": "Polygon", "coordinates": [ [ [ -74.42095, 40.59881 ], [ -74.40734, 40.59994 ], [ -74.4104, 40.59675 ], [ -74.40905, 40.58804 ], [ -74.41175, 40.58321 ], [ -74.41399, 40.5827 ], [ -74.41496, 40.58378 ], [ -74.41889, 40.58576 ], [ -74.42095, 40.59881 ] ] ] } },
{ "type": "Feature", "properties": { "GEOID": "34023002703", "county_name": "Middlesex", "need_score": 12.7, "uninsured_pct": 5.51, "under_200_fpl_pct": 13.8, "total_pop": 7117 }, "geometry": { "type": "Polygon", "coordinates": [ [ [ -74.29271, 40.57153 ], [ -74.27796, 40.58798 ], [ -74.27707, 40.58582 ], [ -74.27726, 40.58052 ], [ -74.27632, 40.58156 ], [ -74.27511, 40.58094 ], [ -74.26998, 40.5817 ], [ -74.26866, 40.58652 ], [ -74.26674, 40.58663 ], [ -74.27115, 40.57173 ], [ -74.27649, 40.57253 ], [ -74.28075, 40.5723 ], [ -74.28377, 40.5714 ], [ -74.28882, 40.5675 ], [ -74.29271, 40.57153 ] ] ] } },
{ "type": "Feature", "properties": { "GEOID": "34023002402", "county_name": "Middlesex", "need_score": 9.0, "uninsured_pct": 4.54, "under_200_fpl_pct": 1.0, "total_pop": 1367 }, "geometry": { "type": "Polygon", "coordinates": [ [ [ -74.32823, 40.58538 ], [ -74.32309, 40.59259 ], [ -74.31439, 40.59292 ], [ -74.31426, 40.59063 ], [ -74.30739, 40.58947 ], [ -74.30498, 40.59127 ], [ -74.29783, 40.59131 ], [ -74.29566, 40.59315 ], [ -74.29223, 40.59282 ], [ -74.31179, 40.57933 ], [ -74.31468, 40.58032 ], [ -74.32515, 40.58007 ], [ -74.32579, 40.58181 ], [ -74.32555, 40.58486 ], [ -74.32823, 40.58538 ] ] ] } },
{ "type": "Feature", "properties": { "GEOID": "34023000608", "county_name": "Middlesex", "need_score": 15.7, "uninsured_pct": 5.19, "under_200_fpl_pct": 16.73, "total_pop": 1733 }, "geometry": { "type": "Polygon", "coordinates": [ [ [ -74.46871, 40.53199 ], [ -74.45286, 40.53554 ], [ -74.45218, 40.53428 ], [ -74.45701, 40.52764 ], [ -74.4657, 40.52866 ], [ -74.46727, 40.52961 ], [ -74.46871, 40.53199 ] ] ] } },
{ "type": "Feature", "properties": { "GEOID": "34023007303", "county_name": "Middlesex", "need_score": 10.4, "uninsured_pct": 3.19, "under_200_fpl_pct": 15.89, "total_pop": 1976 }, "geometry": { "type": "Polygon", "coordinates": [ [ [ -74.30652, 40.45867 ], [ -74.3012, 40.46605 ], [ -74.29973, 40.47152 ], [ -74.29809, 40.47341 ], [ -74.29612, 40.47115 ], [ -74.29761, 40.46856 ], [ -74.29569, 40.46383 ], [ -74.2956, 40.45853 ], [ -74.29693, 40.45435 ], [ -74.30652, 40.45867 ] ] ] } },
{ "type": "Feature", "properties": { "GEOID": "34023006604", "county_name": "Middlesex", "need_score": 12.6, "uninsured_pct": 0.53, "under_200_fpl_pct": 11.93, "total_pop": 6797 }, "geometry": { "type": "Polygon", "coordinates": [ [ [ -74.44409, 40.38496 ], [ -74.44095, 40.38712 ], [ -74.43689, 40.3922 ], [ -74.41285, 40.41726 ], [ -74.41115, 40.41742 ], [ -74.41054, 40.41437 ], [ -74.40692, 40.41017 ], [ -74.40287, 40.40248 ], [ -74.40939, 40.40084 ], [ -74.40569, 40.39597 ], [ -74.40131, 40.3931 ], [ -74.39889, 40.39232 ], [ -74.4123, 40.38725 ], [ -74.41336, 40.38738 ], [ -74.41229, 40.38547 ], [ -74.42005, 40.38362 ], [ -74.42388, 40.38654 ], [ -74.43868, 40.37125 ], [ -74.45186, 40.37756 ], [ -74.44409, 40.38496 ] ] ] } },
{ "type": "Feature", "properties": { "GEOID": "34023001411", "county_name": "Middlesex", "need_score": 7.8, "uninsured_pct": 4.58, "under_200_fpl_pct": 1.29, "total_pop": 3559 }, "geometry": { "type": "Polygon", "coordinates": [ [ [ -74.36659, 40.59679 ], [ -74.35621, 40.60428 ], [ -74.33847, 40.60574 ], [ -74.33718, 40.58578 ], [ -74.34469, 40.58534 ], [ -74.34502, 40.58918 ], [ -74.34382, 40.58923 ], [ -74.34441, 40.59763 ], [ -74.36659, 40.59679 ] ] ] } },
{ "type": "Feature", "properties": { "GEOID": "34023001902", "county_name": "Middlesex", "need_score": 9.9, "uninsured_pct": 1.84, "under_200_fpl_pct": 16.43, "total_pop": 2233 }, "geometry": { "type": "Polygon", "coordinates": [ [ [ -74.33347, 40.53057 ], [ -74.32198, 40.53726 ], [ -74.31607, 40.52898 ], [ -74.31779, 40.52694 ], [ -74.33347, 40.53057 ] ] ] } },
{ "type": "Feature", "properties": { "GEOID": "34023001300", "county_name": "Middlesex", "need_score": 10.4, "uninsured_pct": 4.05, "under_200_fpl_pct": 11.58, "total_pop": 4025 }, "geometry": { "type": "Polygon", "coordinates": [ [ [ -74.43686, 40.49762 ], [ -74.42993, 40.49849 ], [ -74.42427, 40.50048 ], [ -74.42042, 40.49323 ], [ -74.4198, 40.4934 ], [ -74.41807, 40.49138 ], [ -74.42093, 40.48891 ], [ -74.42388, 40.48815 ], [ -74.42838, 40.48805 ], [ -74.43206, 40.48917 ], [ -74.43437, 40.49079 ], [ -74.43686, 40.49762 ] ] ] } },
{ "type": "Feature", "properties": { "GEOID": "34023002101", "county_name": "Middlesex", "need_score": 4.9, "uninsured_pct": 0.0, "under_200_fpl_pct": 6.63, "total_pop": 2264 }, "geometry": { "type": "Polygon", "coordinates": [ [ [ -74.36715, 40.55354 ], [ -74.35683, 40.55443 ], [ -74.35678, 40.55328 ], [ -74.35214, 40.54393 ], [ -74.36087, 40.54069 ], [ -74.36685, 40.55006 ], [ -74.36715, 40.55354 ] ] ] } },
{ "type": "Feature", "properties": { "GEOID": "34023005200", "county_name": "Middlesex", "need_score": 39.9, "uninsured_pct": 28.87, "under_200_fpl_pct": 78.09, "total_pop": 5726 }, "geometry": { "type": "Polygon", "coordinates": [ [ [ -74.46079, 40.49863 ], [ -74.45798, 40.49854 ], [ -74.45651, 40.50079 ], [ -74.44783, 40.49739 ], [ -74.45986, 40.49105 ], [ -74.45904, 40.49607 ], [ -74.46079, 40.49863 ] ] ] } },
{ "type": "Feature", "properties": { "GEOID": "34023005800", "county_name": "Middlesex", "need_score": 36.0, "uninsured_pct": 29.73, "under_200_fpl_pct": 55.97, "total_pop": 5193 }, "geometry": { "type": "Polygon", "coordinates": [ [ [ -74.45004, 40.48503 ], [ -74.44531, 40.48956 ], [ -74.43901, 40.48573 ], [ -74.44025, 40.4846 ], [ -74.43868, 40.48363 ], [ -74.44223, 40.48026 ], [ -74.45004, 40.48503 ] ] ] } },
{ "type": "Feature", "properties": { "GEOID": "34013017200", "county_name": "Essex", "need_score": 12.1, "uninsured_pct": 1.34, "under_200_fpl_pct": 22.15, "total_pop": 3363 }, "geometry": { "type": "Polygon", "coordinates": [ [ [ -74.22817, 40.79572 ], [ -74.22588, 40.80008 ], [ -74.21901, 40.79796 ], [ -74.21879, 40.80041 ], [ -74.21727, 40.79957 ], [ -74.21521, 40.80152 ], [ -74.21167, 40.7998 ], [ -74.21853, 40.78821 ], [ -74.22817, 40.79572 ] ] ] } },
{ "type": "Feature", "properties": { "GEOID": "34013000200", "county_name": "Essex", "need_score": 32.0, "uninsured_pct": 23.47, "under_200_fpl_pct": 54.64, "total_pop": 3741 }, "geometry": { "type": "Polygon", "coordinates": [ [ [ -74.18195, 40.76848 ], [ -74.17659, 40.7788 ], [ -74.17221, 40.77746 ], [ -74.17141, 40.77511 ], [ -74.17794, 40.76263 ], [ -74.18195, 40.76848 ] ] ] } },
{ "type": "Feature", "properties": { "GEOID": "34013000800", "county_name": "Essex", "need_score": 31.3, "uninsured_pct": 27.79, "under_200_fpl_pct": 45.29, "total_pop": 5089 }, "geometry": { "type": "Polygon", "coordinates": [ [ [ -74.19023, 40.75749 ], [ -74.18781, 40.76201 ], [ -74.18654, 40.76164 ], [ -74.18418, 40.76618 ], [ -74.18002, 40.76508 ], [ -74.1852, 40.75863 ], [ -74.18542, 40.75605 ], [ -74.19023, 40.75749 ] ] ] } },
{ "type": "Feature", "properties": { "GEOID": "34013001500", "county_name": "Essex", "need_score": 29.8, "uninsured_pct": 5.25, "under_200_fpl_pct": 81.52, "total_pop": 2059 }, "geometry": { "type": "Polygon", "coordinates": [ [ [ -74.19465, 40.74849 ], [ -74.19233, 40.74789 ], [ -74.19139, 40.74927 ], [ -74.18823, 40.74805 ], [ -74.19123, 40.74261 ], [ -74.19392, 40.74344 ], [ -74.19284, 40.74554 ], [ -74.19571, 40.74636 ], [ -74.19465, 40.74849 ] ] ] } },
{ "type": "Feature", "properties": { "GEOID": "34013002500", "county_name": "Essex", "need_score": 24.8, "uninsured_pct": 18.14, "under_200_fpl_pct": 41.84, "total_pop": 5569 }, "geometry": { "type": "Polygon", "coordinates": [ [ [ -74.22576, 40.74077 ], [ -74.22232, 40.74515 ], [ -74.22172, 40.74508 ], [ -74.22014, 40.7488 ], [ -74.21669, 40.74894 ], [ -74.21837, 40.74611 ], [ -74.21787, 40.74507 ], [ -74.22008, 40.73955 ], [ -74.22576, 40.74077 ] ] ] } },
{ "type": "Feature", "properties": { "GEOID": "34013003500", "county_name": "Essex", "need_score": 32.8, "uninsured_pct": 13.73, "under_200_fpl_pct": 73.65, "total_pop": 3548 }, "geometry": { "type": "Polygon", "coordinates": [ [ [ -74.21505, 40.72949 ], [ -74.21146, 40.73764 ], [ -74.20874, 40.73705 ], [ -74.21087, 40.73157 ], [ -74.20822, 40.73078 ], [ -74.21505, 40.72949 ] ] ] } },
{ "type": "Feature", "properties": { "GEOID": "34013004900", "county_name": "Essex", "need_score": 33.4, "uninsured_pct": 17.47, "under_200_fpl_pct": 68.79, "total_pop": 3932 }, "geometry": { "type": "Polygon", "coordinates": [ [ [ -74.21246, 40.70939 ], [ -74.20979, 40.71302 ], [ -74.20188, 40.7091 ], [ -74.20229, 40.70755 ], [ -74.20588, 40.70568 ], [ -74.21246, 40.70939 ] ] ] } },
{ "type": "Feature", "properties": { "GEOID": "34013005400", "county_name": "Essex", "need_score": 34.1, "uninsured_pct": 6.49, "under_200_fpl_pct": 82.93, "total_pop": 4208 }, "geometry": { "type": "Polygon", "coordinates": [ [ [ -74.20852, 40.71927 ], [ -74.20605, 40.71868 ], [ -74.20479, 40.72243 ], [ -74.20217, 40.72187 ], [ -74.20063, 40.72558 ], [ -74.19864, 40.72516 ], [ -74.2025, 40.7159 ], [ -74.20911, 40.71791 ], [ -74.20852, 40.71927 ] ] ] } },
{ "type": "Feature", "properties": { "GEOID": "34013006800", "county_name": "Essex", "need_score": 35.6, "uninsured_pct": 39.39, "under_200_fpl_pct": 33.49, "total_pop": 6411 }, "geometry": { "type": "Polygon", "coordinates": [ [ [ -74.18583, 40.71269 ], [ -74.18397, 40.7154 ], [ -74.17323, 40.72545 ], [ -74.16567, 40.72252 ], [ -74.16712, 40.71974 ], [ -74.16429, 40.71876 ], [ -74.16562, 40.7165 ], [ -74.18194, 40.71434 ], [ -74.18583, 40.71269 ] ] ] } },
{ "type": "Feature", "properties": { "GEOID": "34013007800", "county_name": "Essex", "need_score": 45.8, "uninsured_pct": 56.61, "under_200_fpl_pct": 43.89, "total_pop": 3835 }, "geometry": { "type": "Polygon", "coordinates": [ [ [ -74.17159, 40.72745 ], [ -74.16945, 40.72958 ], [ -74.16317, 40.72774 ], [ -74.16463, 40.72464 ], [ -74.17159, 40.72745 ] ] ] } },
{ "type": "Feature", "properties": { "GEOID": "34013013700", "county_name": "Essex", "need_score": 13.6, "uninsured_pct": 11.17, "under_200_fpl_pct": 22.05, "total_pop": 4870 }, "geometry": { "type": "Polygon", "coordinates": [ [ [ -74.16662, 40.80854 ], [ -74.15949, 40.81925 ], [ -74.15687, 40.81844 ], [ -74.15712, 40.81655 ], [ -74.1543, 40.81598 ], [ -74.15428, 40.8166 ], [ -74.14902, 40.81543 ], [ -74.15134, 40.81108 ], [ -74.15258, 40.80697 ], [ -74.16662, 40.80854 ] ] ] } },
{ "type": "Feature", "properties": { "GEOID": "34013014200", "county_name": "Essex", "need_score": 9.7, "uninsured_pct": 5.63, "under_200_fpl_pct": 13.3, "total_pop": 4384 }, "geometry": { "type": "Polygon", "coordinates": [ [ [ -74.1644, 40.80126 ], [ -74.16293, 40.80219 ], [ -74.16337, 40.80282 ], [ -74.15925, 40.80771 ], [ -74.15258, 40.80697 ], [ -74.15635, 40.79469 ], [ -74.15809, 40.79469 ], [ -74.16116, 40.79657 ], [ -74.1644, 40.80126 ] ] ] } },
{ "type": "Feature", "properties": { "GEOID": "34013010100", "county_name": "Essex", "need_score": 10.6, "uninsured_pct": 2.09, "under_200_fpl_pct": 25.58, "total_pop": 2600 }, "geometry": { "type": "Polygon", "coordinates": [ [ [ -74.21344, 40.77694 ], [ -74.20658, 40.7837 ], [ -74.20145, 40.78171 ], [ -74.20122, 40.77781 ], [ -74.2045, 40.77362 ], [ -74.20477, 40.77192 ], [ -74.21344, 40.77694 ] ] ] } },
{ "type": "Feature", "properties": { "GEOID": "34013015200", "county_name": "Essex", "need_score": 16.2, "uninsured_pct": 9.19, "under_200_fpl_pct": 29.16, "total_pop": 4463 }, "geometry": { "type": "Polygon", "coordinates": [ [ [ -74.19366, 40.8125 ], [ -74.19154, 40.81208 ], [ -74.18929, 40.81057 ], [ -74.18615, 40.81062 ], [ -74.18376, 40.81218 ], [ -74.18047, 40.81105 ], [ -74.18709, 40.80117 ], [ -74.19093, 40.79768 ], [ -74.19178, 40.79848 ], [ -74.19164, 40.80142 ], [ -74.19258, 40.80317 ], [ -74.19176, 40.80816 ], [ -74.19366, 40.8125 ] ] ] } },
{ "type": "Feature", "properties": { "GEOID": "34013015900", "county_name": "Essex", "need_score": 23.1, "uninsured_pct": 15.94, "under_200_fpl_pct": 37.43, "total_pop": 5958 }, "geometry": { "type": "Polygon", "coordinates": [ [ [ -74.20036, 40.78049 ], [ -74.18447, 40.78036 ], [ -74.18659, 40.77515 ], [ -74.18626, 40.77466 ], [ -74.18976, 40.76863 ], [ -74.20036, 40.78049 ] ] ] } },
{ "type": "Feature", "properties": { "GEOID": "34013018100", "county_name": "Essex", "need_score": 26.0, "uninsured_pct": 14.89, "under_200_fpl_pct": 43.36, "total_pop": 2161 }, "geometry": { "type": "Polygon", "coordinates": [ [ [ -74.23102, 40.78205 ], [ -74.22673, 40.78466 ], [ -74.22056, 40.78978 ], [ -74.21853, 40.78821 ], [ -74.22113, 40.78067 ], [ -74.22404, 40.78013 ], [ -74.22579, 40.78101 ], [ -74.22662, 40.77977 ], [ -74.23102, 40.78205 ] ] ] } },
{ "type": "Feature", "properties": { "GEOID": "34013010500", "county_name": "Essex", "need_score": 19.4, "uninsured_pct": 18.67, "under_200_fpl_pct": 40.15, "total_pop": 5742 }, "geometry": { "type": "Polygon", "coordinates": [ [ [ -74.22319, 40.77511 ], [ -74.21352, 40.77074 ], [ -74.2097, 40.76893 ], [ -74.21303, 40.76557 ], [ -74.21511, 40.76438 ], [ -74.21426, 40.76613 ], [ -74.22026, 40.76904 ], [ -74.22, 40.77009 ], [ -74.22347, 40.77421 ], [ -74.22319, 40.77511 ] ] ] } },
{ "type": "Feature", "properties": { "GEOID": "34013011100", "county_name": "Essex", "need_score": 34.2, "uninsured_pct": 11.93, "under_200_fpl_pct": 65.67, "total_pop": 3965 }, "geometry": { "type": "Polygon", "coordinates": [ [ [ -74.21523, 40.75503 ], [ -74.21081, 40.76106 ], [ -74.20845, 40.76004 ], [ -74.21111, 40.75308 ], [ -74.21523, 40.75503 ] ] ] } },
{ "type": "Feature", "properties": { "GEOID": "34013011800", "county_name": "Essex", "need_score": 15.7, "uninsured_pct": 13.38, "under_200_fpl_pct": 32.55, "total_pop": 2645 }, "geometry": { "type": "Polygon", "coordinates": [ [ [ -74.22892, 40.74645 ], [ -74.22639, 40.75113 ], [ -74.2187, 40.74886 ], [ -74.22014, 40.7488 ], [ -74.22172, 40.74508 ], [ -74.22892, 40.74645 ] ] ] } },
{ "type": "Feature", "properties": { "GEOID": "34013013300", "county_name": "Essex", "need_score": 19.8, "uninsured_pct": 21.21, "under_200_fpl_pct": 46.38, "total_pop": 4299 }, "geometry": { "type": "Polygon", "coordinates": [ [ [ -74.21885, 40.73615 ], [ -74.21532, 40.74157 ], [ -74.2144, 40.74114 ], [ -74.20958, 40.74299 ], [ -74.21339, 40.73389 ], [ -74.21885, 40.73615 ] ] ] } },
{ "type": "Feature", "properties": { "GEOID": "34013012400", "county_name": "Essex", "need_score": 33.6, "uninsured_pct": 5.73, "under_200_fpl_pct": 55.09, "total_pop": 4223 }, "geometry": { "type": "Polygon", "coordinates": [ [ [ -74.24472, 40.71929 ], [ -74.23686, 40.72525 ], [ -74.23351, 40.72572 ], [ -74.23355, 40.72514 ], [ -74.22998, 40.7252 ], [ -74.23329, 40.72195 ], [ -74.23802, 40.71578 ], [ -74.24472, 40.71929 ] ] ] } },
{ "type": "Feature", "properties": { "GEOID": "34013020600", "county_name": "Essex", "need_score": 9.8, "uninsured_pct": 0.59, "under_200_fpl_pct": 7.22, "total_pop": 5325 }, "geometry": { "type": "Polygon", "coordinates": [ [ [ -74.32743, 40.77245 ], [ -74.31727, 40.77953 ], [ -74.31531, 40.78218 ], [ -74.3135, 40.78629 ], [ -74.3136, 40.78996 ], [ -74.31228, 40.78981 ], [ -74.30034, 40.78152 ], [ -74.30023, 40.77856 ], [ -74.29644, 40.78067 ], [ -74.29587, 40.78253 ], [ -74.29237, 40.78372 ], [ -74.30472, 40.75788 ], [ -74.31241, 40.75792 ], [ -74.31524, 40.75719 ], [ -74.31924, 40.75868 ], [ -74.32275, 40.75917 ], [ -74.31999, 40.76226 ], [ -74.32743, 40.77245 ] ] ] } },
{ "type": "Feature", "properties": { "GEOID": "34013016300", "county_name": "Essex", "need_score": 6.3, "uninsured_pct": 1.0, "under_200_fpl_pct": 9.21, "total_pop": 3606 }, "geometry": { "type": "Polygon", "coordinates": [ [ [ -74.20942, 40.84133 ], [ -74.19558, 40.8385 ], [ -74.1891, 40.8379 ], [ -74.19479, 40.82828 ], [ -74.20693, 40.83071 ], [ -74.20942, 40.84133 ] ] ] } },
{ "type": "Feature", "properties": { "GEOID": "34013008800", "county_name": "Essex", "need_score": 23.0, "uninsured_pct": 21.71, "under_200_fpl_pct": 33.19, "total_pop": 2073 }, "geometry": { "type": "Polygon", "coordinates": [ [ [ -74.17575, 40.75311 ], [ -74.17455, 40.75277 ], [ -74.17419, 40.75533 ], [ -74.17239, 40.75527 ], [ -74.17063, 40.75336 ], [ -74.17065, 40.75101 ], [ -74.17547, 40.75114 ], [ -74.17625, 40.75221 ], [ -74.17575, 40.75311 ] ] ] } },
{ "type": "Feature", "properties": { "GEOID": "34013021200", "county_name": "Essex", "need_score": 7.9, "uninsured_pct": 0.74, "under_200_fpl_pct": 9.6, "total_pop": 3636 }, "geometry": { "type": "Polygon", "coordinates": [ [ [ -74.25657, 40.82469 ], [ -74.25225, 40.8342 ], [ -74.24417, 40.83112 ], [ -74.24067, 40.82872 ], [ -74.23436, 40.82605 ], [ -74.22793, 40.82494 ], [ -74.22959, 40.82161 ], [ -74.22913, 40.81994 ], [ -74.23229, 40.81433 ], [ -74.25087, 40.82434 ], [ -74.25657, 40.82469 ] ] ] } },
{ "type": "Feature", "properties": { "GEOID": "34013003800", "county_name": "Essex", "need_score": 31.0, "uninsured_pct": 13.0, "under_200_fpl_pct": 64.75, "total_pop": 1861 }, "geometry": { "type": "Polygon", "coordinates": [ [ [ -74.20385, 40.7316 ], [ -74.20084, 40.73218 ], [ -74.19905, 40.73688 ], [ -74.19534, 40.73607 ], [ -74.1963, 40.73309 ], [ -74.1954, 40.73327 ], [ -74.19864, 40.72516 ], [ -74.19961, 40.72536 ], [ -74.1993, 40.72615 ], [ -74.20542, 40.72745 ], [ -74.20385, 40.7316 ] ] ] } },
{ "type": "Feature", "properties": { "GEOID": "34023007907", "county_name": "Middlesex", "need_score": 7.8, "uninsured_pct": 3.61, "under_200_fpl_pct": 8.72, "total_pop": 3132 }, "geometry": { "type": "Polygon", "coordinates": [ [ [ -74.30504, 40.41611 ], [ -74.30299, 40.43086 ], [ -74.30213, 40.43207 ], [ -74.30256, 40.43244 ], [ -74.30015, 40.43956 ], [ -74.30017, 40.43732 ], [ -74.28928, 40.43729 ], [ -74.28329, 40.43441 ], [ -74.28279, 40.43301 ], [ -74.28739, 40.42592 ], [ -74.28758, 40.42478 ], [ -74.29222, 40.41945 ], [ -74.29752, 40.41886 ], [ -74.30504, 40.41611 ] ] ] } },
{ "type": "Feature", "properties": { "GEOID": "34019011500", "county_name": "Hunterdon", "need_score": 10.0, "uninsured_pct": 2.6, "under_200_fpl_pct": 15.75, "total_pop": 5430 }, "geometry": { "type": "Polygon", "coordinates": [ [ [ -75.07042, 40.45841 ], [ -75.06702, 40.46531 ], [ -75.06772, 40.47367 ], [ -75.06433, 40.4768 ], [ -75.06287, 40.48164 ], [ -75.06262, 40.48955 ], [ -75.06327, 40.49936 ], [ -75.06484, 40.5035 ], [ -75.06585, 40.51949 ], [ -75.06509, 40.52615 ], [ -75.0664, 40.53652 ], [ -75.05401, 40.53776 ], [ -75.04967, 40.5361 ], [ -75.01239, 40.55048 ], [ -74.99083, 40.55987 ], [ -74.95376, 40.50319 ], [ -75.00806, 40.4479 ], [ -75.04435, 40.41259 ], [ -75.04616, 40.41397 ], [ -75.05571, 40.4164 ], [ -75.05885, 40.41806 ], [ -75.06149, 40.42285 ], [ -75.06292, 40.43341 ], [ -75.06651, 40.44718 ], [ -75.07057, 40.45517 ], [ -75.07042, 40.45841 ] ] ] } },
{ "type": "Feature", "properties": { "GEOID": "34019010900", "county_name": "Hunterdon", "need_score": 7.2, "uninsured_pct": 6.14, "under_200_fpl_pct": 11.13, "total_pop": 3584 }, "geometry": { "type": "Polygon", "coordinates": [ [ [ -74.91101, 40.67666 ], [ -74.89071, 40.68074 ], [ -74.87949, 40.67543 ], [ -74.87371, 40.66337 ], [ -74.89388, 40.65577 ], [ -74.90228, 40.65742 ], [ -74.91024, 40.66351 ], [ -74.91193, 40.67009 ], [ -74.91101, 40.67666 ] ] ] } },
{ "type": "Feature", "properties": { "GEOID": "34019010300", "county_name": "Hunterdon", "need_score": 11.0, "uninsured_pct": 6.01, "under_200_fpl_pct": 17.38, "total_pop": 2829 }, "geometry": { "type": "Polygon", "coordinates": [ [ [ -74.98023, 40.71025 ], [ -74.9793, 40.71089 ], [ -74.97063, 40.70977 ], [ -74.96779, 40.71199 ], [ -74.96471, 40.71151 ], [ -74.95648, 40.71755 ], [ -74.94904, 40.71994 ], [ -74.95133, 40.71572 ], [ -74.94885, 40.71083 ], [ -74.93518, 40.71129 ], [ -74.93333, 40.71248 ], [ -74.93058, 40.70493 ], [ -74.92885, 40.70205 ], [ -74.92597, 40.69958 ], [ -74.92599, 40.697 ], [ -74.92837, 40.69547 ], [ -74.93361, 40.69414 ], [ -74.93269, 40.69322 ], [ -74.9326, 40.68803 ], [ -74.93399, 40.68733 ], [ -74.94424, 40.68943 ], [ -74.95277, 40.70328 ], [ -74.95823, 40.69823 ], [ -74.96195, 40.69982 ], [ -74.9716, 40.69833 ], [ -74.97975, 40.69883 ], [ -74.98131, 40.706 ], [ -74.98023, 40.71025 ] ] ] } },
{ "type": "Feature", "properties": { "GEOID": "34035053901", "county_name": "Somerset", "need_score": 8.0, "uninsured_pct": 1.6, "under_200_fpl_pct": 11.06, "total_pop": 814 }, "geometry": { "type": "Polygon", "coordinates": [ [ [ -74.64974, 40.39536 ], [ -74.64624, 40.40568 ], [ -74.63973, 40.40698 ], [ -74.63632, 40.40627 ], [ -74.63383, 40.40172 ], [ -74.63123, 40.40026 ], [ -74.63004, 40.40067 ], [ -74.62915, 40.39947 ], [ -74.63887, 40.39388 ], [ -74.64152, 40.39513 ], [ -74.64283, 40.39435 ], [ -74.64527, 40.39434 ], [ -74.64974, 40.39536 ] ] ] } },
{ "type": "Feature", "properties": { "GEOID": "34035051500", "county_name": "Somerset", "need_score": 18.4, "uninsured_pct": 5.0, "under_200_fpl_pct": 31.76, "total_pop": 3467 }, "geometry": { "type": "Polygon", "coordinates": [ [ [ -74.60472, 40.53938 ], [ -74.59221, 40.54297 ], [ -74.58693, 40.54451 ], [ -74.58752, 40.54096 ], [ -74.58957, 40.53696 ], [ -74.59186, 40.53782 ], [ -74.59598, 40.53672 ], [ -74.60048, 40.53245 ], [ -74.60246, 40.53722 ], [ -74.60429, 40.53677 ], [ -74.60472, 40.53938 ] ] ] } },
{ "type": "Feature", "properties": { "GEOID": "34035052001", "county_name": "Somerset", "need_score": 14.7, "uninsured_pct": 12.76, "under_200_fpl_pct": 12.79, "total_pop": 3848 }, "geometry": { "type": "Polygon", "coordinates": [ [ [ -74.43307, 40.6299 ], [ -74.42429, 40.63656 ], [ -74.42496, 40.63692 ], [ -74.41448, 40.64138 ], [ -74.4138, 40.64101 ], [ -74.41442, 40.64065 ], [ -74.41495, 40.63766 ], [ -74.41528, 40.63166 ], [ -74.4166, 40.63096 ], [ -74.41618, 40.62936 ], [ -74.41765, 40.62754 ], [ -74.42269, 40.62522 ], [ -74.42308, 40.62425 ], [ -74.43307, 40.6299 ] ] ] } },
{ "type": "Feature", "properties": { "GEOID": "34035053103", "county_name": "Somerset", "need_score": 7.2, "uninsured_pct": 3.6, "under_200_fpl_pct": 8.0, "total_pop": 5881 }, "geometry": { "type": "Polygon", "coordinates": [ [ [ -74.52136, 40.49045 ], [ -74.51829, 40.49365 ], [ -74.51102, 40.49737 ], [ -74.50594, 40.50084 ], [ -74.50062, 40.50184 ], [ -74.49351, 40.50863 ], [ -74.49047, 40.50676 ], [ -74.48963, 40.50368 ], [ -74.48629, 40.50296 ], [ -74.48255, 40.49919 ], [ -74.48738, 40.49543 ], [ -74.49209, 40.48932 ], [ -74.49229, 40.48626 ], [ -74.50799, 40.48897 ], [ -74.51055, 40.48655 ], [ -74.52136, 40.49045 ] ] ] } },
{ "type": "Feature", "properties": { "GEOID": "34027041100", "county_name": "Morris", "need_score": 13.2, "uninsured_pct": 8.27, "under_200_fpl_pct": 24.32, "total_pop": 3821 }, "geometry": { "type": "Polygon", "coordinates": [ [ [ -74.42633, 40.90726 ], [ -74.42281, 40.91069 ], [ -74.40594, 40.91832 ], [ -74.40383, 40.91573 ], [ -74.41217, 40.90552 ], [ -74.40804, 40.90328 ], [ -74.41258, 40.90192 ], [ -74.41756, 40.89677 ], [ -74.41896, 40.8967 ], [ -74.41824, 40.8974 ], [ -74.42186, 40.90147 ], [ -74.42365, 40.90187 ], [ -74.42554, 40.90405 ], [ -74.42633, 40.90726 ] ] ] } },
{ "type": "Feature", "properties": { "GEOID": "34027045901", "county_name": "Morris", "need_score": 11.8, "uninsured_pct": 4.05, "under_200_fpl_pct": 14.52, "total_pop": 1359 }, "geometry": { "type": "Polygon", "coordinates": [ [ [ -74.70615, 40.79327 ], [ -74.67624, 40.79501 ], [ -74.66966, 40.78903 ], [ -74.69934, 40.77738 ], [ -74.70937, 40.7805 ], [ -74.70615, 40.79327 ] ] ] } },
{ "type": "Feature", "properties": { "GEOID": "34027041902", "county_name": "Morris", "need_score": 8.6, "uninsured_pct": 1.39, "under_200_fpl_pct": 5.35, "total_pop": 5459 }, "geometry": { "type": "Polygon", "coordinates": [ [ [ -74.41084, 40.79265 ], [ -74.40355, 40.80087 ], [ -74.40353, 40.80208 ], [ -74.40209, 40.80415 ], [ -74.40007, 40.80475 ], [ -74.39486, 40.80893 ], [ -74.39434, 40.81217 ], [ -74.38731, 40.82055 ], [ -74.33429, 40.81841 ], [ -74.33499, 40.81705 ], [ -74.33744, 40.81511 ], [ -74.33842, 40.81303 ], [ -74.34058, 40.81249 ], [ -74.34371, 40.81365 ], [ -74.34725, 40.8125 ], [ -74.34853, 40.81284 ], [ -74.3498, 40.81161 ], [ -74.35086, 40.80906 ], [ -74.35072, 40.80743 ], [ -74.35645, 40.80348 ], [ -74.35985, 40.79985 ], [ -74.36158, 40.8001 ], [ -74.364, 40.79928 ], [ -74.36544, 40.79551 ], [ -74.39193, 40.79803 ], [ -74.38985, 40.7957 ], [ -74.38922, 40.79404 ], [ -74.41084, 40.79265 ] ] ] } },
{ "type": "Feature", "properties": { "GEOID": "34027043700", "county_name": "Morris", "need_score": 9.0, "uninsured_pct": 1.65, "under_200_fpl_pct": 5.64, "total_pop": 3429 }, "geometry": { "type": "Polygon", "coordinates": [ [ [ -74.48899, 40.78917 ], [ -74.48156, 40.79664 ], [ -74.47241, 40.78899 ], [ -74.46426, 40.78782 ], [ -74.45669, 40.78936 ], [ -74.45642, 40.7883 ], [ -74.46885, 40.78209 ], [ -74.47894, 40.78028 ], [ -74.48248, 40.78191 ], [ -74.48899, 40.78917 ] ] ] } },
{ "type": "Feature", "properties": { "GEOID": "34027046000", "county_name": "Morris", "need_score": 12.8, "uninsured_pct": 5.05, "under_200_fpl_pct": 24.99, "total_pop": 3543 }, "geometry": { "type": "Polygon", "coordinates": [ [ [ -74.71638, 40.90234 ], [ -74.7135, 40.90231 ], [ -74.71419, 40.90115 ], [ -74.71379, 40.89995 ], [ -74.71134, 40.89918 ], [ -74.70819, 40.90111 ], [ -74.70335, 40.90179 ], [ -74.69981, 40.90603 ], [ -74.69688, 40.90742 ], [ -74.69283, 40.90726 ], [ -74.69147, 40.90001 ], [ -74.68806, 40.90109 ], [ -74.68773, 40.9006 ], [ -74.6876, 40.89591 ], [ -74.6981, 40.89541 ], [ -74.69894, 40.89406 ], [ -74.70245, 40.89406 ], [ -74.7016, 40.89137 ], [ -74.70982, 40.8917 ], [ -74.71103, 40.89263 ], [ -74.71594, 40.89134 ], [ -74.71617, 40.89215 ], [ -74.71474, 40.89396 ], [ -74.71638, 40.90234 ] ] ] } },
{ "type": "Feature", "properties": { "GEOID": "34027041801", "county_name": "Morris", "need_score": 8.8, "uninsured_pct": 5.46, "under_200_fpl_pct": 7.85, "total_pop": 2637 }, "geometry": { "type": "Polygon", "coordinates": [ [ [ -74.44092, 40.86461 ], [ -74.43973, 40.86651 ], [ -74.41761, 40.8644 ], [ -74.41951, 40.86018 ], [ -74.42579, 40.85087 ], [ -74.42573, 40.85268 ], [ -74.42695, 40.85507 ], [ -74.42699, 40.85856 ], [ -74.42855, 40.86103 ], [ -74.43117, 40.86014 ], [ -74.43133, 40.86221 ], [ -74.43447, 40.86211 ], [ -74.43894, 40.86093 ], [ -74.43873, 40.86486 ], [ -74.44092, 40.86461 ] ] ] } },
{ "type": "Feature", "properties": { "GEOID": "34037374300", "county_name": "Sussex", "need_score": 7.2, "uninsured_pct": 0.74, "under_200_fpl_pct": 10.21, "total_pop": 3358 }, "geometry": { "type": "Polygon", "coordinates": [ [ [ -74.74062, 40.96932 ], [ -74.72572, 40.98081 ], [ -74.72335, 40.97991 ], [ -74.6865, 40.95415 ], [ -74.68481, 40.95005 ], [ -74.68566, 40.94667 ], [ -74.6951, 40.93386 ], [ -74.69761, 40.92776 ], [ -74.6973, 40.9253 ], [ -74.70418, 40.92554 ], [ -74.71852, 40.92025 ], [ -74.71876, 40.93239 ], [ -74.72159, 40.93577 ], [ -74.72519, 40.93821 ], [ -74.72598, 40.93988 ], [ -74.72942, 40.94252 ], [ -74.7306, 40.94648 ], [ -74.73536, 40.95274 ], [ -74.73776, 40.9574 ], [ -74.73904, 40.96516 ], [ -74.74062, 40.96932 ] ] ] } },
{ "type": "Feature", "properties": { "GEOID": "34037372900", "county_name": "Sussex", "need_score": 16.0, "uninsured_pct": 8.95, "under_200_fpl_pct": 21.8, "total_pop": 3250 }, "geometry": { "type": "Polygon", "coordinates": [ [ [ -74.60778, 41.11273 ], [ -74.59815, 41.12306 ], [ -74.57846, 41.13437 ], [ -74.57767, 41.13808 ], [ -74.57665, 41.13688 ], [ -74.57179, 41.13737 ], [ -74.57444, 41.13389 ], [ -74.5752, 41.13079 ], [ -74.57958, 41.12208 ], [ -74.58114, 41.11474 ], [ -74.57994, 41.11163 ], [ -74.58096, 41.10744 ], [ -74.58472, 41.10924 ], [ -74.58579, 41.11075 ], [ -74.58827, 41.11208 ], [ -74.58992, 41.1122 ], [ -74.59026, 41.11078 ], [ -74.5886, 41.10696 ], [ -74.58954, 41.10449 ], [ -74.59327, 41.10047 ], [ -74.59849, 41.09085 ], [ -74.60721, 41.09609 ], [ -74.60778, 41.11273 ] ] ] } },
{ "type": "Feature", "properties": { "GEOID": "34041031402", "county_name": "Warren", "need_score": 16.3, "uninsured_pct": 16.48, "under_200_fpl_pct": 23.55, "total_pop": 5564 }, "geometry": { "type": "Polygon", "coordinates": [ [ [ -74.85057, 40.84119 ], [ -74.84748, 40.8459 ], [ -74.84468, 40.84849 ], [ -74.84295, 40.85215 ], [ -74.83953, 40.85582 ], [ -74.83938, 40.85858 ], [ -74.82912, 40.85375 ], [ -74.82427, 40.84909 ], [ -74.82166, 40.8485 ], [ -74.82222, 40.84553 ], [ -74.82383, 40.84411 ], [ -74.81978, 40.84101 ], [ -74.81985, 40.83935 ], [ -74.81843, 40.83695 ], [ -74.82581, 40.83248 ], [ -74.82722, 40.83232 ], [ -74.83102, 40.829 ], [ -74.83263, 40.8303 ], [ -74.83276, 40.83476 ], [ -74.83094, 40.83753 ], [ -74.83149, 40.83823 ], [ -74.83272, 40.83751 ], [ -74.83394, 40.83903 ], [ -74.84045, 40.83454 ], [ -74.85057, 40.84119 ] ] ] } },
{ "type": "Feature", "properties": { "GEOID": "34013023000", "county_name": "Essex", "need_score": 28.7, "uninsured_pct": 8.45, "under_200_fpl_pct": 57.3, "total_pop": 3388 }, "geometry": { "type": "Polygon", "coordinates": [ [ [ -74.19803, 40.73956 ], [ -74.18948, 40.73853 ], [ -74.19052, 40.73499 ], [ -74.18871, 40.73458 ], [ -74.1963, 40.73309 ], [ -74.19534, 40.73607 ], [ -74.19905, 40.73688 ], [ -74.19803, 40.73956 ] ] ] } },
{ "type": "Feature", "properties": { "GEOID": "34023005602", "county_name": "Middlesex", "need_score": 31.6, "uninsured_pct": 38.1, "under_200_fpl_pct": 47.78, "total_pop": 7018 }, "geometry": { "type": "Polygon", "coordinates": [ [ [ -74.45889, 40.48494 ], [ -74.45016, 40.49314 ], [ -74.44759, 40.49279 ], [ -74.44817, 40.49224 ], [ -74.44472, 40.49012 ], [ -74.45354, 40.48166 ], [ -74.45889, 40.48494 ] ] ] } },
{ "type": "Feature", "properties": { "GEOID": "34023006001", "county_name": "Middlesex", "need_score": 11.2, "uninsured_pct": 5.22, "under_200_fpl_pct": 14.36, "total_pop": 2336 }, "geometry": { "type": "Polygon", "coordinates": [ [ [ -74.42377, 40.47794 ], [ -74.41416, 40.48862 ], [ -74.41306, 40.49344 ], [ -74.41216, 40.49371 ], [ -74.40173, 40.49146 ], [ -74.39852, 40.49189 ], [ -74.39469, 40.48774 ], [ -74.39228, 40.48631 ], [ -74.39248, 40.48526 ], [ -74.39412, 40.48354 ], [ -74.39789, 40.48116 ], [ -74.4017, 40.47977 ], [ -74.40739, 40.48049 ], [ -74.41143, 40.484 ], [ -74.41373, 40.48139 ], [ -74.41482, 40.47862 ], [ -74.42377, 40.47794 ] ] ] } },
{ "type": "Feature", "properties": { "GEOID": "34027041803", "county_name": "Morris", "need_score": 8.2, "uninsured_pct": 1.41, "under_200_fpl_pct": 5.23, "total_pop": 5183 }, "geometry": { "type": "Polygon", "coordinates": [ [ [ -74.43151, 40.84254 ], [ -74.41951, 40.86018 ], [ -74.41761, 40.8644 ], [ -74.3976, 40.86058 ], [ -74.38517, 40.86061 ], [ -74.37431, 40.85911 ], [ -74.36739, 40.8595 ], [ -74.36476, 40.85881 ], [ -74.35792, 40.85477 ], [ -74.34896, 40.84474 ], [ -74.35336, 40.84353 ], [ -74.35466, 40.84146 ], [ -74.3617, 40.8405 ], [ -74.36458, 40.83772 ], [ -74.3674, 40.83606 ], [ -74.37063, 40.836 ], [ -74.38388, 40.82497 ], [ -74.38873, 40.82599 ], [ -74.39169, 40.82914 ], [ -74.40564, 40.83893 ], [ -74.42291, 40.84431 ], [ -74.43151, 40.84254 ] ] ] } },
{ "type": "Feature", "properties": { "GEOID": "34035053403", "county_name": "Somerset", "need_score": 14.5, "uninsured_pct": 5.99, "under_200_fpl_pct": 24.51, "total_pop": 5222 }, "geometry": { "type": "Polygon", "coordinates": [ [ [ -74.55956, 40.44507 ], [ -74.55745, 40.44823 ], [ -74.53506, 40.4391 ], [ -74.55569, 40.42974 ], [ -74.55719, 40.43439 ], [ -74.5587, 40.43572 ], [ -74.55803, 40.4375 ], [ -74.55977, 40.44377 ], [ -74.55956, 40.44507 ] ] ] } },
{ "type": "Feature", "properties": { "GEOID": "34035050701", "county_name": "Somerset", "need_score": 6.9, "uninsured_pct": 0.51, "under_200_fpl_pct": 3.3, "total_pop": 4517 }, "geometry": { "type": "Polygon", "coordinates": [ [ [ -74.6878, 40.55667 ], [ -74.6865, 40.56016 ], [ -74.68124, 40.56291 ], [ -74.67937, 40.56454 ], [ -74.67745, 40.56484 ], [ -74.6771, 40.56353 ], [ -74.67398, 40.56373 ], [ -74.67431, 40.56686 ], [ -74.66921, 40.56704 ], [ -74.66929, 40.56793 ], [ -74.664, 40.56833 ], [ -74.66376, 40.56945 ], [ -74.65288, 40.56947 ], [ -74.65354, 40.57005 ], [ -74.65019, 40.56977 ], [ -74.64876, 40.5582 ], [ -74.64916, 40.55777 ], [ -74.64796, 40.55709 ], [ -74.65392, 40.55209 ], [ -74.66815, 40.54965 ], [ -74.67407, 40.54787 ], [ -74.67731, 40.54771 ], [ -74.68033, 40.54947 ], [ -74.68639, 40.55519 ], [ -74.68741, 40.55535 ], [ -74.6878, 40.55667 ] ] ] } },
{ "type": "Feature", "properties": { "GEOID": "34035052901", "county_name": "Somerset", "need_score": 13.1, "uninsured_pct": 5.38, "under_200_fpl_pct": 19.84, "total_pop": 1004 }, "geometry": { "type": "Polygon", "coordinates": [ [ [ -74.65116, 40.69789 ], [ -74.65043, 40.69958 ], [ -74.64785, 40.69995 ], [ -74.64707, 40.70072 ], [ -74.6429, 40.69758 ], [ -74.64053, 40.69871 ], [ -74.63828, 40.69888 ], [ -74.6359, 40.70059 ], [ -74.63619, 40.70225 ], [ -74.63524, 40.7034 ], [ -74.63612, 40.70523 ], [ -74.63664, 40.70904 ], [ -74.63332, 40.71287 ], [ -74.63272, 40.71542 ], [ -74.63799, 40.71772 ], [ -74.63828, 40.71993 ], [ -74.6401, 40.72426 ], [ -74.64151, 40.72533 ], [ -74.64358, 40.72571 ], [ -74.64261, 40.7276 ], [ -74.64007, 40.72823 ], [ -74.62082, 40.71102 ], [ -74.61879, 40.70731 ], [ -74.61833, 40.70461 ], [ -74.61845, 40.69521 ], [ -74.60864, 40.69223 ], [ -74.60947, 40.69138 ], [ -74.61009, 40.68816 ], [ -74.60908, 40.68525 ], [ -74.60137, 40.67718 ], [ -74.5942, 40.67377 ], [ -74.59787, 40.67099 ], [ -74.60481, 40.67148 ], [ -74.61358, 40.67054 ], [ -74.62147, 40.66862 ], [ -74.62378, 40.66723 ], [ -74.63131, 40.66794 ], [ -74.63671, 40.68225 ], [ -74.63901, 40.68336 ], [ -74.64429, 40.68453 ], [ -74.64748, 40.68971 ], [ -74.64697, 40.69153 ], [ -74.64816, 40.6943 ], [ -74.6506, 40.69644 ], [ -74.65116, 40.69789 ] ] ] } },
{ "type": "Feature", "properties": { "GEOID": "34035050600", "county_name": "Somerset", "need_score": 8.2, "uninsured_pct": 5.97, "under_200_fpl_pct": 7.65, "total_pop": 4437 }, "geometry": { "type": "Polygon", "coordinates": [ [ [ -74.66199, 40.58279 ], [ -74.65202, 40.58336 ], [ -74.64791, 40.58604 ], [ -74.62559, 40.57401 ], [ -74.6387, 40.57417 ], [ -74.63762, 40.56616 ], [ -74.63936, 40.56519 ], [ -74.63604, 40.56548 ], [ -74.63573, 40.56463 ], [ -74.63712, 40.56476 ], [ -74.64584, 40.56038 ], [ -74.64796, 40.55709 ], [ -74.64916, 40.55777 ], [ -74.64876, 40.5582 ], [ -74.65019, 40.56977 ], [ -74.65787, 40.57029 ], [ -74.65873, 40.5778 ], [ -74.66135, 40.578 ], [ -74.66199, 40.58279 ] ] ] } },
{ "type": "Feature", "properties": { "GEOID": "34013002204", "county_name": "Essex", "need_score": 17.7, "uninsured_pct": 8.66, "under_200_fpl_pct": 29.89, "total_pop": 2379 }, "geometry": { "type": "Polygon", "coordinates": [ [ [ -74.24865, 40.7344 ], [ -74.24609, 40.73806 ], [ -74.24837, 40.73965 ], [ -74.24487, 40.74068 ], [ -74.24391, 40.74174 ], [ -74.23919, 40.7404 ], [ -74.24059, 40.74016 ], [ -74.24437, 40.73331 ], [ -74.24865, 40.7344 ] ] ] } },
{ "type": "Feature", "properties": { "GEOID": "34019010802", "county_name": "Hunterdon", "need_score": 11.9, "uninsured_pct": 4.39, "under_200_fpl_pct": 20.32, "total_pop": 1664 }, "geometry": { "type": "Polygon", "coordinates": [ [ [ -74.84854, 40.64954 ], [ -74.83377, 40.6492 ], [ -74.83289, 40.64974 ], [ -74.83322, 40.64911 ], [ -74.83095, 40.64876 ], [ -74.82128, 40.64371 ], [ -74.82208, 40.64012 ], [ -74.83356, 40.63702 ], [ -74.83385, 40.63465 ], [ -74.83672, 40.63508 ], [ -74.8412, 40.63836 ], [ -74.843, 40.63875 ], [ -74.84267, 40.6399 ], [ -74.84584, 40.64324 ], [ -74.84651, 40.64671 ], [ -74.84854, 40.64954 ] ] ] } },
{ "type": "Feature", "properties": { "GEOID": "34027040301", "county_name": "Morris", "need_score": 19.7, "uninsured_pct": 2.0, "under_200_fpl_pct": 13.96, "total_pop": 4168 }, "geometry": { "type": "Polygon", "coordinates": [ [ [ -74.33275, 40.95708 ], [ -74.32984, 40.95735 ], [ -74.3314, 40.98826 ], [ -74.32584, 40.98624 ], [ -74.32386, 40.987 ], [ -74.32321, 40.9856 ], [ -74.32102, 40.98601 ], [ -74.32061, 40.98436 ], [ -74.31357, 40.98222 ], [ -74.30275, 40.98314 ], [ -74.30196, 40.98207 ], [ -74.30342, 40.97677 ], [ -74.30806, 40.97633 ], [ -74.30712, 40.97165 ], [ -74.30848, 40.96798 ], [ -74.30764, 40.96303 ], [ -74.30876, 40.96291 ], [ -74.30873, 40.96114 ], [ -74.30544, 40.95258 ], [ -74.30579, 40.951 ], [ -74.32127, 40.9528 ], [ -74.32989, 40.95252 ], [ -74.33, 40.95506 ], [ -74.33344, 40.95473 ], [ -74.33275, 40.95708 ] ] ] } },
{ "type": "Feature", "properties": { "GEOID": "34027044503", "county_name": "Morris", "need_score": 17.7, "uninsured_pct": 2.85, "under_200_fpl_pct": 17.39, "total_pop": 2455 }, "geometry": { "type": "Polygon", "coordinates": [ [ [ -74.57895, 40.91467 ], [ -74.57775, 40.91441 ], [ -74.56366, 40.9238 ], [ -74.56144, 40.9221 ], [ -74.55159, 40.92828 ], [ -74.55198, 40.9337 ], [ -74.55019, 40.93196 ], [ -74.54508, 40.92975 ], [ -74.54252, 40.92796 ], [ -74.5417, 40.92414 ], [ -74.53983, 40.92053 ], [ -74.5384, 40.91928 ], [ -74.53627, 40.91874 ], [ -74.53483, 40.91698 ], [ -74.52912, 40.91489 ], [ -74.52701, 40.91115 ], [ -74.56705, 40.91011 ], [ -74.57495, 40.91197 ], [ -74.57578, 40.91341 ], [ -74.57927, 40.91412 ], [ -74.57895, 40.91467 ] ] ] } },
{ "type": "Feature", "properties": { "GEOID": "34023007305", "county_name": "Middlesex", "need_score": 16.8, "uninsured_pct": 11.44, "under_200_fpl_pct": 19.22, "total_pop": 3585 }, "geometry": { "type": "Polygon", "coordinates": [ [ [ -74.29612, 40.47115 ], [ -74.28859, 40.46458 ], [ -74.28109, 40.46094 ], [ -74.28217, 40.45983 ], [ -74.28731, 40.45739 ], [ -74.28388, 40.45071 ], [ -74.28496, 40.44903 ], [ -74.29693, 40.45435 ], [ -74.2956, 40.45853 ], [ -74.29569, 40.46383 ], [ -74.29761, 40.46856 ], [ -74.29612, 40.47115 ] ] ] } },
{ "type": "Feature", "properties": { "GEOID": "34023001419", "county_name": "Middlesex", "need_score": 7.1, "uninsured_pct": 3.48, "under_200_fpl_pct": 12.62, "total_pop": 3216 }, "geometry": { "type": "Polygon", "coordinates": [ [ [ -74.34461, 40.55288 ], [ -74.34263, 40.55651 ], [ -74.33567, 40.56217 ], [ -74.33209, 40.56628 ], [ -74.33085, 40.56578 ], [ -74.32992, 40.55672 ], [ -74.34461, 40.55288 ] ] ] } },
{ "type": "Feature", "properties": { "GEOID": "34023008211", "county_name": "Middlesex", "need_score": 3.8, "uninsured_pct": 0.25, "under_200_fpl_pct": 3.19, "total_pop": 5891 }, "geometry": { "type": "Polygon", "coordinates": [ [ [ -74.42619, 40.34955 ], [ -74.41609, 40.37392 ], [ -74.41529, 40.37471 ], [ -74.41307, 40.37517 ], [ -74.41225, 40.37771 ], [ -74.41024, 40.37938 ], [ -74.40778, 40.37983 ], [ -74.40773, 40.38097 ], [ -74.40522, 40.3817 ], [ -74.40349, 40.38088 ], [ -74.40045, 40.38375 ], [ -74.39901, 40.38401 ], [ -74.39817, 40.38554 ], [ -74.39674, 40.3845 ], [ -74.39594, 40.38549 ], [ -74.39335, 40.38535 ], [ -74.39356, 40.38207 ], [ -74.38849, 40.3825 ], [ -74.3889, 40.37071 ], [ -74.3863, 40.35635 ], [ -74.39455, 40.35519 ], [ -74.40601, 40.35512 ], [ -74.41304, 40.35386 ], [ -74.41801, 40.35134 ], [ -74.42619, 40.34955 ] ] ] } },
{ "type": "Feature", "properties": { "GEOID": "34035052905", "county_name": "Somerset", "need_score": 8.8, "uninsured_pct": 1.71, "under_200_fpl_pct": 7.22, "total_pop": 3104 }, "geometry": { "type": "Polygon", "coordinates": [ [ [ -74.64468, 40.65796 ], [ -74.64229, 40.66195 ], [ -74.63957, 40.66495 ], [ -74.63569, 40.66779 ], [ -74.63193, 40.66959 ], [ -74.62399, 40.64925 ], [ -74.6287, 40.64903 ], [ -74.63249, 40.6506 ], [ -74.63398, 40.65354 ], [ -74.63584, 40.65215 ], [ -74.6404, 40.65261 ], [ -74.64372, 40.65058 ], [ -74.64415, 40.65173 ], [ -74.6435, 40.65629 ], [ -74.64468, 40.65796 ] ] ] } },
{ "type": "Feature", "properties": { "GEOID": "34023008605", "county_name": "Middlesex", "need_score": 10.4, "uninsured_pct": 3.96, "under_200_fpl_pct": 14.98, "total_pop": 3030 }, "geometry": { "type": "Polygon", "coordinates": [ [ [ -74.59146, 40.33322 ], [ -74.58652, 40.33496 ], [ -74.5719, 40.33645 ], [ -74.57171, 40.33074 ], [ -74.57242, 40.32877 ], [ -74.56726, 40.33156 ], [ -74.56447, 40.33093 ], [ -74.56368, 40.3302 ], [ -74.56425, 40.32713 ], [ -74.57273, 40.32799 ], [ -74.58156, 40.33062 ], [ -74.58265, 40.33176 ], [ -74.58398, 40.33097 ], [ -74.59146, 40.33322 ] ] ] } },
{ "type": "Feature", "properties": { "GEOID": "34013980200", "county_name": "Essex", "need_score": null, "uninsured_pct": null, "under_200_fpl_pct": null, "total_pop": 0 }, "geometry": { "type": "Polygon", "coordinates": [ [ [ -74.20022, 40.68886 ], [ -74.18583, 40.71269 ], [ -74.1841, 40.7135 ], [ -74.18205, 40.71004 ], [ -74.17455, 40.71092 ], [ -74.16425, 40.71048 ], [ -74.15999, 40.70968 ], [ -74.15171, 40.71688 ], [ -74.14013, 40.7129 ], [ -74.13889, 40.71378 ], [ -74.13632, 40.71322 ], [ -74.13519, 40.71451 ], [ -74.1302, 40.71315 ], [ -74.13211, 40.71015 ], [ -74.12128, 40.70637 ], [ -74.12066, 40.70448 ], [ -74.13032, 40.6902 ], [ -74.13611, 40.68901 ], [ -74.14421, 40.68005 ], [ -74.14372, 40.6795 ], [ -74.15043, 40.68315 ], [ -74.15386, 40.68592 ], [ -74.15786, 40.68595 ], [ -74.15967, 40.68697 ], [ -74.16102, 40.68891 ], [ -74.16505, 40.69016 ], [ -74.16763, 40.68996 ], [ -74.16927, 40.68862 ], [ -74.19807, 40.68688 ], [ -74.19735, 40.68786 ], [ -74.20022, 40.68886 ] ] ] } },
{ "type": "Feature", "properties": { "GEOID": "34027042900", "county_name": "Morris", "need_score": 11.2, "uninsured_pct": 2.45, "under_200_fpl_pct": 11.83, "total_pop": 3714 }, "geometry": { "type": "Polygon", "coordinates": [ [ [ -74.4295, 40.77136 ], [ -74.42614, 40.77345 ], [ -74.42481, 40.77207 ], [ -74.41942, 40.77255 ], [ -74.41243, 40.77162 ], [ -74.41193, 40.77353 ], [ -74.41266, 40.77387 ], [ -74.41005, 40.77408 ], [ -74.4107, 40.77701 ], [ -74.40533, 40.77283 ], [ -74.40455, 40.76729 ], [ -74.40683, 40.76445 ], [ -74.41496, 40.75872 ], [ -74.41635, 40.75957 ], [ -74.4169, 40.75925 ], [ -74.42319, 40.76697 ], [ -74.4295, 40.77136 ] ] ] } },
{ "type": "Feature", "properties": { "GEOID": "34027043303", "county_name": "Morris", "need_score": 6.7, "uninsured_pct": 1.7, "under_200_fpl_pct": 5.53, "total_pop": 3831 }, "geometry": { "type": "Polygon", "coordinates": [ [ [ -74.50349, 40.77396 ], [ -74.49943, 40.77898 ], [ -74.48899, 40.78917 ], [ -74.48248, 40.78191 ], [ -74.47894, 40.78028 ], [ -74.46885, 40.78209 ], [ -74.46726, 40.78289 ], [ -74.45827, 40.77749 ], [ -74.45073, 40.76985 ], [ -74.45384, 40.76755 ], [ -74.4579, 40.76686 ], [ -74.45887, 40.76609 ], [ -74.48578, 40.76419 ], [ -74.49556, 40.76568 ], [ -74.49586, 40.76623 ], [ -74.50931, 40.76904 ], [ -74.50349, 40.77396 ] ] ] } },
{ "type": "Feature", "properties": { "GEOID": "34037372700", "county_name": "Sussex", "need_score": 13.2, "uninsured_pct": 1.0, "under_200_fpl_pct": 21.68, "total_pop": 3293 }, "geometry": { "type": "Polygon", "coordinates": [ [ [ -74.58312, 41.15719 ], [ -74.57958, 41.1613 ], [ -74.56897, 41.15956 ], [ -74.56892, 41.15523 ], [ -74.56678, 41.15435 ], [ -74.56889, 41.1529 ], [ -74.56871, 41.14922 ], [ -74.56097, 41.13954 ], [ -74.57007, 41.13696 ], [ -74.57179, 41.13737 ], [ -74.57665, 41.13688 ], [ -74.57767, 41.13808 ], [ -74.58014, 41.14451 ], [ -74.58142, 41.15244 ], [ -74.58312, 41.15719 ] ] ] } },
{ "type": "Feature", "properties": { "GEOID": "34023006204", "county_name": "Middlesex", "need_score": 10.4, "uninsured_pct": 1.58, "under_200_fpl_pct": 12.26, "total_pop": 1582 }, "geometry": { "type": "Polygon", "coordinates": [ [ [ -74.53152, 40.44136 ], [ -74.52657, 40.44485 ], [ -74.51772, 40.4382 ], [ -74.51379, 40.44209 ], [ -74.50773, 40.43851 ], [ -74.51605, 40.43165 ], [ -74.53152, 40.44136 ] ] ] } },
{ "type": "Feature", "properties": { "GEOID": "34023006900", "county_name": "Middlesex", "need_score": 16.3, "uninsured_pct": 17.44, "under_200_fpl_pct": 32.31, "total_pop": 3853 }, "geometry": { "type": "Polygon", "coordinates": [ [ [ -74.38889, 40.44276 ], [ -74.38174, 40.45068 ], [ -74.37838, 40.45248 ], [ -74.375, 40.45161 ], [ -74.37583, 40.45528 ], [ -74.37156, 40.4562 ], [ -74.37098, 40.45419 ], [ -74.37142, 40.45194 ], [ -74.36974, 40.44853 ], [ -74.37371, 40.44697 ], [ -74.37676, 40.4449 ], [ -74.38662, 40.44271 ], [ -74.38889, 40.44276 ] ] ] } },
{ "type": "Feature", "properties": { "GEOID": "34023002603", "county_name": "Middlesex", "need_score": 17.0, "uninsured_pct": 4.74, "under_200_fpl_pct": 19.62, "total_pop": 4918 }, "geometry": { "type": "Polygon", "coordinates": [ [ [ -74.32735, 40.56994 ], [ -74.32077, 40.57317 ], [ -74.31448, 40.57208 ], [ -74.30805, 40.56717 ], [ -74.3006, 40.56309 ], [ -74.30321, 40.5602 ], [ -74.30919, 40.56184 ], [ -74.32034, 40.55934 ], [ -74.32735, 40.56994 ] ] ] } },
{ "type": "Feature", "properties": { "GEOID": "34023006500", "county_name": "Middlesex", "need_score": 7.1, "uninsured_pct": 2.01, "under_200_fpl_pct": 3.55, "total_pop": 6864 }, "geometry": { "type": "Polygon", "coordinates": [ [ [ -74.42388, 40.44648 ], [ -74.42045, 40.4452 ], [ -74.40937, 40.44352 ], [ -74.39534, 40.44409 ], [ -74.39257, 40.43827 ], [ -74.39312, 40.43708 ], [ -74.39693, 40.43609 ], [ -74.40271, 40.43286 ], [ -74.404, 40.43047 ], [ -74.405, 40.42599 ], [ -74.41285, 40.41726 ], [ -74.4169, 40.41688 ], [ -74.42022, 40.41582 ], [ -74.4211, 40.41759 ], [ -74.41955, 40.41918 ], [ -74.42206, 40.42406 ], [ -74.42228, 40.42874 ], [ -74.42329, 40.43182 ], [ -74.4227, 40.4365 ], [ -74.42388, 40.44648 ] ] ] } },
{ "type": "Feature", "properties": { "GEOID": "34023006104", "county_name": "Middlesex", "need_score": 6.0, "uninsured_pct": 2.44, "under_200_fpl_pct": 4.33, "total_pop": 4184 }, "geometry": { "type": "Polygon", "coordinates": [ [ [ -74.50707, 40.46149 ], [ -74.49532, 40.46894 ], [ -74.48949, 40.47445 ], [ -74.47896, 40.4682 ], [ -74.48353, 40.4618 ], [ -74.48557, 40.45709 ], [ -74.49146, 40.4532 ], [ -74.49113, 40.45224 ], [ -74.49306, 40.45066 ], [ -74.50126, 40.45797 ], [ -74.50707, 40.46149 ] ] ] } },
{ "type": "Feature", "properties": { "GEOID": "34013000900", "county_name": "Essex", "need_score": 25.1, "uninsured_pct": 14.8, "under_200_fpl_pct": 45.83, "total_pop": 3210 }, "geometry": { "type": "Polygon", "coordinates": [ [ [ -74.19309, 40.7529 ], [ -74.19112, 40.75515 ], [ -74.19023, 40.75749 ], [ -74.18542, 40.75605 ], [ -74.1852, 40.75863 ], [ -74.18482, 40.7585 ], [ -74.18521, 40.75686 ], [ -74.18389, 40.75171 ], [ -74.18469, 40.7508 ], [ -74.18746, 40.75209 ], [ -74.19309, 40.7529 ] ] ] } },
{ "type": "Feature", "properties": { "GEOID": "34013004200", "county_name": "Essex", "need_score": 19.7, "uninsured_pct": 11.18, "under_200_fpl_pct": 53.93, "total_pop": 2702 }, "geometry": { "type": "Polygon", "coordinates": [ [ [ -74.21734, 40.72366 ], [ -74.21538, 40.72872 ], [ -74.2095, 40.72747 ], [ -74.21122, 40.72298 ], [ -74.21734, 40.72366 ] ] ] } },
{ "type": "Feature", "properties": { "GEOID": "34041031602", "county_name": "Warren", "need_score": 8.7, "uninsured_pct": 10.46, "under_200_fpl_pct": 9.45, "total_pop": 2906 }, "geometry": { "type": "Polygon", "coordinates": [ [ [ -75.02524, 40.81029 ], [ -75.01367, 40.82105 ], [ -75.00423, 40.82226 ], [ -74.99703, 40.82447 ], [ -74.99733, 40.82517 ], [ -74.99348, 40.82612 ], [ -74.99045, 40.82587 ], [ -74.98663, 40.82422 ], [ -74.98505, 40.82268 ], [ -74.9802, 40.8251 ], [ -74.97303, 40.82694 ], [ -74.96879, 40.82715 ], [ -74.9603, 40.83066 ], [ -74.95318, 40.83271 ], [ -74.95578, 40.82663 ], [ -74.98264, 40.79962 ], [ -74.99295, 40.79152 ], [ -74.99621, 40.78769 ], [ -74.99727, 40.78407 ], [ -75.00026, 40.78163 ], [ -75.00381, 40.78495 ], [ -75.01296, 40.79079 ], [ -75.02137, 40.78431 ], [ -75.01851, 40.79812 ], [ -75.02105, 40.80357 ], [ -75.02524, 40.81029 ] ] ] } },
{ "type": "Feature", "properties": { "GEOID": "34013010200", "county_name": "Essex", "need_score": 19.5, "uninsured_pct": 4.46, "under_200_fpl_pct": 32.18, "total_pop": 4544 }, "geometry": { "type": "Polygon", "coordinates": [ [ [ -74.2045, 40.77362 ], [ -74.20122, 40.77781 ], [ -74.20145, 40.78171 ], [ -74.18976, 40.76863 ], [ -74.19154, 40.76522 ], [ -74.20477, 40.77192 ], [ -74.2045, 40.77362 ] ] ] } },
{ "type": "Feature", "properties": { "GEOID": "34013012200", "county_name": "Essex", "need_score": 25.9, "uninsured_pct": 31.29, "under_200_fpl_pct": 37.83, "total_pop": 6788 }, "geometry": { "type": "Polygon", "coordinates": [ [ [ -74.24962, 40.72349 ], [ -74.24408, 40.73065 ], [ -74.24294, 40.72992 ], [ -74.23374, 40.72866 ], [ -74.23351, 40.72572 ], [ -74.24962, 40.72349 ] ] ] } },
{ "type": "Feature", "properties": { "GEOID": "34013009400", "county_name": "Essex", "need_score": 39.6, "uninsured_pct": 12.32, "under_200_fpl_pct": 62.18, "total_pop": 5764 }, "geometry": { "type": "Polygon", "coordinates": [ [ [ -74.17794, 40.76263 ], [ -74.17245, 40.77311 ], [ -74.16781, 40.77172 ], [ -74.17134, 40.76359 ], [ -74.17375, 40.76038 ], [ -74.17483, 40.76071 ], [ -74.17562, 40.75919 ], [ -74.17794, 40.76263 ] ] ] } },
{ "type": "Feature", "properties": { "GEOID": "34037373700", "county_name": "Sussex", "need_score": 20.3, "uninsured_pct": 2.83, "under_200_fpl_pct": 34.11, "total_pop": 3668 }, "geometry": { "type": "Polygon", "coordinates": [ [ [ -74.77586, 41.05533 ], [ -74.76506, 41.06159 ], [ -74.76297, 41.06864 ], [ -74.75175, 41.07104 ], [ -74.74527, 41.06656 ], [ -74.75347, 41.05864 ], [ -74.75244, 41.05806 ], [ -74.75447, 41.05615 ], [ -74.75673, 41.05201 ], [ -74.7565, 41.04634 ], [ -74.76027, 41.04384 ], [ -74.76474, 41.03893 ], [ -74.7676, 41.0392 ], [ -74.7659, 41.04486 ], [ -74.76894, 41.0481 ], [ -74.76846, 41.04988 ], [ -74.77586, 41.05533 ] ] ] } },
{ "type": "Feature", "properties": { "GEOID": "34037373800", "county_name": "Sussex", "need_score": 11.7, "uninsured_pct": 3.2, "under_200_fpl_pct": 25.73, "total_pop": 4668 }, "geometry": { "type": "Polygon", "coordinates": [ [ [ -74.76027, 41.04384 ], [ -74.7565, 41.04634 ], [ -74.75673, 41.05201 ], [ -74.75447, 41.05615 ], [ -74.75244, 41.05806 ], [ -74.75347, 41.05864 ], [ -74.7528, 41.05976 ], [ -74.74527, 41.06656 ], [ -74.72918, 41.05537 ], [ -74.74614, 41.03719 ], [ -74.76474, 41.03893 ], [ -74.76027, 41.04384 ] ] ] } },
{ "type": "Feature", "properties": { "GEOID": "34023008406", "county_name": "Middlesex", "need_score": 9.4, "uninsured_pct": 4.07, "under_200_fpl_pct": 10.26, "total_pop": 2187 }, "geometry": { "type": "Polygon", "coordinates": [ [ [ -74.53973, 40.43671 ], [ -74.53152, 40.44136 ], [ -74.51605, 40.43165 ], [ -74.52616, 40.4234 ], [ -74.53085, 40.42634 ], [ -74.53973, 40.43671 ] ] ] } },
{ "type": "Feature", "properties": { "GEOID": "34023006606", "county_name": "Middlesex", "need_score": 6.2, "uninsured_pct": 1.32, "under_200_fpl_pct": 2.22, "total_pop": 2884 }, "geometry": { "type": "Polygon", "coordinates": [ [ [ -74.44802, 40.41352 ], [ -74.44509, 40.41869 ], [ -74.43273, 40.43461 ], [ -74.43058, 40.43518 ], [ -74.42758, 40.4381 ], [ -74.42813, 40.43852 ], [ -74.42317, 40.44072 ], [ -74.4227, 40.4365 ], [ -74.42329, 40.43182 ], [ -74.42228, 40.42874 ], [ -74.42206, 40.42406 ], [ -74.43005, 40.4216 ], [ -74.43107, 40.4202 ], [ -74.43553, 40.41752 ], [ -74.43885, 40.41634 ], [ -74.44686, 40.41163 ], [ -74.44731, 40.41051 ], [ -74.44886, 40.41061 ], [ -74.44802, 40.41352 ] ] ] } },
{ "type": "Feature", "properties": { "GEOID": "34013002800", "county_name": "Essex", "need_score": 22.9, "uninsured_pct": 14.96, "under_200_fpl_pct": 59.96, "total_pop": 2413 }, "geometry": { "type": "Polygon", "coordinates": [ [ [ -74.20377, 40.73179 ], [ -74.20072, 40.74026 ], [ -74.19803, 40.73956 ], [ -74.20084, 40.73218 ], [ -74.20377, 40.73179 ] ] ] } },
{ "type": "Feature", "properties": { "GEOID": "34013006200", "county_name": "Essex", "need_score": 32.7, "uninsured_pct": 8.35, "under_200_fpl_pct": 67.97, "total_pop": 1917 }, "geometry": { "type": "Polygon", "coordinates": [ [ [ -74.18928, 40.73211 ], [ -74.18196, 40.7304 ], [ -74.18305, 40.72732 ], [ -74.19057, 40.72895 ], [ -74.18928, 40.73211 ] ] ] } },
{ "type": "Feature", "properties": { "GEOID": "34027041200", "county_name": "Morris", "need_score": 4.4, "uninsured_pct": 0.53, "under_200_fpl_pct": 4.74, "total_pop": 4535 }, "geometry": { "type": "Polygon", "coordinates": [ [ [ -74.46588, 40.88505 ], [ -74.44074, 40.90731 ], [ -74.43623, 40.9035 ], [ -74.43126, 40.90158 ], [ -74.42814, 40.90107 ], [ -74.42554, 40.90405 ], [ -74.42365, 40.90187 ], [ -74.42186, 40.90147 ], [ -74.41824, 40.8974 ], [ -74.41896, 40.8967 ], [ -74.41709, 40.89628 ], [ -74.42447, 40.89186 ], [ -74.42668, 40.88645 ], [ -74.42966, 40.88329 ], [ -74.4334, 40.87751 ], [ -74.43363, 40.87425 ], [ -74.4497, 40.87967 ], [ -74.45301, 40.88026 ], [ -74.46588, 40.88505 ] ] ] } },
{ "type": "Feature", "properties": { "GEOID": "34013012100", "county_name": "Essex", "need_score": 24.3, "uninsured_pct": 22.47, "under_200_fpl_pct": 36.91, "total_pop": 4148 }, "geometry": { "type": "Polygon", "coordinates": [ [ [ -74.24962, 40.72349 ], [ -74.24537, 40.72411 ], [ -74.23686, 40.72525 ], [ -74.24472, 40.71929 ], [ -74.25021, 40.72229 ], [ -74.24962, 40.72349 ] ] ] } },
{ "type": "Feature", "properties": { "GEOID": "34013019800", "county_name": "Essex", "need_score": 4.6, "uninsured_pct": 1.95, "under_200_fpl_pct": 3.3, "total_pop": 2879 }, "geometry": { "type": "Polygon", "coordinates": [ [ [ -74.28533, 40.72272 ], [ -74.28234, 40.72204 ], [ -74.28032, 40.72251 ], [ -74.27392, 40.72654 ], [ -74.26782, 40.72579 ], [ -74.26189, 40.72268 ], [ -74.25825, 40.72229 ], [ -74.2724, 40.7203 ], [ -74.27191, 40.71809 ], [ -74.28519, 40.72215 ], [ -74.28533, 40.72272 ] ] ] } },
{ "type": "Feature", "properties": { "GEOID": "34027043602", "county_name": "Morris", "need_score": 20.7, "uninsured_pct": 20.01, "under_200_fpl_pct": 33.84, "total_pop": 2923 }, "geometry": { "type": "Polygon", "coordinates": [ [ [ -74.46923, 40.78851 ], [ -74.46798, 40.79867 ], [ -74.46461, 40.80086 ], [ -74.45865, 40.79702 ], [ -74.45669, 40.78936 ], [ -74.46426, 40.78782 ], [ -74.46923, 40.78851 ] ] ] } },
{ "type": "Feature", "properties": { "GEOID": "34023003601", "county_name": "Middlesex", "need_score": 13.8, "uninsured_pct": 2.79, "under_200_fpl_pct": 18.32, "total_pop": 7995 }, "geometry": { "type": "Polygon", "coordinates": [ [ [ -74.22691, 40.579 ], [ -74.22596, 40.58806 ], [ -74.22226, 40.58592 ], [ -74.22088, 40.58814 ], [ -74.21717, 40.58854 ], [ -74.21502, 40.58724 ], [ -74.21471, 40.5854 ], [ -74.21592, 40.58305 ], [ -74.21401, 40.58258 ], [ -74.21655, 40.57826 ], [ -74.21693, 40.57641 ], [ -74.221, 40.57347 ], [ -74.22835, 40.57743 ], [ -74.22691, 40.579 ] ] ] } },
{ "type": "Feature", "properties": { "GEOID": "34035053406", "county_name": "Somerset", "need_score": 9.4, "uninsured_pct": 3.08, "under_200_fpl_pct": 11.72, "total_pop": 6030 }, "geometry": { "type": "Polygon", "coordinates": [ [ [ -74.55745, 40.44823 ], [ -74.53984, 40.47742 ], [ -74.52484, 40.46902 ], [ -74.52078, 40.47224 ], [ -74.50448, 40.46306 ], [ -74.50781, 40.46099 ], [ -74.51239, 40.45662 ], [ -74.52034, 40.45128 ], [ -74.52657, 40.44485 ], [ -74.53506, 40.4391 ], [ -74.55745, 40.44823 ] ] ] } },
{ "type": "Feature", "properties": { "GEOID": "34027043301", "county_name": "Morris", "need_score": 9.6, "uninsured_pct": 3.55, "under_200_fpl_pct": 13.95, "total_pop": 2386 }, "geometry": { "type": "Polygon", "coordinates": [ [ [ -74.47699, 40.81737 ], [ -74.47736, 40.82119 ], [ -74.47447, 40.81991 ], [ -74.47361, 40.81669 ], [ -74.47211, 40.81447 ], [ -74.46816, 40.8107 ], [ -74.46022, 40.80633 ], [ -74.45552, 40.80569 ], [ -74.44659, 40.80585 ], [ -74.44239, 40.80821 ], [ -74.44102, 40.80829 ], [ -74.43539, 40.8051 ], [ -74.43342, 40.80334 ], [ -74.43271, 40.80156 ], [ -74.43308, 40.79946 ], [ -74.4346, 40.79714 ], [ -74.43465, 40.79308 ], [ -74.45847, 40.7963 ], [ -74.45865, 40.79702 ], [ -74.47297, 40.80624 ], [ -74.47772, 40.8135 ], [ -74.47699, 40.81737 ] ] ] } },
{ "type": "Feature", "properties": { "GEOID": "34035053200", "county_name": "Somerset", "need_score": 15.3, "uninsured_pct": 17.36, "under_200_fpl_pct": 10.39, "total_pop": 7684 }, "geometry": { "type": "Polygon", "coordinates": [ [ [ -74.49209, 40.48932 ], [ -74.48738, 40.49543 ], [ -74.48448, 40.49737 ], [ -74.47384, 40.50759 ], [ -74.46731, 40.50502 ], [ -74.46699, 40.50293 ], [ -74.46504, 40.50126 ], [ -74.46243, 40.50022 ], [ -74.45904, 40.49607 ], [ -74.46079, 40.49599 ], [ -74.48293, 40.48769 ], [ -74.49004, 40.48621 ], [ -74.49229, 40.48626 ], [ -74.49209, 40.48932 ] ] ] } },
{ "type": "Feature", "properties": { "GEOID": "34023005000", "county_name": "Middlesex", "need_score": 28.0, "uninsured_pct": 17.58, "under_200_fpl_pct": 37.88, "total_pop": 5507 }, "geometry": { "type": "Polygon", "coordinates": [ [ [ -74.28047, 40.49699 ], [ -74.27418, 40.50856 ], [ -74.27339, 40.50834 ], [ -74.2741, 40.50689 ], [ -74.2623, 40.50354 ], [ -74.26676, 40.4989 ], [ -74.26906, 40.49483 ], [ -74.28047, 40.49699 ] ] ] } },
{ "type": "Feature", "properties": { "GEOID": "34023007203", "county_name": "Middlesex", "need_score": 13.9, "uninsured_pct": 6.82, "under_200_fpl_pct": 15.04, "total_pop": 5000 }, "geometry": { "type": "Polygon", "coordinates": [ [ [ -74.33114, 40.46525 ], [ -74.32255, 40.46829 ], [ -74.31736, 40.47172 ], [ -74.31159, 40.47825 ], [ -74.29981, 40.47656 ], [ -74.29837, 40.47379 ], [ -74.31009, 40.46584 ], [ -74.31468, 40.46456 ], [ -74.33232, 40.46139 ], [ -74.33114, 40.46525 ] ] ] } },
{ "type": "Feature", "properties": { "GEOID": "34013015500", "county_name": "Essex", "need_score": 9.2, "uninsured_pct": 0.85, "under_200_fpl_pct": 10.82, "total_pop": 4491 }, "geometry": { "type": "Polygon", "coordinates": [ [ [ -74.19552, 40.7896 ], [ -74.19272, 40.79227 ], [ -74.19093, 40.79768 ], [ -74.17946, 40.79479 ], [ -74.18213, 40.78663 ], [ -74.18878, 40.78969 ], [ -74.19499, 40.7886 ], [ -74.19552, 40.7896 ] ] ] } },
{ "type": "Feature", "properties": { "GEOID": "34013013100", "county_name": "Essex", "need_score": 19.6, "uninsured_pct": 16.46, "under_200_fpl_pct": 38.81, "total_pop": 2509 }, "geometry": { "type": "Polygon", "coordinates": [ [ [ -74.22738, 40.71761 ], [ -74.22067, 40.72821 ], [ -74.21505, 40.72949 ], [ -74.21805, 40.72131 ], [ -74.22347, 40.71535 ], [ -74.22419, 40.71525 ], [ -74.22738, 40.71761 ] ] ] } },
{ "type": "Feature", "properties": { "GEOID": "34027041606", "county_name": "Morris", "need_score": 8.4, "uninsured_pct": 1.15, "under_200_fpl_pct": 6.96, "total_pop": 4095 }, "geometry": { "type": "Polygon", "coordinates": [ [ [ -74.4985, 40.8542 ], [ -74.49275, 40.85556 ], [ -74.48964, 40.85897 ], [ -74.48507, 40.8565 ], [ -74.47865, 40.85482 ], [ -74.47604, 40.85303 ], [ -74.47852, 40.85033 ], [ -74.47959, 40.85069 ], [ -74.49221, 40.84197 ], [ -74.49789, 40.84882 ], [ -74.4985, 40.8542 ] ] ] } },
{ "type": "Feature", "properties": { "GEOID": "34013980100", "county_name": "Essex", "need_score": 54.6, "uninsured_pct": 0.0, "under_200_fpl_pct": 100.0, "total_pop": 2186 }, "geometry": { "type": "Polygon", "coordinates": [ [ [ -74.1841, 40.7135 ], [ -74.18194, 40.71434 ], [ -74.15539, 40.71813 ], [ -74.15171, 40.71688 ], [ -74.15999, 40.70968 ], [ -74.16425, 40.71048 ], [ -74.17455, 40.71092 ], [ -74.18205, 40.71004 ], [ -74.1841, 40.7135 ] ] ] } },
{ "type": "Feature", "properties": { "GEOID": "34023007908", "county_name": "Middlesex", "need_score": 26.1, "uninsured_pct": 8.3, "under_200_fpl_pct": 49.88, "total_pop": 6013 }, "geometry": { "type": "Polygon", "coordinates": [ [ [ -74.30017, 40.43732 ], [ -74.29973, 40.44672 ], [ -74.29693, 40.45435 ], [ -74.27747, 40.44573 ], [ -74.27624, 40.44412 ], [ -74.27708, 40.44483 ], [ -74.27913, 40.44221 ], [ -74.2774, 40.44129 ], [ -74.28177, 40.43891 ], [ -74.28159, 40.43671 ], [ -74.28594, 40.43578 ], [ -74.28928, 40.43729 ], [ -74.30017, 40.43732 ] ] ] } },
{ "type": "Feature", "properties": { "GEOID": "34023003102", "county_name": "Middlesex", "need_score": 10.1, "uninsured_pct": 3.18, "under_200_fpl_pct": 22.15, "total_pop": 4962 }, "geometry": { "type": "Polygon", "coordinates": [ [ [ -74.32844, 40.54631 ], [ -74.31702, 40.55269 ], [ -74.30864, 40.54096 ], [ -74.32198, 40.53726 ], [ -74.32844, 40.54631 ] ] ] } },
{ "type": "Feature", "properties": { "GEOID": "34023001502", "county_name": "Middlesex", "need_score": 14.9, "uninsured_pct": 6.89, "under_200_fpl_pct": 14.06, "total_pop": 6499 }, "geometry": { "type": "Polygon", "coordinates": [ [ [ -74.43, 40.50864 ], [ -74.41073, 40.51936 ], [ -74.39232, 40.53064 ], [ -74.38337, 40.53499 ], [ -74.378, 40.53618 ], [ -74.37717, 40.53337 ], [ -74.41474, 40.50644 ], [ -74.41969, 40.50681 ], [ -74.42536, 40.50537 ], [ -74.43, 40.50864 ] ] ] } },
{ "type": "Feature", "properties": { "GEOID": "34013001600", "county_name": "Essex", "need_score": 27.1, "uninsured_pct": 12.83, "under_200_fpl_pct": 50.59, "total_pop": 2042 }, "geometry": { "type": "Polygon", "coordinates": [ [ [ -74.19801, 40.75491 ], [ -74.19443, 40.75319 ], [ -74.18774, 40.75173 ], [ -74.18897, 40.75002 ], [ -74.1905, 40.75061 ], [ -74.19233, 40.74789 ], [ -74.19641, 40.74901 ], [ -74.19469, 40.7528 ], [ -74.19832, 40.75429 ], [ -74.19801, 40.75491 ] ] ] } },
{ "type": "Feature", "properties": { "GEOID": "34013022800", "county_name": "Essex", "need_score": 33.5, "uninsured_pct": 8.61, "under_200_fpl_pct": 60.24, "total_pop": 1743 }, "geometry": { "type": "Polygon", "coordinates": [ [ [ -74.18928, 40.73211 ], [ -74.18828, 40.73466 ], [ -74.17972, 40.73639 ], [ -74.18196, 40.7304 ], [ -74.18928, 40.73211 ] ] ] } },
{ "type": "Feature", "properties": { "GEOID": "34027041701", "county_name": "Morris", "need_score": 10.7, "uninsured_pct": 3.55, "under_200_fpl_pct": 9.6, "total_pop": 6711 }, "geometry": { "type": "Polygon", "coordinates": [ [ [ -74.39648, 40.88293 ], [ -74.39584, 40.88717 ], [ -74.39018, 40.88855 ], [ -74.38808, 40.88803 ], [ -74.37802, 40.89147 ], [ -74.37807, 40.89028 ], [ -74.38207, 40.88363 ], [ -74.38279, 40.87577 ], [ -74.38721, 40.87649 ], [ -74.39048, 40.87631 ], [ -74.39029, 40.87719 ], [ -74.39391, 40.87765 ], [ -74.39648, 40.88293 ] ] ] } },
{ "type": "Feature", "properties": { "GEOID": "34013000600", "county_name": "Essex", "need_score": 29.4, "uninsured_pct": 16.45, "under_200_fpl_pct": 36.01, "total_pop": 4146 }, "geometry": { "type": "Polygon", "coordinates": [ [ [ -74.19089, 40.76555 ], [ -74.18671, 40.77448 ], [ -74.18626, 40.77466 ], [ -74.18447, 40.7721 ], [ -74.18703, 40.76704 ], [ -74.18418, 40.76618 ], [ -74.18538, 40.7639 ], [ -74.19089, 40.76555 ] ] ] } },
{ "type": "Feature", "properties": { "GEOID": "34013012300", "county_name": "Essex", "need_score": 17.2, "uninsured_pct": 7.85, "under_200_fpl_pct": 32.9, "total_pop": 4790 }, "geometry": { "type": "Polygon", "coordinates": [ [ [ -74.24345, 40.73075 ], [ -74.23977, 40.73186 ], [ -74.23577, 40.73511 ], [ -74.23171, 40.7349 ], [ -74.22852, 40.73653 ], [ -74.22826, 40.7361 ], [ -74.2285, 40.73435 ], [ -74.23154, 40.72825 ], [ -74.24294, 40.72992 ], [ -74.24345, 40.73075 ] ] ] } },
{ "type": "Feature", "properties": { "GEOID": "34023008506", "county_name": "Middlesex", "need_score": 8.8, "uninsured_pct": 3.72, "under_200_fpl_pct": 4.59, "total_pop": 4270 }, "geometry": { "type": "Polygon", "coordinates": [ [ [ -74.55246, 40.38938 ], [ -74.54952, 40.38975 ], [ -74.54717, 40.38912 ], [ -74.53734, 40.38226 ], [ -74.52091, 40.38143 ], [ -74.51694, 40.38205 ], [ -74.51221, 40.37617 ], [ -74.50733, 40.36852 ], [ -74.54084, 40.37896 ], [ -74.54271, 40.37904 ], [ -74.54566, 40.37777 ], [ -74.55086, 40.38785 ], [ -74.55246, 40.38938 ] ] ] } },
{ "type": "Feature", "properties": { "GEOID": "34037373600", "county_name": "Sussex", "need_score": 12.9, "uninsured_pct": 8.04, "under_200_fpl_pct": 17.57, "total_pop": 2939 }, "geometry": { "type": "Polygon", "coordinates": [ [ [ -74.77295, 41.0215 ], [ -74.7676, 41.0392 ], [ -74.74614, 41.03719 ], [ -74.72918, 41.05537 ], [ -74.73622, 41.06026 ], [ -74.72553, 41.0672 ], [ -74.71045, 41.08369 ], [ -74.68861, 41.05596 ], [ -74.70078, 41.04866 ], [ -74.71296, 41.03624 ], [ -74.719, 41.03121 ], [ -74.72333, 41.02486 ], [ -74.72864, 41.02018 ], [ -74.73477, 41.00754 ], [ -74.73507, 41.00505 ], [ -74.73607, 41.00384 ], [ -74.74244, 40.99863 ], [ -74.74622, 40.99976 ], [ -74.74864, 40.99968 ], [ -74.75163, 40.97738 ], [ -74.7679, 40.98965 ], [ -74.78764, 41.00579 ], [ -74.77295, 41.0215 ] ] ] } },
{ "type": "Feature", "properties": { "GEOID": "34027040302", "county_name": "Morris", "need_score": 10.9, "uninsured_pct": 3.99, "under_200_fpl_pct": 13.53, "total_pop": 4413 }, "geometry": { "type": "Polygon", "coordinates": [ [ [ -74.31336, 40.95193 ], [ -74.30579, 40.951 ], [ -74.30544, 40.95258 ], [ -74.30873, 40.96114 ], [ -74.30876, 40.96291 ], [ -74.30764, 40.96303 ], [ -74.30848, 40.96798 ], [ -74.30712, 40.97165 ], [ -74.30806, 40.97633 ], [ -74.30342, 40.97677 ], [ -74.29677, 40.94121 ], [ -74.30564, 40.94055 ], [ -74.30578, 40.93979 ], [ -74.3138, 40.94028 ], [ -74.31336, 40.95193 ] ] ] } },
{ "type": "Feature", "properties": { "GEOID": "34013002203", "county_name": "Essex", "need_score": 40.0, "uninsured_pct": 15.81, "under_200_fpl_pct": 64.76, "total_pop": 6237 }, "geometry": { "type": "Polygon", "coordinates": [ [ [ -74.25136, 40.73753 ], [ -74.24837, 40.73965 ], [ -74.24609, 40.73806 ], [ -74.24865, 40.7344 ], [ -74.25101, 40.73622 ], [ -74.25136, 40.73753 ] ] ] } },
{ "type": "Feature", "properties": { "GEOID": "34023001804", "county_name": "Middlesex", "need_score": 16.6, "uninsured_pct": 7.87, "under_200_fpl_pct": 26.66, "total_pop": 3724 }, "geometry": { "type": "Polygon", "coordinates": [ [ [ -74.39287, 40.50734 ], [ -74.37506, 40.5152 ], [ -74.36689, 40.51423 ], [ -74.38743, 40.49607 ], [ -74.39036, 40.49835 ], [ -74.39238, 40.50142 ], [ -74.39287, 40.50734 ] ] ] } },
{ "type": "Feature", "properties": { "GEOID": "34023002200", "county_name": "Middlesex", "need_score": 10.3, "uninsured_pct": 0.55, "under_200_fpl_pct": 13.92, "total_pop": 4017 }, "geometry": { "type": "Polygon", "coordinates": [ [ [ -74.37281, 40.53636 ], [ -74.36405, 40.53765 ], [ -74.35001, 40.53441 ], [ -74.35544, 40.52803 ], [ -74.35853, 40.52782 ], [ -74.37007, 40.52935 ], [ -74.37717, 40.53337 ], [ -74.37281, 40.53636 ] ] ] } },
{ "type": "Feature", "properties": { "GEOID": "34013001800", "county_name": "Essex", "need_score": 14.6, "uninsured_pct": 9.08, "under_200_fpl_pct": 22.06, "total_pop": 2390 }, "geometry": { "type": "Polygon", "coordinates": [ [ [ -74.20914, 40.74352 ], [ -74.20624, 40.74945 ], [ -74.20446, 40.74892 ], [ -74.20217, 40.75065 ], [ -74.19814, 40.74951 ], [ -74.20246, 40.74086 ], [ -74.20072, 40.74026 ], [ -74.20113, 40.7391 ], [ -74.2047, 40.73988 ], [ -74.20625, 40.73849 ], [ -74.20653, 40.74029 ], [ -74.20744, 40.74049 ], [ -74.20661, 40.74266 ], [ -74.20914, 40.74352 ] ] ] } },
{ "type": "Feature", "properties": { "GEOID": "34013008000", "county_name": "Essex", "need_score": 15.7, "uninsured_pct": 8.48, "under_200_fpl_pct": 30.37, "total_pop": 2736 }, "geometry": { "type": "Polygon", "coordinates": [ [ [ -74.17676, 40.72757 ], [ -74.16895, 40.74139 ], [ -74.16778, 40.73958 ], [ -74.16379, 40.7392 ], [ -74.16196, 40.73601 ], [ -74.16582, 40.73317 ], [ -74.17279, 40.72626 ], [ -74.17676, 40.72757 ] ] ] } },
{ "type": "Feature", "properties": { "GEOID": "34013018800", "county_name": "Essex", "need_score": 19.4, "uninsured_pct": 8.81, "under_200_fpl_pct": 28.16, "total_pop": 4875 }, "geometry": { "type": "Polygon", "coordinates": [ [ [ -74.25429, 40.76006 ], [ -74.2529, 40.76101 ], [ -74.247, 40.75906 ], [ -74.24128, 40.76453 ], [ -74.23688, 40.76128 ], [ -74.2347, 40.76055 ], [ -74.23552, 40.75576 ], [ -74.23313, 40.75672 ], [ -74.23815, 40.75224 ], [ -74.24016, 40.75192 ], [ -74.25532, 40.75812 ], [ -74.25429, 40.76006 ] ] ] } },
{ "type": "Feature", "properties": { "GEOID": "34023005601", "county_name": "Middlesex", "need_score": 28.1, "uninsured_pct": 31.8, "under_200_fpl_pct": 46.45, "total_pop": 3264 }, "geometry": { "type": "Polygon", "coordinates": [ [ [ -74.47121, 40.47324 ], [ -74.45889, 40.48494 ], [ -74.45354, 40.48166 ], [ -74.45816, 40.47718 ], [ -74.46038, 40.47763 ], [ -74.46781, 40.47118 ], [ -74.47121, 40.47324 ] ] ] } },
{ "type": "Feature", "properties": { "GEOID": "34023000503", "county_name": "Middlesex", "need_score": 8.4, "uninsured_pct": 9.14, "under_200_fpl_pct": 10.5, "total_pop": 2943 }, "geometry": { "type": "Polygon", "coordinates": [ [ [ -74.45402, 40.5778 ], [ -74.44008, 40.58096 ], [ -74.43813, 40.57185 ], [ -74.446, 40.57239 ], [ -74.44444, 40.56151 ], [ -74.44793, 40.56147 ], [ -74.45135, 40.56803 ], [ -74.45402, 40.5778 ] ] ] } },
{ "type": "Feature", "properties": { "GEOID": "34027043200", "county_name": "Morris", "need_score": 4.9, "uninsured_pct": 0.83, "under_200_fpl_pct": 4.17, "total_pop": 4715 }, "geometry": { "type": "Polygon", "coordinates": [ [ [ -74.4435, 40.77163 ], [ -74.44073, 40.77743 ], [ -74.4295, 40.77136 ], [ -74.42319, 40.76697 ], [ -74.4169, 40.75925 ], [ -74.42156, 40.75818 ], [ -74.4262, 40.75604 ], [ -74.42779, 40.75408 ], [ -74.42882, 40.74958 ], [ -74.43226, 40.7511 ], [ -74.43327, 40.75007 ], [ -74.4382, 40.75231 ], [ -74.43827, 40.75355 ], [ -74.43997, 40.75465 ], [ -74.43638, 40.76605 ], [ -74.4435, 40.77163 ] ] ] } },
{ "type": "Feature", "properties": { "GEOID": "34023008501", "county_name": "Middlesex", "need_score": 9.7, "uninsured_pct": 3.66, "under_200_fpl_pct": 16.91, "total_pop": 4862 }, "geometry": { "type": "Polygon", "coordinates": [ [ [ -74.55732, 40.39777 ], [ -74.51892, 40.42932 ], [ -74.51138, 40.42677 ], [ -74.51027, 40.42733 ], [ -74.50858, 40.42701 ], [ -74.50792, 40.42461 ], [ -74.51026, 40.42188 ], [ -74.50998, 40.4212 ], [ -74.51487, 40.41423 ], [ -74.51457, 40.41345 ], [ -74.52791, 40.39313 ], [ -74.53358, 40.38728 ], [ -74.5389, 40.38307 ], [ -74.54717, 40.38912 ], [ -74.54952, 40.38975 ], [ -74.55246, 40.38938 ], [ -74.55368, 40.39057 ], [ -74.55732, 40.39777 ] ] ] } },
{ "type": "Feature", "properties": { "GEOID": "34013001100", "county_name": "Essex", "need_score": 12.8, "uninsured_pct": 3.2, "under_200_fpl_pct": 41.4, "total_pop": 3377 }, "geometry": { "type": "Polygon", "coordinates": [ [ [ -74.18974, 40.74542 ], [ -74.18823, 40.74805 ], [ -74.18278, 40.74623 ], [ -74.18309, 40.7457 ], [ -74.17585, 40.74348 ], [ -74.17906, 40.7377 ], [ -74.18115, 40.73937 ], [ -74.18477, 40.74061 ], [ -74.18368, 40.74276 ], [ -74.18764, 40.74403 ], [ -74.18974, 40.74542 ] ] ] } },
{ "type": "Feature", "properties": { "GEOID": "34013004500", "county_name": "Essex", "need_score": 16.5, "uninsured_pct": 13.41, "under_200_fpl_pct": 30.74, "total_pop": 3312 }, "geometry": { "type": "Polygon", "coordinates": [ [ [ -74.22671, 40.71062 ], [ -74.22685, 40.71226 ], [ -74.22419, 40.71525 ], [ -74.217, 40.71172 ], [ -74.22167, 40.70714 ], [ -74.22855, 40.70851 ], [ -74.22671, 40.71062 ] ] ] } },
{ "type": "Feature", "properties": { "GEOID": "34013010900", "county_name": "Essex", "need_score": 22.6, "uninsured_pct": 8.83, "under_200_fpl_pct": 46.83, "total_pop": 1915 }, "geometry": { "type": "Polygon", "coordinates": [ [ [ -74.21261, 40.74909 ], [ -74.20845, 40.76004 ], [ -74.19706, 40.75666 ], [ -74.19832, 40.75429 ], [ -74.19933, 40.75418 ], [ -74.20106, 40.75076 ], [ -74.20217, 40.75065 ], [ -74.20446, 40.74892 ], [ -74.20624, 40.74945 ], [ -74.21261, 40.74909 ] ] ] } },
{ "type": "Feature", "properties": { "GEOID": "34013019000", "county_name": "Essex", "need_score": 7.0, "uninsured_pct": 2.06, "under_200_fpl_pct": 4.94, "total_pop": 4941 }, "geometry": { "type": "Polygon", "coordinates": [ [ [ -74.28311, 40.74787 ], [ -74.28183, 40.74931 ], [ -74.28189, 40.75052 ], [ -74.27988, 40.75509 ], [ -74.27682, 40.76041 ], [ -74.26783, 40.7623 ], [ -74.25609, 40.75841 ], [ -74.25654, 40.75767 ], [ -74.25754, 40.75801 ], [ -74.2604, 40.75434 ], [ -74.26132, 40.75081 ], [ -74.26594, 40.74484 ], [ -74.26731, 40.74536 ], [ -74.27308, 40.7422 ], [ -74.27862, 40.74633 ], [ -74.28134, 40.74604 ], [ -74.28311, 40.74787 ] ] ] } },
{ "type": "Feature", "properties": { "GEOID": "34027041602", "county_name": "Morris", "need_score": 6.0, "uninsured_pct": 0.88, "under_200_fpl_pct": 7.9, "total_pop": 2835 }, "geometry": { "type": "Polygon", "coordinates": [ [ [ -74.48341, 40.87091 ], [ -74.46607, 40.88489 ], [ -74.45301, 40.88026 ], [ -74.43615, 40.87532 ], [ -74.4374, 40.87458 ], [ -74.43855, 40.87203 ], [ -74.43973, 40.86651 ], [ -74.44858, 40.86797 ], [ -74.45536, 40.86829 ], [ -74.45856, 40.86915 ], [ -74.46204, 40.87123 ], [ -74.46618, 40.87535 ], [ -74.46515, 40.86754 ], [ -74.4716, 40.86704 ], [ -74.4732, 40.8664 ], [ -74.477, 40.86711 ], [ -74.47685, 40.8665 ], [ -74.48219, 40.86868 ], [ -74.48341, 40.87091 ] ] ] } },
{ "type": "Feature", "properties": { "GEOID": "34037371000", "county_name": "Sussex", "need_score": 11.5, "uninsured_pct": 4.26, "under_200_fpl_pct": 14.0, "total_pop": 3808 }, "geometry": { "type": "Polygon", "coordinates": [ [ [ -74.83407, 41.28111 ], [ -74.83006, 41.2872 ], [ -74.82188, 41.29384 ], [ -74.81203, 41.29816 ], [ -74.80686, 41.30315 ], [ -74.79256, 41.31063 ], [ -74.79199, 41.31164 ], [ -74.79238, 41.31409 ], [ -74.79582, 41.31852 ], [ -74.79504, 41.32041 ], [ -74.79212, 41.32247 ], [ -74.7891, 41.32328 ], [ -74.77489, 41.32433 ], [ -74.77159, 41.32508 ], [ -74.7635, 41.33157 ], [ -74.76032, 41.34032 ], [ -74.75597, 41.34495 ], [ -74.75324, 41.34612 ], [ -74.73562, 41.34652 ], [ -74.73037, 41.34598 ], [ -74.72092, 41.34738 ], [ -74.70851, 41.35273 ], [ -74.7006, 41.35455 ], [ -74.69491, 41.35742 ], [ -74.64937, 41.33648 ], [ -74.66392, 41.31725 ], [ -74.66685, 41.30872 ], [ -74.67265, 41.30715 ], [ -74.67515, 41.30079 ], [ -74.67747, 41.26235 ], [ -74.69314, 41.24292 ], [ -74.70769, 41.22834 ], [ -74.71216, 41.22566 ], [ -74.71601, 41.22207 ], [ -74.79901, 41.27556 ], [ -74.82412, 41.27939 ], [ -74.82606, 41.27792 ], [ -74.82943, 41.27675 ], [ -74.83639, 41.27904 ], [ -74.83407, 41.28111 ] ] ] } },
{ "type": "Feature", "properties": { "GEOID": "34035053804", "county_name": "Somerset", "need_score": 11.4, "uninsured_pct": 5.77, "under_200_fpl_pct": 14.68, "total_pop": 4694 }, "geometry": { "type": "Polygon", "coordinates": [ [ [ -74.6497, 40.50639 ], [ -74.64869, 40.51873 ], [ -74.64248, 40.51828 ], [ -74.64222, 40.51968 ], [ -74.64387, 40.52498 ], [ -74.64152, 40.52595 ], [ -74.63964, 40.54667 ], [ -74.64021, 40.54926 ], [ -74.64162, 40.55065 ], [ -74.64221, 40.5528 ], [ -74.64047, 40.55626 ], [ -74.63841, 40.55798 ], [ -74.63447, 40.55867 ], [ -74.63573, 40.56463 ], [ -74.63021, 40.56454 ], [ -74.62385, 40.5624 ], [ -74.62107, 40.56 ], [ -74.62033, 40.55739 ], [ -74.6158, 40.5561 ], [ -74.6134, 40.54102 ], [ -74.61513, 40.53874 ], [ -74.6263, 40.5284 ], [ -74.6289, 40.52121 ], [ -74.63166, 40.51786 ], [ -74.63272, 40.51065 ], [ -74.63395, 40.50937 ], [ -74.64278, 40.50589 ], [ -74.6497, 40.50639 ] ] ] } },
{ "type": "Feature", "properties": { "GEOID": "34019010801", "county_name": "Hunterdon", "need_score": 7.9, "uninsured_pct": 4.11, "under_200_fpl_pct": 12.64, "total_pop": 2784 }, "geometry": { "type": "Polygon", "coordinates": [ [ [ -74.92956, 40.63679 ], [ -74.92215, 40.63742 ], [ -74.92048, 40.64605 ], [ -74.91378, 40.64439 ], [ -74.90752, 40.64534 ], [ -74.90112, 40.64448 ], [ -74.9014, 40.6397 ], [ -74.9005, 40.63965 ], [ -74.89965, 40.6326 ], [ -74.904, 40.63222 ], [ -74.90279, 40.62753 ], [ -74.90579, 40.627 ], [ -74.906, 40.62551 ], [ -74.91723, 40.62534 ], [ -74.91681, 40.63155 ], [ -74.91904, 40.63173 ], [ -74.91957, 40.63237 ], [ -74.92086, 40.63149 ], [ -74.92872, 40.63236 ], [ -74.92956, 40.63679 ] ] ] } },
{ "type": "Feature", "properties": { "GEOID": "34023000403", "county_name": "Middlesex", "need_score": 8.0, "uninsured_pct": 3.7, "under_200_fpl_pct": 10.13, "total_pop": 6101 }, "geometry": { "type": "Polygon", "coordinates": [ [ [ -74.49729, 40.56476 ], [ -74.48634, 40.57144 ], [ -74.48153, 40.57264 ], [ -74.47949, 40.57382 ], [ -74.47876, 40.57247 ], [ -74.46927, 40.56309 ], [ -74.46743, 40.56267 ], [ -74.46482, 40.5633 ], [ -74.4632, 40.56231 ], [ -74.46406, 40.56119 ], [ -74.4951, 40.56077 ], [ -74.49827, 40.56332 ], [ -74.49729, 40.56476 ] ] ] } },
{ "type": "Feature", "properties": { "GEOID": "34023001409", "county_name": "Middlesex", "need_score": 7.3, "uninsured_pct": 0.76, "under_200_fpl_pct": 3.85, "total_pop": 3562 }, "geometry": { "type": "Polygon", "coordinates": [ [ [ -74.36014, 40.57123 ], [ -74.35897, 40.57802 ], [ -74.35919, 40.58379 ], [ -74.33718, 40.58578 ], [ -74.33611, 40.57303 ], [ -74.35785, 40.57117 ], [ -74.36014, 40.57123 ] ] ] } },
{ "type": "Feature", "properties": { "GEOID": "34013005200", "county_name": "Essex", "need_score": 27.3, "uninsured_pct": 18.87, "under_200_fpl_pct": 57.01, "total_pop": 2040 }, "geometry": { "type": "Polygon", "coordinates": [ [ [ -74.21708, 40.71719 ], [ -74.21291, 40.72305 ], [ -74.21014, 40.72296 ], [ -74.21066, 40.72032 ], [ -74.21269, 40.71696 ], [ -74.21296, 40.7148 ], [ -74.21583, 40.717 ], [ -74.21708, 40.71719 ] ] ] } },
{ "type": "Feature", "properties": { "GEOID": "34013016700", "county_name": "Essex", "need_score": 13.1, "uninsured_pct": 1.76, "under_200_fpl_pct": 18.15, "total_pop": 2666 }, "geometry": { "type": "Polygon", "coordinates": [ [ [ -74.21165, 40.81157 ], [ -74.21299, 40.81253 ], [ -74.21009, 40.81649 ], [ -74.20371, 40.81319 ], [ -74.20831, 40.8055 ], [ -74.213, 40.81007 ], [ -74.21165, 40.81157 ] ] ] } },
{ "type": "Feature", "properties": { "GEOID": "34023006209", "county_name": "Middlesex", "need_score": 23.4, "uninsured_pct": 0.78, "under_200_fpl_pct": 44.73, "total_pop": 2468 }, "geometry": { "type": "Polygon", "coordinates": [ [ [ -74.51457, 40.41345 ], [ -74.5056, 40.42652 ], [ -74.50492, 40.42507 ], [ -74.49763, 40.42166 ], [ -74.49601, 40.42501 ], [ -74.49087, 40.43108 ], [ -74.48666, 40.43494 ], [ -74.4782, 40.44014 ], [ -74.47185, 40.44337 ], [ -74.4672, 40.43993 ], [ -74.4694, 40.4346 ], [ -74.4758, 40.4312 ], [ -74.4777, 40.42921 ], [ -74.4778, 40.4244 ], [ -74.47878, 40.42351 ], [ -74.48119, 40.42305 ], [ -74.49148, 40.41778 ], [ -74.49217, 40.41987 ], [ -74.49622, 40.41927 ], [ -74.50215, 40.41608 ], [ -74.50751, 40.41586 ], [ -74.5079, 40.41482 ], [ -74.51375, 40.41268 ], [ -74.51457, 40.41345 ] ] ] } },
{ "type": "Feature", "properties": { "GEOID": "34023007301", "county_name": "Middlesex", "need_score": 8.0, "uninsured_pct": 8.45, "under_200_fpl_pct": 5.06, "total_pop": 3300 }, "geometry": { "type": "Polygon", "coordinates": [ [ [ -74.33725, 40.4577 ], [ -74.33433, 40.45881 ], [ -74.33232, 40.46139 ], [ -74.31009, 40.46584 ], [ -74.29837, 40.47379 ], [ -74.29809, 40.47341 ], [ -74.29973, 40.47152 ], [ -74.3012, 40.46605 ], [ -74.30635, 40.45859 ], [ -74.31363, 40.45062 ], [ -74.32258, 40.45351 ], [ -74.33688, 40.45654 ], [ -74.33725, 40.4577 ] ] ] } },
{ "type": "Feature", "properties": { "GEOID": "34013001000", "county_name": "Essex", "need_score": 28.1, "uninsured_pct": 17.66, "under_200_fpl_pct": 50.24, "total_pop": 4042 }, "geometry": { "type": "Polygon", "coordinates": [ [ [ -74.1905, 40.75061 ], [ -74.18897, 40.75002 ], [ -74.18746, 40.75209 ], [ -74.17938, 40.74817 ], [ -74.17411, 40.747 ], [ -74.17585, 40.74348 ], [ -74.18309, 40.7457 ], [ -74.18278, 40.74623 ], [ -74.19139, 40.74927 ], [ -74.1905, 40.75061 ] ] ] } },
{ "type": "Feature", "properties": { "GEOID": "34023007910", "county_name": "Middlesex", "need_score": 19.9, "uninsured_pct": 2.27, "under_200_fpl_pct": 19.6, "total_pop": 3470 }, "geometry": { "type": "Polygon", "coordinates": [ [ [ -74.28739, 40.42592 ], [ -74.28279, 40.43301 ], [ -74.28329, 40.43441 ], [ -74.28594, 40.43578 ], [ -74.28159, 40.43671 ], [ -74.28177, 40.43891 ], [ -74.2774, 40.44129 ], [ -74.27913, 40.44221 ], [ -74.27708, 40.44483 ], [ -74.27313, 40.44304 ], [ -74.27179, 40.4467 ], [ -74.27309, 40.44984 ], [ -74.27121, 40.45101 ], [ -74.26639, 40.44317 ], [ -74.24748, 40.43153 ], [ -74.24801, 40.41612 ], [ -74.27366, 40.42516 ], [ -74.27824, 40.42541 ], [ -74.28673, 40.42467 ], [ -74.28758, 40.42478 ], [ -74.28739, 40.42592 ] ] ] } },
{ "type": "Feature", "properties": { "GEOID": "34035050704", "county_name": "Somerset", "need_score": 8.4, "uninsured_pct": 1.05, "under_200_fpl_pct": 11.57, "total_pop": 6836 }, "geometry": { "type": "Polygon", "coordinates": [ [ [ -74.6835, 40.58555 ], [ -74.68139, 40.5887 ], [ -74.67891, 40.59078 ], [ -74.6758, 40.59593 ], [ -74.67604, 40.59705 ], [ -74.66988, 40.59529 ], [ -74.67003, 40.59168 ], [ -74.6658, 40.59189 ], [ -74.66319, 40.58942 ], [ -74.66327, 40.58662 ], [ -74.66154, 40.58536 ], [ -74.66199, 40.58279 ], [ -74.66135, 40.578 ], [ -74.65873, 40.5778 ], [ -74.65787, 40.57029 ], [ -74.65354, 40.57005 ], [ -74.65288, 40.56947 ], [ -74.66376, 40.56945 ], [ -74.664, 40.56833 ], [ -74.66929, 40.56793 ], [ -74.66921, 40.56704 ], [ -74.67431, 40.56686 ], [ -74.67398, 40.56373 ], [ -74.6771, 40.56353 ], [ -74.67745, 40.56484 ], [ -74.676, 40.56577 ], [ -74.67626, 40.56718 ], [ -74.67987, 40.572 ], [ -74.68156, 40.58002 ], [ -74.68372, 40.58358 ], [ -74.6835, 40.58555 ] ] ] } },
{ "type": "Feature", "properties": { "GEOID": "34027044900", "county_name": "Morris", "need_score": 23.9, "uninsured_pct": 20.12, "under_200_fpl_pct": 31.86, "total_pop": 5818 }, "geometry": { "type": "Polygon", "coordinates": [ [ [ -74.57782, 40.88602 ], [ -74.57267, 40.88643 ], [ -74.56672, 40.88536 ], [ -74.56088, 40.88312 ], [ -74.55733, 40.88333 ], [ -74.55726, 40.88095 ], [ -74.55245, 40.87607 ], [ -74.55178, 40.8741 ], [ -74.56402, 40.87262 ], [ -74.57907, 40.8776 ], [ -74.57782, 40.88602 ] ] ] } },
{ "type": "Feature", "properties": { "GEOID": "34037374100", "county_name": "Sussex", "need_score": 7.8, "uninsured_pct": 2.25, "under_200_fpl_pct": 9.6, "total_pop": 3644 }, "geometry": { "type": "Polygon", "coordinates": [ [ [ -74.8603, 40.99564 ], [ -74.82391, 41.00403 ], [ -74.79285, 41.00021 ], [ -74.78764, 41.00579 ], [ -74.7679, 40.98965 ], [ -74.74093, 40.96908 ], [ -74.79139, 40.93135 ], [ -74.8603, 40.99564 ] ] ] } },
{ "type": "Feature", "properties": { "GEOID": "34037371200", "county_name": "Sussex", "need_score": 14.7, "uninsured_pct": 5.49, "under_200_fpl_pct": 32.5, "total_pop": 2004 }, "geometry": { "type": "Polygon", "coordinates": [ [ [ -74.61694, 41.20956 ], [ -74.61424, 41.21439 ], [ -74.60786, 41.21632 ], [ -74.60128, 41.21405 ], [ -74.59882, 41.20962 ], [ -74.60146, 41.20477 ], [ -74.60782, 41.20277 ], [ -74.61425, 41.20496 ], [ -74.61694, 41.20956 ] ] ] } },
{ "type": "Feature", "properties": { "GEOID": "34035051100", "county_name": "Somerset", "need_score": 23.5, "uninsured_pct": 22.78, "under_200_fpl_pct": 33.11, "total_pop": 4521 }, "geometry": { "type": "Polygon", "coordinates": [ [ [ -74.54343, 40.56766 ], [ -74.52553, 40.56654 ], [ -74.5245, 40.56195 ], [ -74.52667, 40.56073 ], [ -74.52669, 40.55947 ], [ -74.52783, 40.55962 ], [ -74.5276, 40.56076 ], [ -74.53993, 40.56049 ], [ -74.54085, 40.56389 ], [ -74.54343, 40.56766 ] ] ] } },
{ "type": "Feature", "properties": { "GEOID": "34027043801", "county_name": "Morris", "need_score": 12.6, "uninsured_pct": 6.2, "under_200_fpl_pct": 16.87, "total_pop": 2844 }, "geometry": { "type": "Polygon", "coordinates": [ [ [ -74.5014, 40.79942 ], [ -74.49739, 40.79898 ], [ -74.49399, 40.80103 ], [ -74.48961, 40.80847 ], [ -74.48717, 40.80797 ], [ -74.48601, 40.80685 ], [ -74.48932, 40.80183 ], [ -74.48509, 40.80186 ], [ -74.48504, 40.79869 ], [ -74.48156, 40.79664 ], [ -74.48899, 40.78917 ], [ -74.49336, 40.79956 ], [ -74.49604, 40.79731 ], [ -74.49855, 40.79639 ], [ -74.49872, 40.7974 ], [ -74.5014, 40.79942 ] ] ] } },
{ "type": "Feature", "properties": { "GEOID": "34023001418", "county_name": "Middlesex", "need_score": 16.8, "uninsured_pct": 10.55, "under_200_fpl_pct": 16.59, "total_pop": 5184 }, "geometry": { "type": "Polygon", "coordinates": [ [ [ -74.34797, 40.57238 ], [ -74.33611, 40.57303 ], [ -74.33544, 40.56979 ], [ -74.33339, 40.56684 ], [ -74.33209, 40.56628 ], [ -74.33567, 40.56217 ], [ -74.34263, 40.55651 ], [ -74.34483, 40.55327 ], [ -74.34648, 40.55693 ], [ -74.34797, 40.57238 ] ] ] } },
{ "type": "Feature", "properties": { "GEOID": "34023000610", "county_name": "Middlesex", "need_score": 10.2, "uninsured_pct": 5.9, "under_200_fpl_pct": 7.51, "total_pop": 5765 }, "geometry": { "type": "Polygon", "coordinates": [ [ [ -74.43937, 40.54261 ], [ -74.42938, 40.5483 ], [ -74.42738, 40.54648 ], [ -74.4086, 40.54382 ], [ -74.4118, 40.53549 ], [ -74.42053, 40.53253 ], [ -74.42616, 40.53297 ], [ -74.43562, 40.54032 ], [ -74.43856, 40.54093 ], [ -74.43937, 40.54261 ] ] ] } },
{ "type": "Feature", "properties": { "GEOID": "34035051300", "county_name": "Somerset", "need_score": 15.6, "uninsured_pct": 8.29, "under_200_fpl_pct": 21.78, "total_pop": 2448 }, "geometry": { "type": "Polygon", "coordinates": [ [ [ -74.54481, 40.57195 ], [ -74.5394, 40.57142 ], [ -74.53765, 40.57454 ], [ -74.53636, 40.57927 ], [ -74.5247, 40.58184 ], [ -74.52906, 40.57066 ], [ -74.52392, 40.56967 ], [ -74.52364, 40.56873 ], [ -74.52589, 40.56823 ], [ -74.52553, 40.56654 ], [ -74.54343, 40.56766 ], [ -74.54556, 40.56994 ], [ -74.54481, 40.57195 ] ] ] } },
{ "type": "Feature", "properties": { "GEOID": "34035050801", "county_name": "Somerset", "need_score": 7.4, "uninsured_pct": 1.98, "under_200_fpl_pct": 8.18, "total_pop": 4109 }, "geometry": { "type": "Polygon", "coordinates": [ [ [ -74.67545, 40.59869 ], [ -74.67225, 40.60154 ], [ -74.66956, 40.6027 ], [ -74.66705, 40.60679 ], [ -74.66778, 40.60904 ], [ -74.66929, 40.61017 ], [ -74.66974, 40.61218 ], [ -74.66651, 40.61332 ], [ -74.66721, 40.61591 ], [ -74.66518, 40.61697 ], [ -74.66611, 40.61838 ], [ -74.66254, 40.62463 ], [ -74.65959, 40.62561 ], [ -74.65918, 40.62781 ], [ -74.65498, 40.62836 ], [ -74.65433, 40.6268 ], [ -74.6524, 40.62701 ], [ -74.65061, 40.6262 ], [ -74.64863, 40.62772 ], [ -74.64748, 40.62541 ], [ -74.64316, 40.60818 ], [ -74.64165, 40.59708 ], [ -74.63901, 40.5971 ], [ -74.63543, 40.59495 ], [ -74.63052, 40.59346 ], [ -74.63219, 40.5901 ], [ -74.63144, 40.58654 ], [ -74.63018, 40.58487 ], [ -74.62512, 40.58364 ], [ -74.62505, 40.58272 ], [ -74.65501, 40.59283 ], [ -74.66615, 40.59434 ], [ -74.67604, 40.59705 ], [ -74.67545, 40.59869 ] ] ] } },
{ "type": "Feature", "properties": { "GEOID": "34035050903", "county_name": "Somerset", "need_score": 5.4, "uninsured_pct": 0.32, "under_200_fpl_pct": 5.18, "total_pop": 5254 }, "geometry": { "type": "Polygon", "coordinates": [ [ [ -74.6094, 40.60927 ], [ -74.60781, 40.61118 ], [ -74.60894, 40.61741 ], [ -74.59869, 40.62655 ], [ -74.58652, 40.61884 ], [ -74.58564, 40.6195 ], [ -74.58485, 40.62172 ], [ -74.56323, 40.61051 ], [ -74.55424, 40.60514 ], [ -74.5448, 40.60405 ], [ -74.53527, 40.60563 ], [ -74.53522, 40.60346 ], [ -74.53262, 40.60052 ], [ -74.53295, 40.59888 ], [ -74.53168, 40.59532 ], [ -74.53717, 40.59334 ], [ -74.54605, 40.59181 ], [ -74.54472, 40.58722 ], [ -74.55168, 40.58798 ], [ -74.55799, 40.59191 ], [ -74.56254, 40.59247 ], [ -74.56345, 40.58883 ], [ -74.56541, 40.59114 ], [ -74.57957, 40.58919 ], [ -74.58486, 40.59073 ], [ -74.58692, 40.59306 ], [ -74.59003, 40.59434 ], [ -74.60338, 40.60605 ], [ -74.60662, 40.60553 ], [ -74.60877, 40.60614 ], [ -74.6094, 40.60927 ] ] ] } },
{ "type": "Feature", "properties": { "GEOID": "34035051000", "county_name": "Somerset", "need_score": 15.8, "uninsured_pct": 3.76, "under_200_fpl_pct": 16.11, "total_pop": 7099 }, "geometry": { "type": "Polygon", "coordinates": [ [ [ -74.60825, 40.56021 ], [ -74.60766, 40.56245 ], [ -74.60602, 40.5639 ], [ -74.58957, 40.56118 ], [ -74.58626, 40.57053 ], [ -74.59493, 40.57111 ], [ -74.59371, 40.57486 ], [ -74.59732, 40.57529 ], [ -74.59678, 40.57672 ], [ -74.59935, 40.57794 ], [ -74.5987, 40.57975 ], [ -74.55815, 40.575 ], [ -74.55297, 40.57509 ], [ -74.53676, 40.57761 ], [ -74.5394, 40.57142 ], [ -74.554, 40.57308 ], [ -74.55504, 40.57466 ], [ -74.55755, 40.57252 ], [ -74.55632, 40.57013 ], [ -74.55348, 40.568 ], [ -74.5546, 40.5676 ], [ -74.54499, 40.55743 ], [ -74.54429, 40.55578 ], [ -74.54279, 40.5552 ], [ -74.54743, 40.55177 ], [ -74.55494, 40.54942 ], [ -74.56124, 40.54477 ], [ -74.56648, 40.54281 ], [ -74.56781, 40.54324 ], [ -74.56838, 40.54487 ], [ -74.56783, 40.54745 ], [ -74.5689, 40.54973 ], [ -74.57245, 40.55195 ], [ -74.5848, 40.55555 ], [ -74.58642, 40.55069 ], [ -74.59358, 40.55112 ], [ -74.5968, 40.55668 ], [ -74.60353, 40.55891 ], [ -74.6081, 40.55836 ], [ -74.61015, 40.55874 ], [ -74.60825, 40.56021 ] ] ] } },
{ "type": "Feature", "properties": { "GEOID": "34035053705", "county_name": "Somerset", "need_score": 7.9, "uninsured_pct": 4.84, "under_200_fpl_pct": 8.52, "total_pop": 6547 }, "geometry": { "type": "Polygon", "coordinates": [ [ [ -74.68728, 40.50661 ], [ -74.68354, 40.50904 ], [ -74.67286, 40.50478 ], [ -74.67228, 40.50737 ], [ -74.64278, 40.50589 ], [ -74.64739, 40.49655 ], [ -74.64829, 40.4965 ], [ -74.65156, 40.4939 ], [ -74.65358, 40.4938 ], [ -74.65587, 40.4922 ], [ -74.6594, 40.49364 ], [ -74.66735, 40.49395 ], [ -74.66503, 40.49927 ], [ -74.67912, 40.50485 ], [ -74.68376, 40.50496 ], [ -74.68692, 40.5036 ], [ -74.68728, 40.50661 ] ] ] } },
{ "type": "Feature", "properties": { "GEOID": "34035052100", "county_name": "Somerset", "need_score": 11.0, "uninsured_pct": 6.82, "under_200_fpl_pct": 13.94, "total_pop": 6982 }, "geometry": { "type": "Polygon", "coordinates": [ [ [ -74.51772, 40.58725 ], [ -74.48232, 40.62118 ], [ -74.47947, 40.61748 ], [ -74.45904, 40.61988 ], [ -74.45053, 40.628 ], [ -74.45161, 40.62875 ], [ -74.44655, 40.63382 ], [ -74.44168, 40.62938 ], [ -74.44563, 40.62566 ], [ -74.46495, 40.61127 ], [ -74.45738, 40.6023 ], [ -74.45988, 40.60003 ], [ -74.46627, 40.59908 ], [ -74.46614, 40.59779 ], [ -74.4672, 40.59863 ], [ -74.47008, 40.59834 ], [ -74.47651, 40.59514 ], [ -74.47789, 40.59321 ], [ -74.48322, 40.58943 ], [ -74.48884, 40.588 ], [ -74.49067, 40.58651 ], [ -74.49125, 40.58756 ], [ -74.49283, 40.58749 ], [ -74.49438, 40.58652 ], [ -74.50198, 40.58531 ], [ -74.50244, 40.58401 ], [ -74.50512, 40.58628 ], [ -74.50972, 40.58422 ], [ -74.51215, 40.58208 ], [ -74.51569, 40.58612 ], [ -74.51772, 40.58725 ] ] ] } },
{ "type": "Feature", "properties": { "GEOID": "34035053703", "county_name": "Somerset", "need_score": 5.2, "uninsured_pct": 1.3, "under_200_fpl_pct": 3.43, "total_pop": 4246 }, "geometry": { "type": "Polygon", "coordinates": [ [ [ -74.79788, 40.51567 ], [ -74.78753, 40.51222 ], [ -74.7849, 40.50984 ], [ -74.78487, 40.50814 ], [ -74.78139, 40.505 ], [ -74.7766, 40.50328 ], [ -74.77534, 40.50455 ], [ -74.76763, 40.50341 ], [ -74.76573, 40.50459 ], [ -74.76188, 40.50511 ], [ -74.75597, 40.50705 ], [ -74.7541, 40.50702 ], [ -74.75164, 40.50558 ], [ -74.74792, 40.50491 ], [ -74.74681, 40.50281 ], [ -74.74188, 40.50192 ], [ -74.73694, 40.50201 ], [ -74.72899, 40.50356 ], [ -74.72549, 40.50647 ], [ -74.72658, 40.50892 ], [ -74.7166, 40.51252 ], [ -74.69204, 40.50349 ], [ -74.6876, 40.50644 ], [ -74.6837, 40.4881 ], [ -74.6828, 40.4871 ], [ -74.6749, 40.4842 ], [ -74.67077, 40.48381 ], [ -74.6657, 40.4821 ], [ -74.65429, 40.48044 ], [ -74.65775, 40.47183 ], [ -74.65915, 40.47035 ], [ -74.66515, 40.47163 ], [ -74.70182, 40.46824 ], [ -74.71533, 40.44206 ], [ -74.73929, 40.43986 ], [ -74.75201, 40.43136 ], [ -74.79788, 40.51567 ] ] ] } },
{ "type": "Feature", "properties": { "GEOID": "34035053805", "county_name": "Somerset", "need_score": 12.0, "uninsured_pct": 3.98, "under_200_fpl_pct": 16.8, "total_pop": 6405 }, "geometry": { "type": "Polygon", "coordinates": [ [ [ -74.64326, 40.50523 ], [ -74.64164, 40.50661 ], [ -74.63395, 40.50937 ], [ -74.63272, 40.51065 ], [ -74.63166, 40.51786 ], [ -74.6289, 40.52121 ], [ -74.6263, 40.5284 ], [ -74.61513, 40.53874 ], [ -74.6134, 40.54102 ], [ -74.6158, 40.5561 ], [ -74.61258, 40.5579 ], [ -74.60353, 40.55891 ], [ -74.59862, 40.55767 ], [ -74.60103, 40.55483 ], [ -74.60249, 40.55459 ], [ -74.60258, 40.55221 ], [ -74.60062, 40.55194 ], [ -74.60063, 40.54302 ], [ -74.60518, 40.54217 ], [ -74.60429, 40.53677 ], [ -74.60246, 40.53722 ], [ -74.60048, 40.53245 ], [ -74.6076, 40.53026 ], [ -74.60925, 40.5274 ], [ -74.59843, 40.52692 ], [ -74.59762, 40.52744 ], [ -74.5893, 40.52798 ], [ -74.58998, 40.52583 ], [ -74.58936, 40.52241 ], [ -74.58801, 40.52004 ], [ -74.58641, 40.51902 ], [ -74.58001, 40.51744 ], [ -74.57677, 40.51482 ], [ -74.57629, 40.51252 ], [ -74.57715, 40.50937 ], [ -74.58003, 40.50713 ], [ -74.58141, 40.50791 ], [ -74.58803, 40.50757 ], [ -74.58808, 40.50691 ], [ -74.59682, 40.50603 ], [ -74.59654, 40.50332 ], [ -74.60151, 40.50297 ], [ -74.60066, 40.49806 ], [ -74.61904, 40.49642 ], [ -74.6239, 40.49848 ], [ -74.63237, 40.49891 ], [ -74.63734, 40.50084 ], [ -74.64473, 40.50233 ], [ -74.64326, 40.50523 ] ] ] } },
{ "type": "Feature", "properties": { "GEOID": "34035053102", "county_name": "Somerset", "need_score": 13.1, "uninsured_pct": 2.97, "under_200_fpl_pct": 27.29, "total_pop": 3507 }, "geometry": { "type": "Polygon", "coordinates": [ [ [ -74.49351, 40.50863 ], [ -74.48555, 40.51591 ], [ -74.48168, 40.51186 ], [ -74.46695, 40.5089 ], [ -74.46731, 40.50502 ], [ -74.47384, 40.50759 ], [ -74.48255, 40.49919 ], [ -74.48629, 40.50296 ], [ -74.48963, 40.50368 ], [ -74.49047, 40.50676 ], [ -74.49351, 40.50863 ] ] ] } },
{ "type": "Feature", "properties": { "GEOID": "34035050200", "county_name": "Somerset", "need_score": 5.7, "uninsured_pct": 7.42, "under_200_fpl_pct": 11.56, "total_pop": 3047 }, "geometry": { "type": "Polygon", "coordinates": [ [ [ -74.62035, 40.58009 ], [ -74.61851, 40.5817 ], [ -74.6085, 40.58055 ], [ -74.60893, 40.57879 ], [ -74.605, 40.5783 ], [ -74.60734, 40.57224 ], [ -74.60577, 40.57024 ], [ -74.60728, 40.56852 ], [ -74.60949, 40.56922 ], [ -74.60819, 40.57293 ], [ -74.61291, 40.5731 ], [ -74.61455, 40.57385 ], [ -74.62015, 40.57883 ], [ -74.62035, 40.58009 ] ] ] } },
{ "type": "Feature", "properties": { "GEOID": "34019010400", "county_name": "Hunterdon", "need_score": 8.1, "uninsured_pct": 2.41, "under_200_fpl_pct": 14.24, "total_pop": 4558 }, "geometry": { "type": "Polygon", "coordinates": [ [ [ -75.11001, 40.63891 ], [ -75.10836, 40.63975 ], [ -75.10939, 40.64178 ], [ -75.10552, 40.64491 ], [ -75.09578, 40.64825 ], [ -75.09356, 40.64992 ], [ -75.08942, 40.65517 ], [ -75.082, 40.65769 ], [ -75.07964, 40.65927 ], [ -75.07702, 40.66355 ], [ -75.07378, 40.66596 ], [ -75.06972, 40.66693 ], [ -75.06825, 40.66861 ], [ -75.06209, 40.66974 ], [ -75.0602, 40.67303 ], [ -75.0546, 40.67639 ], [ -75.05285, 40.67633 ], [ -75.04916, 40.67946 ], [ -75.0475, 40.67968 ], [ -75.04405, 40.67871 ], [ -75.04222, 40.67957 ], [ -75.03938, 40.68268 ], [ -75.03766, 40.68363 ], [ -75.03403, 40.68357 ], [ -75.02318, 40.69095 ], [ -75.02257, 40.69217 ], [ -75.0192, 40.69206 ], [ -75.01694, 40.69461 ], [ -75.01465, 40.69296 ], [ -75.01264, 40.693 ], [ -75.01002, 40.69515 ], [ -75.00734, 40.69309 ], [ -75.00455, 40.69285 ], [ -75.00245, 40.69383 ], [ -74.99594, 40.70017 ], [ -74.99146, 40.7029 ], [ -74.98131, 40.706 ], [ -74.97975, 40.69883 ], [ -74.9716, 40.69833 ], [ -74.96195, 40.69982 ], [ -74.95823, 40.69823 ], [ -74.95277, 40.70328 ], [ -74.94424, 40.68943 ], [ -74.93399, 40.68733 ], [ -74.93247, 40.68564 ], [ -74.92909, 40.68477 ], [ -74.92389, 40.68185 ], [ -74.92353, 40.68009 ], [ -75.04588, 40.63111 ], [ -75.05106, 40.63259 ], [ -75.05688, 40.63849 ], [ -75.0604, 40.6409 ], [ -75.07079, 40.64338 ], [ -75.07658, 40.64274 ], [ -75.07902, 40.64334 ], [ -75.07993, 40.64483 ], [ -75.07882, 40.64673 ], [ -75.09135, 40.64098 ], [ -75.10083, 40.63833 ], [ -75.10938, 40.63621 ], [ -75.11001, 40.63891 ] ] ] } },
{ "type": "Feature", "properties": { "GEOID": "34019011001", "county_name": "Hunterdon", "need_score": 5.7, "uninsured_pct": 2.77, "under_200_fpl_pct": 7.03, "total_pop": 6845 }, "geometry": { "type": "Polygon", "coordinates": [ [ [ -74.92295, 40.66706 ], [ -74.92137, 40.66899 ], [ -74.91967, 40.66877 ], [ -74.91736, 40.6709 ], [ -74.91578, 40.66887 ], [ -74.91193, 40.67009 ], [ -74.91024, 40.66351 ], [ -74.90228, 40.65742 ], [ -74.89388, 40.65577 ], [ -74.87371, 40.66337 ], [ -74.87949, 40.67543 ], [ -74.89071, 40.68074 ], [ -74.84307, 40.6927 ], [ -74.83991, 40.68847 ], [ -74.84006, 40.68672 ], [ -74.83873, 40.68377 ], [ -74.83616, 40.68369 ], [ -74.83489, 40.68105 ], [ -74.83122, 40.67898 ], [ -74.82645, 40.66824 ], [ -74.82104, 40.66836 ], [ -74.8213, 40.66665 ], [ -74.78769, 40.65431 ], [ -74.79096, 40.65079 ], [ -74.80961, 40.64684 ], [ -74.82767, 40.64705 ], [ -74.83095, 40.64876 ], [ -74.83322, 40.64911 ], [ -74.83289, 40.64974 ], [ -74.83377, 40.6492 ], [ -74.84854, 40.64954 ], [ -74.84651, 40.64671 ], [ -74.85703, 40.64578 ], [ -74.8746, 40.64143 ], [ -74.88396, 40.63805 ], [ -74.89442, 40.63843 ], [ -74.90019, 40.63705 ], [ -74.9005, 40.63965 ], [ -74.9014, 40.6397 ], [ -74.90112, 40.64448 ], [ -74.90752, 40.64534 ], [ -74.91378, 40.64439 ], [ -74.91752, 40.64554 ], [ -74.91636, 40.64869 ], [ -74.91683, 40.65276 ], [ -74.92205, 40.65218 ], [ -74.92209, 40.65523 ], [ -74.92123, 40.65671 ], [ -74.92157, 40.65845 ], [ -74.92088, 40.66005 ], [ -74.92316, 40.66478 ], [ -74.92295, 40.66706 ] ] ] } },
{ "type": "Feature", "properties": { "GEOID": "34019010702", "county_name": "Hunterdon", "need_score": 7.5, "uninsured_pct": 3.17, "under_200_fpl_pct": 7.43, "total_pop": 3270 }, "geometry": { "type": "Polygon", "coordinates": [ [ [ -74.99083, 40.55987 ], [ -74.98427, 40.56202 ], [ -74.97514, 40.5669 ], [ -74.96531, 40.57931 ], [ -74.95924, 40.58205 ], [ -74.95467, 40.5866 ], [ -74.95129, 40.5881 ], [ -74.9474, 40.59153 ], [ -74.94646, 40.59394 ], [ -74.94688, 40.5971 ], [ -74.93613, 40.61636 ], [ -74.93264, 40.61865 ], [ -74.92437, 40.62807 ], [ -74.92084, 40.62991 ], [ -74.91904, 40.63173 ], [ -74.91681, 40.63155 ], [ -74.91723, 40.62534 ], [ -74.90958, 40.62548 ], [ -74.90896, 40.62276 ], [ -74.91033, 40.62205 ], [ -74.91004, 40.62122 ], [ -74.91191, 40.61675 ], [ -74.91453, 40.61629 ], [ -74.9137, 40.61562 ], [ -74.91368, 40.61219 ], [ -74.91213, 40.61187 ], [ -74.91149, 40.6126 ], [ -74.90717, 40.61153 ], [ -74.9057, 40.60971 ], [ -74.90645, 40.60901 ], [ -74.90485, 40.60714 ], [ -74.90339, 40.60638 ], [ -74.90139, 40.60639 ], [ -74.90102, 40.60557 ], [ -74.90487, 40.60178 ], [ -74.90542, 40.59934 ], [ -74.90463, 40.59819 ], [ -74.89611, 40.59616 ], [ -74.89305, 40.59661 ], [ -74.8905, 40.59456 ], [ -74.89061, 40.592 ], [ -74.89159, 40.58963 ], [ -74.88777, 40.58398 ], [ -74.88913, 40.58102 ], [ -74.88811, 40.57895 ], [ -74.88611, 40.57825 ], [ -74.88057, 40.5795 ], [ -74.87818, 40.57943 ], [ -74.93645, 40.51939 ], [ -74.95376, 40.50319 ], [ -74.99083, 40.55987 ] ] ] } },
{ "type": "Feature", "properties": { "GEOID": "34019011100", "county_name": "Hunterdon", "need_score": 13.4, "uninsured_pct": 2.32, "under_200_fpl_pct": 19.97, "total_pop": 5764 }, "geometry": { "type": "Polygon", "coordinates": [ [ [ -74.80134, 40.63921 ], [ -74.77653, 40.66663 ], [ -74.77107, 40.66847 ], [ -74.76885, 40.66791 ], [ -74.7672, 40.66669 ], [ -74.76617, 40.66235 ], [ -74.76464, 40.66036 ], [ -74.76333, 40.6603 ], [ -74.76136, 40.65826 ], [ -74.76466, 40.65281 ], [ -74.76546, 40.64771 ], [ -74.76365, 40.64727 ], [ -74.76029, 40.64437 ], [ -74.76008, 40.64198 ], [ -74.75832, 40.63964 ], [ -74.75886, 40.63818 ], [ -74.7599, 40.63814 ], [ -74.76085, 40.63538 ], [ -74.76326, 40.63531 ], [ -74.76618, 40.63234 ], [ -74.76681, 40.62929 ], [ -74.76298, 40.62536 ], [ -74.74197, 40.65474 ], [ -74.72395, 40.64686 ], [ -74.72403, 40.64434 ], [ -74.72202, 40.64143 ], [ -74.72295, 40.63893 ], [ -74.72766, 40.63623 ], [ -74.72654, 40.63241 ], [ -74.72518, 40.63157 ], [ -74.7194, 40.6309 ], [ -74.71702, 40.6317 ], [ -74.71328, 40.63062 ], [ -74.71139, 40.62748 ], [ -74.71155, 40.62504 ], [ -74.70822, 40.62412 ], [ -74.7053, 40.62159 ], [ -74.7027, 40.62112 ], [ -74.71148, 40.61153 ], [ -74.7133, 40.6121 ], [ -74.72175, 40.6007 ], [ -74.71858, 40.59966 ], [ -74.72494, 40.58875 ], [ -74.73023, 40.59018 ], [ -74.73421, 40.59292 ], [ -74.77412, 40.61024 ], [ -74.7756, 40.60793 ], [ -74.78597, 40.61234 ], [ -74.79152, 40.61879 ], [ -74.79058, 40.6209 ], [ -74.79082, 40.62237 ], [ -74.79983, 40.62731 ], [ -74.80134, 40.63921 ] ] ] } },
{ "type": "Feature", "properties": { "GEOID": "34023007909", "county_name": "Middlesex", "need_score": 5.4, "uninsured_pct": 2.19, "under_200_fpl_pct": 4.03, "total_pop": 3475 }, "geometry": { "type": "Polygon", "coordinates": [ [ [ -74.29487, 40.40698 ], [ -74.29522, 40.4106 ], [ -74.29309, 40.4178 ], [ -74.29178, 40.42029 ], [ -74.28758, 40.42478 ], [ -74.27366, 40.42516 ], [ -74.24801, 40.41612 ], [ -74.24796, 40.41219 ], [ -74.24949, 40.41023 ], [ -74.2479, 40.40723 ], [ -74.25931, 40.40986 ], [ -74.29593, 40.40317 ], [ -74.29487, 40.40698 ] ] ] } },
{ "type": "Feature", "properties": { "GEOID": "34023007703", "county_name": "Middlesex", "need_score": 6.4, "uninsured_pct": 7.12, "under_200_fpl_pct": 7.32, "total_pop": 3511 }, "geometry": { "type": "Polygon", "coordinates": [ [ [ -74.38262, 40.39207 ], [ -74.38106, 40.39422 ], [ -74.38122, 40.39573 ], [ -74.37662, 40.39768 ], [ -74.37725, 40.3988 ], [ -74.3752, 40.39975 ], [ -74.37428, 40.40161 ], [ -74.36991, 40.40157 ], [ -74.36958, 40.40602 ], [ -74.36798, 40.40697 ], [ -74.36606, 40.40612 ], [ -74.36623, 40.40957 ], [ -74.36785, 40.41173 ], [ -74.36695, 40.41308 ], [ -74.3618, 40.40979 ], [ -74.35652, 40.40527 ], [ -74.36128, 40.40486 ], [ -74.35738, 40.37976 ], [ -74.36058, 40.3826 ], [ -74.37229, 40.38697 ], [ -74.38179, 40.38949 ], [ -74.38262, 40.39207 ] ] ] } },
{ "type": "Feature", "properties": { "GEOID": "34023007805", "county_name": "Middlesex", "need_score": 11.4, "uninsured_pct": 5.97, "under_200_fpl_pct": 13.3, "total_pop": 4065 }, "geometry": { "type": "Polygon", "coordinates": [ [ [ -74.3357, 40.3993 ], [ -74.3328, 40.39796 ], [ -74.30762, 40.39667 ], [ -74.30837, 40.38529 ], [ -74.31139, 40.38812 ], [ -74.3189, 40.38993 ], [ -74.32383, 40.39005 ], [ -74.32636, 40.39195 ], [ -74.32908, 40.39074 ], [ -74.33172, 40.3923 ], [ -74.33129, 40.39374 ], [ -74.33736, 40.39786 ], [ -74.3357, 40.3993 ] ] ] } },
{ "type": "Feature", "properties": { "GEOID": "34023000603", "county_name": "Middlesex", "need_score": 8.6, "uninsured_pct": 3.39, "under_200_fpl_pct": 9.38, "total_pop": 2367 }, "geometry": { "type": "Polygon", "coordinates": [ [ [ -74.4951, 40.56077 ], [ -74.4358, 40.56162 ], [ -74.43966, 40.55942 ], [ -74.43442, 40.55551 ], [ -74.43165, 40.55045 ], [ -74.42938, 40.5483 ], [ -74.43937, 40.54261 ], [ -74.4385, 40.54018 ], [ -74.44653, 40.53607 ], [ -74.44775, 40.53739 ], [ -74.45286, 40.53554 ], [ -74.46871, 40.53199 ], [ -74.47586, 40.54805 ], [ -74.48056, 40.54994 ], [ -74.48648, 40.5559 ], [ -74.49441, 40.55935 ], [ -74.4951, 40.56077 ] ] ] } },
{ "type": "Feature", "properties": { "GEOID": "34023000701", "county_name": "Middlesex", "need_score": 8.6, "uninsured_pct": 6.4, "under_200_fpl_pct": 6.56, "total_pop": 3234 }, "geometry": { "type": "Polygon", "coordinates": [ [ [ -74.51984, 40.55558 ], [ -74.51125, 40.56024 ], [ -74.50917, 40.55959 ], [ -74.50721, 40.56018 ], [ -74.50029, 40.56407 ], [ -74.49672, 40.56222 ], [ -74.49441, 40.55935 ], [ -74.48648, 40.5559 ], [ -74.48414, 40.55367 ], [ -74.50679, 40.54121 ], [ -74.51175, 40.53981 ], [ -74.51412, 40.54203 ], [ -74.51587, 40.54498 ], [ -74.51759, 40.55252 ], [ -74.51984, 40.55558 ] ] ] } },
{ "type": "Feature", "properties": { "GEOID": "34023008602", "county_name": "Middlesex", "need_score": 8.8, "uninsured_pct": 2.48, "under_200_fpl_pct": 5.21, "total_pop": 6091 }, "geometry": { "type": "Polygon", "coordinates": [ [ [ -74.60202, 40.33339 ], [ -74.5659, 40.36184 ], [ -74.56068, 40.35877 ], [ -74.55135, 40.35764 ], [ -74.55342, 40.35227 ], [ -74.55665, 40.35278 ], [ -74.55712, 40.34681 ], [ -74.55314, 40.34357 ], [ -74.54879, 40.34404 ], [ -74.54929, 40.33642 ], [ -74.54846, 40.33639 ], [ -74.54592, 40.33008 ], [ -74.54796, 40.32753 ], [ -74.5525, 40.32402 ], [ -74.55871, 40.3265 ], [ -74.5576, 40.33673 ], [ -74.5719, 40.33645 ], [ -74.58652, 40.33496 ], [ -74.59146, 40.33322 ], [ -74.59499, 40.33409 ], [ -74.60202, 40.33339 ] ] ] } },
{ "type": "Feature", "properties": { "GEOID": "34023000902", "county_name": "Middlesex", "need_score": 8.5, "uninsured_pct": 2.77, "under_200_fpl_pct": 6.66, "total_pop": 4444 }, "geometry": { "type": "Polygon", "coordinates": [ [ [ -74.41399, 40.5827 ], [ -74.41175, 40.58321 ], [ -74.40905, 40.58804 ], [ -74.4104, 40.59675 ], [ -74.40734, 40.59994 ], [ -74.39472, 40.60099 ], [ -74.39337, 40.59277 ], [ -74.39203, 40.58982 ], [ -74.39673, 40.58848 ], [ -74.39568, 40.58653 ], [ -74.41109, 40.57924 ], [ -74.41222, 40.57914 ], [ -74.41267, 40.5824 ], [ -74.41399, 40.5827 ] ] ] } },
{ "type": "Feature", "properties": { "GEOID": "34023003201", "county_name": "Middlesex", "need_score": 7.7, "uninsured_pct": 2.95, "under_200_fpl_pct": 12.95, "total_pop": 3900 }, "geometry": { "type": "Polygon", "coordinates": [ [ [ -74.32198, 40.53726 ], [ -74.30836, 40.541 ], [ -74.30526, 40.53753 ], [ -74.30145, 40.53453 ], [ -74.30665, 40.5327 ], [ -74.31136, 40.53013 ], [ -74.31607, 40.52898 ], [ -74.32198, 40.53726 ] ] ] } },
{ "type": "Feature", "properties": { "GEOID": "34023002902", "county_name": "Middlesex", "need_score": 17.1, "uninsured_pct": 8.03, "under_200_fpl_pct": 32.88, "total_pop": 3224 }, "geometry": { "type": "Polygon", "coordinates": [ [ [ -74.28548, 40.56176 ], [ -74.27807, 40.56226 ], [ -74.27387, 40.5618 ], [ -74.27639, 40.55741 ], [ -74.27624, 40.5559 ], [ -74.27331, 40.55254 ], [ -74.27631, 40.55161 ], [ -74.27559, 40.55026 ], [ -74.2788, 40.54834 ], [ -74.28239, 40.55363 ], [ -74.28503, 40.55933 ], [ -74.28548, 40.56176 ] ] ] } },
{ "type": "Feature", "properties": { "GEOID": "34023007102", "county_name": "Middlesex", "need_score": 9.9, "uninsured_pct": 3.08, "under_200_fpl_pct": 12.21, "total_pop": 4733 }, "geometry": { "type": "Polygon", "coordinates": [ [ [ -74.36155, 40.46332 ], [ -74.36124, 40.46772 ], [ -74.35997, 40.46936 ], [ -74.35893, 40.47013 ], [ -74.35476, 40.47108 ], [ -74.35099, 40.46935 ], [ -74.3493, 40.46971 ], [ -74.34832, 40.46851 ], [ -74.34624, 40.45961 ], [ -74.33232, 40.46139 ], [ -74.33433, 40.45881 ], [ -74.35176, 40.4529 ], [ -74.35226, 40.45765 ], [ -74.35324, 40.45816 ], [ -74.3602, 40.45676 ], [ -74.36155, 40.46332 ] ] ] } },
{ "type": "Feature", "properties": { "GEOID": "34023003700", "county_name": "Middlesex", "need_score": 11.4, "uninsured_pct": 8.15, "under_200_fpl_pct": 12.87, "total_pop": 3632 }, "geometry": { "type": "Polygon", "coordinates": [ [ [ -74.23957, 40.58644 ], [ -74.23508, 40.59367 ], [ -74.23328, 40.5933 ], [ -74.22838, 40.5906 ], [ -74.22596, 40.58806 ], [ -74.22691, 40.579 ], [ -74.22835, 40.57743 ], [ -74.23126, 40.57901 ], [ -74.23871, 40.58564 ], [ -74.23692, 40.58938 ], [ -74.23819, 40.58708 ], [ -74.23957, 40.58644 ] ] ] } },
{ "type": "Feature", "properties": { "GEOID": "34023000300", "county_name": "Middlesex", "need_score": 22.6, "uninsured_pct": 15.32, "under_200_fpl_pct": 30.72, "total_pop": 7711 }, "geometry": { "type": "Polygon", "coordinates": [ [ [ -74.47846, 40.59284 ], [ -74.47651, 40.59514 ], [ -74.47008, 40.59834 ], [ -74.4672, 40.59863 ], [ -74.46614, 40.59779 ], [ -74.46627, 40.59908 ], [ -74.46329, 40.59919 ], [ -74.45847, 40.59481 ], [ -74.4569, 40.5958 ], [ -74.45513, 40.59595 ], [ -74.45777, 40.59423 ], [ -74.45235, 40.58927 ], [ -74.45681, 40.58496 ], [ -74.46022, 40.58441 ], [ -74.45974, 40.58155 ], [ -74.46891, 40.58072 ], [ -74.46967, 40.58557 ], [ -74.47321, 40.58591 ], [ -74.47657, 40.58836 ], [ -74.47564, 40.58931 ], [ -74.47846, 40.59284 ] ] ] } },
{ "type": "Feature", "properties": { "GEOID": "34023006300", "county_name": "Middlesex", "need_score": 11.0, "uninsured_pct": 1.9, "under_200_fpl_pct": 18.52, "total_pop": 6994 }, "geometry": { "type": "Polygon", "coordinates": [ [ [ -74.44973, 40.45886 ], [ -74.44508, 40.46323 ], [ -74.43606, 40.45871 ], [ -74.43258, 40.46001 ], [ -74.42513, 40.45851 ], [ -74.42317, 40.44072 ], [ -74.42813, 40.43852 ], [ -74.42758, 40.4381 ], [ -74.43058, 40.43518 ], [ -74.43324, 40.43447 ], [ -74.43383, 40.43673 ], [ -74.43739, 40.44276 ], [ -74.43986, 40.44541 ], [ -74.43939, 40.44709 ], [ -74.44265, 40.44741 ], [ -74.44766, 40.44896 ], [ -74.44736, 40.45093 ], [ -74.44879, 40.45393 ], [ -74.44889, 40.45748 ], [ -74.44973, 40.45886 ] ] ] } },
{ "type": "Feature", "properties": { "GEOID": "34023001415", "county_name": "Middlesex", "need_score": 7.0, "uninsured_pct": 1.12, "under_200_fpl_pct": 3.77, "total_pop": 5371 }, "geometry": { "type": "Polygon", "coordinates": [ [ [ -74.38869, 40.57363 ], [ -74.38628, 40.57722 ], [ -74.38212, 40.57735 ], [ -74.36858, 40.57439 ], [ -74.36523, 40.57417 ], [ -74.35997, 40.57259 ], [ -74.36014, 40.57123 ], [ -74.35785, 40.57117 ], [ -74.35781, 40.55742 ], [ -74.35683, 40.55443 ], [ -74.38032, 40.5524 ], [ -74.38238, 40.56274 ], [ -74.38869, 40.57363 ] ] ] } },
{ "type": "Feature", "properties": { "GEOID": "34023001412", "county_name": "Middlesex", "need_score": 8.1, "uninsured_pct": 0.34, "under_200_fpl_pct": 5.98, "total_pop": 3928 }, "geometry": { "type": "Polygon", "coordinates": [ [ [ -74.39472, 40.60099 ], [ -74.35872, 40.60406 ], [ -74.35621, 40.60428 ], [ -74.37691, 40.58884 ], [ -74.37959, 40.57984 ], [ -74.38212, 40.57735 ], [ -74.38628, 40.57722 ], [ -74.39337, 40.59277 ], [ -74.39472, 40.60099 ] ] ] } },
{ "type": "Feature", "properties": { "GEOID": "34023001805", "county_name": "Middlesex", "need_score": 8.5, "uninsured_pct": 1.86, "under_200_fpl_pct": 5.91, "total_pop": 5604 }, "geometry": { "type": "Polygon", "coordinates": [ [ [ -74.3771, 40.50528 ], [ -74.36689, 40.51423 ], [ -74.37422, 40.51499 ], [ -74.36915, 40.51779 ], [ -74.35838, 40.52538 ], [ -74.35853, 40.52782 ], [ -74.35544, 40.52803 ], [ -74.35001, 40.53441 ], [ -74.32852, 40.52942 ], [ -74.33308, 40.52518 ], [ -74.3361, 40.52363 ], [ -74.34063, 40.52207 ], [ -74.35097, 40.51658 ], [ -74.35754, 40.5157 ], [ -74.3771, 40.50528 ] ] ] } },
{ "type": "Feature", "properties": { "GEOID": "34023008103", "county_name": "Middlesex", "need_score": 7.7, "uninsured_pct": 6.86, "under_200_fpl_pct": 11.26, "total_pop": 2317 }, "geometry": { "type": "Polygon", "coordinates": [ [ [ -74.43868, 40.37125 ], [ -74.42388, 40.38654 ], [ -74.42005, 40.38362 ], [ -74.41229, 40.38547 ], [ -74.4114, 40.38388 ], [ -74.41035, 40.37882 ], [ -74.41225, 40.37771 ], [ -74.41307, 40.37517 ], [ -74.41529, 40.37471 ], [ -74.41717, 40.37606 ], [ -74.4181, 40.37528 ], [ -74.42059, 40.376 ], [ -74.42141, 40.37509 ], [ -74.42395, 40.37551 ], [ -74.42476, 40.37474 ], [ -74.42672, 40.37445 ], [ -74.42734, 40.37238 ], [ -74.42881, 40.37208 ], [ -74.42754, 40.3676 ], [ -74.42842, 40.36667 ], [ -74.43868, 40.37125 ] ] ] } },
{ "type": "Feature", "properties": { "GEOID": "34023000200", "county_name": "Middlesex", "need_score": 24.8, "uninsured_pct": 13.15, "under_200_fpl_pct": 27.04, "total_pop": 6558 }, "geometry": { "type": "Polygon", "coordinates": [ [ [ -74.50325, 40.57942 ], [ -74.49924, 40.58072 ], [ -74.50244, 40.58401 ], [ -74.50198, 40.58531 ], [ -74.49438, 40.58652 ], [ -74.49283, 40.58749 ], [ -74.49125, 40.58756 ], [ -74.49067, 40.58651 ], [ -74.48884, 40.588 ], [ -74.48322, 40.58943 ], [ -74.47846, 40.59284 ], [ -74.47564, 40.58931 ], [ -74.47657, 40.58836 ], [ -74.47321, 40.58591 ], [ -74.46967, 40.58557 ], [ -74.48129, 40.57808 ], [ -74.47949, 40.57382 ], [ -74.48153, 40.57264 ], [ -74.48634, 40.57144 ], [ -74.49729, 40.56476 ], [ -74.49827, 40.56332 ], [ -74.50011, 40.56789 ], [ -74.50001, 40.57182 ], [ -74.50083, 40.57176 ], [ -74.50143, 40.57645 ], [ -74.50325, 40.57942 ] ] ] } },
{ "type": "Feature", "properties": { "GEOID": "34023005300", "county_name": "Middlesex", "need_score": 36.9, "uninsured_pct": 28.84, "under_200_fpl_pct": 57.32, "total_pop": 3721 }, "geometry": { "type": "Polygon", "coordinates": [ [ [ -74.46156, 40.48236 ], [ -74.45622, 40.48783 ], [ -74.45954, 40.48989 ], [ -74.45986, 40.49105 ], [ -74.44783, 40.49739 ], [ -74.44654, 40.49656 ], [ -74.46156, 40.48236 ] ] ] } },
{ "type": "Feature", "properties": { "GEOID": "34013000700", "county_name": "Essex", "need_score": 26.5, "uninsured_pct": 10.86, "under_200_fpl_pct": 48.85, "total_pop": 6530 }, "geometry": { "type": "Polygon", "coordinates": [ [ [ -74.19801, 40.75491 ], [ -74.19466, 40.75923 ], [ -74.19045, 40.76731 ], [ -74.19089, 40.76555 ], [ -74.18538, 40.7639 ], [ -74.18654, 40.76164 ], [ -74.18781, 40.76201 ], [ -74.19112, 40.75515 ], [ -74.19309, 40.7529 ], [ -74.19801, 40.75491 ] ] ] } },
{ "type": "Feature", "properties": { "GEOID": "34013001700", "county_name": "Essex", "need_score": 29.4, "uninsured_pct": 30.75, "under_200_fpl_pct": 44.04, "total_pop": 2550 }, "geometry": { "type": "Polygon", "coordinates": [ [ [ -74.20106, 40.75076 ], [ -74.19933, 40.75418 ], [ -74.19469, 40.7528 ], [ -74.19641, 40.74901 ], [ -74.19465, 40.74849 ], [ -74.19571, 40.74636 ], [ -74.19925, 40.74735 ], [ -74.19814, 40.74951 ], [ -74.20217, 40.75065 ], [ -74.20106, 40.75076 ] ] ] } },
{ "type": "Feature", "properties": { "GEOID": "34013018600", "county_name": "Essex", "need_score": 38.7, "uninsured_pct": 27.01, "under_200_fpl_pct": 52.77, "total_pop": 5837 }, "geometry": { "type": "Polygon", "coordinates": [ [ [ -74.2455, 40.76681 ], [ -74.23957, 40.77361 ], [ -74.23839, 40.77618 ], [ -74.22523, 40.76998 ], [ -74.2296, 40.76444 ], [ -74.23947, 40.76931 ], [ -74.24379, 40.76617 ], [ -74.2455, 40.76681 ] ] ] } },
{ "type": "Feature", "properties": { "GEOID": "34013003700", "county_name": "Essex", "need_score": 28.7, "uninsured_pct": 9.56, "under_200_fpl_pct": 70.22, "total_pop": 2657 }, "geometry": { "type": "Polygon", "coordinates": [ [ [ -74.21505, 40.72949 ], [ -74.20385, 40.7316 ], [ -74.20542, 40.72745 ], [ -74.1993, 40.72615 ], [ -74.19961, 40.72536 ], [ -74.21538, 40.72872 ], [ -74.21505, 40.72949 ] ] ] } },
{ "type": "Feature", "properties": { "GEOID": "34013005000", "county_name": "Essex", "need_score": 16.7, "uninsured_pct": 13.54, "under_200_fpl_pct": 33.32, "total_pop": 3199 }, "geometry": { "type": "Polygon", "coordinates": [ [ [ -74.20379, 40.71348 ], [ -74.2002, 40.72145 ], [ -74.19705, 40.72075 ], [ -74.19361, 40.72163 ], [ -74.19667, 40.71407 ], [ -74.19434, 40.71242 ], [ -74.19347, 40.71311 ], [ -74.18956, 40.71176 ], [ -74.19759, 40.70808 ], [ -74.19823, 40.70926 ], [ -74.1999, 40.71028 ], [ -74.19928, 40.71108 ], [ -74.20379, 40.71348 ] ] ] } },
{ "type": "Feature", "properties": { "GEOID": "34013021801", "county_name": "Essex", "need_score": 5.8, "uninsured_pct": 0.78, "under_200_fpl_pct": 6.69, "total_pop": 2825 }, "geometry": { "type": "Polygon", "coordinates": [ [ [ -74.32928, 40.84175 ], [ -74.32742, 40.84136 ], [ -74.32551, 40.84366 ], [ -74.32845, 40.84427 ], [ -74.32898, 40.84573 ], [ -74.32445, 40.84878 ], [ -74.31648, 40.84478 ], [ -74.31394, 40.84451 ], [ -74.30357, 40.83946 ], [ -74.3017, 40.84124 ], [ -74.29324, 40.8388 ], [ -74.29062, 40.84178 ], [ -74.28775, 40.84045 ], [ -74.28977, 40.83856 ], [ -74.29132, 40.83869 ], [ -74.29352, 40.83397 ], [ -74.28926, 40.83537 ], [ -74.28786, 40.83441 ], [ -74.30022, 40.83249 ], [ -74.29873, 40.83136 ], [ -74.29968, 40.83034 ], [ -74.29836, 40.82958 ], [ -74.30156, 40.82683 ], [ -74.3057, 40.82992 ], [ -74.31213, 40.83309 ], [ -74.31288, 40.83238 ], [ -74.32904, 40.83852 ], [ -74.32928, 40.84175 ] ] ] } },
{ "type": "Feature", "properties": { "GEOID": "34013007200", "county_name": "Essex", "need_score": 35.8, "uninsured_pct": 43.31, "under_200_fpl_pct": 46.57, "total_pop": 4018 }, "geometry": { "type": "Polygon", "coordinates": [ [ [ -74.15764, 40.72463 ], [ -74.15555, 40.72781 ], [ -74.14971, 40.72187 ], [ -74.15208, 40.7205 ], [ -74.15551, 40.72404 ], [ -74.15764, 40.72463 ] ] ] } },
{ "type": "Feature", "properties": { "GEOID": "34013008200", "county_name": "Essex", "need_score": 25.7, "uninsured_pct": 6.53, "under_200_fpl_pct": 54.68, "total_pop": 2416 }, "geometry": { "type": "Polygon", "coordinates": [ [ [ -74.19318, 40.73901 ], [ -74.18974, 40.74542 ], [ -74.18764, 40.74403 ], [ -74.18368, 40.74276 ], [ -74.18477, 40.74061 ], [ -74.1856, 40.74088 ], [ -74.18763, 40.73763 ], [ -74.18833, 40.73449 ], [ -74.19052, 40.73499 ], [ -74.18948, 40.73853 ], [ -74.19318, 40.73901 ] ] ] } },
{ "type": "Feature", "properties": { "GEOID": "34013014300", "county_name": "Essex", "need_score": 18.5, "uninsured_pct": 14.22, "under_200_fpl_pct": 24.54, "total_pop": 6166 }, "geometry": { "type": "Polygon", "coordinates": [ [ [ -74.15635, 40.79469 ], [ -74.15258, 40.80697 ], [ -74.14639, 40.80627 ], [ -74.14584, 40.80381 ], [ -74.15008, 40.79371 ], [ -74.15635, 40.79469 ] ] ] } },
{ "type": "Feature", "properties": { "GEOID": "34013014500", "county_name": "Essex", "need_score": 17.5, "uninsured_pct": 16.96, "under_200_fpl_pct": 22.68, "total_pop": 3968 }, "geometry": { "type": "Polygon", "coordinates": [ [ [ -74.17162, 40.79001 ], [ -74.17085, 40.79316 ], [ -74.15918, 40.78744 ], [ -74.1576, 40.79123 ], [ -74.15469, 40.79062 ], [ -74.1549, 40.78988 ], [ -74.1521, 40.78938 ], [ -74.15452, 40.78129 ], [ -74.16591, 40.78668 ], [ -74.16983, 40.78701 ], [ -74.17162, 40.79001 ] ] ] } },
{ "type": "Feature", "properties": { "GEOID": "34013015300", "county_name": "Essex", "need_score": 12.4, "uninsured_pct": 2.83, "under_200_fpl_pct": 24.48, "total_pop": 3178 }, "geometry": { "type": "Polygon", "coordinates": [ [ [ -74.19093, 40.79768 ], [ -74.18709, 40.80117 ], [ -74.18047, 40.81105 ], [ -74.1754, 40.80953 ], [ -74.17946, 40.79479 ], [ -74.19093, 40.79768 ] ] ] } },
{ "type": "Feature", "properties": { "GEOID": "34013021300", "county_name": "Essex", "need_score": 9.6, "uninsured_pct": 0.43, "under_200_fpl_pct": 6.38, "total_pop": 6360 }, "geometry": { "type": "Polygon", "coordinates": [ [ [ -74.24992, 40.85353 ], [ -74.24839, 40.85479 ], [ -74.24864, 40.85652 ], [ -74.24431, 40.86064 ], [ -74.24295, 40.86362 ], [ -74.24148, 40.87457 ], [ -74.24992, 40.87725 ], [ -74.24678, 40.88099 ], [ -74.24029, 40.88044 ], [ -74.21515, 40.86639 ], [ -74.22666, 40.85596 ], [ -74.23011, 40.85499 ], [ -74.23178, 40.85197 ], [ -74.23437, 40.85041 ], [ -74.23633, 40.84544 ], [ -74.2516, 40.84962 ], [ -74.24992, 40.85353 ] ] ] } },
{ "type": "Feature", "properties": { "GEOID": "34013018900", "county_name": "Essex", "need_score": 23.2, "uninsured_pct": 25.54, "under_200_fpl_pct": 49.26, "total_pop": 4217 }, "geometry": { "type": "Polygon", "coordinates": [ [ [ -74.2529, 40.76101 ], [ -74.25098, 40.76525 ], [ -74.24851, 40.76806 ], [ -74.24128, 40.76453 ], [ -74.247, 40.75906 ], [ -74.2529, 40.76101 ] ] ] } },
{ "type": "Feature", "properties": { "GEOID": "34013010400", "county_name": "Essex", "need_score": 24.4, "uninsured_pct": 11.35, "under_200_fpl_pct": 44.97, "total_pop": 4610 }, "geometry": { "type": "Polygon", "coordinates": [ [ [ -74.21775, 40.77267 ], [ -74.21344, 40.77694 ], [ -74.20477, 40.77192 ], [ -74.2046, 40.76649 ], [ -74.21775, 40.77267 ] ] ] } },
{ "type": "Feature", "properties": { "GEOID": "34013018300", "county_name": "Essex", "need_score": 29.6, "uninsured_pct": 28.6, "under_200_fpl_pct": 43.33, "total_pop": 4577 }, "geometry": { "type": "Polygon", "coordinates": [ [ [ -74.23695, 40.77849 ], [ -74.23134, 40.77649 ], [ -74.23001, 40.77813 ], [ -74.22319, 40.77511 ], [ -74.22519, 40.77029 ], [ -74.23839, 40.77618 ], [ -74.23695, 40.77849 ] ] ] } },
{ "type": "Feature", "properties": { "GEOID": "34013021602", "county_name": "Essex", "need_score": 8.4, "uninsured_pct": 2.88, "under_200_fpl_pct": 3.7, "total_pop": 6622 }, "geometry": { "type": "Polygon", "coordinates": [ [ [ -74.27356, 40.87148 ], [ -74.27138, 40.87285 ], [ -74.27233, 40.87331 ], [ -74.26804, 40.87603 ], [ -74.26626, 40.876 ], [ -74.25483, 40.88307 ], [ -74.25308, 40.88156 ], [ -74.24678, 40.88099 ], [ -74.24992, 40.87725 ], [ -74.24148, 40.87457 ], [ -74.24295, 40.86362 ], [ -74.24431, 40.86064 ], [ -74.24864, 40.85652 ], [ -74.24839, 40.85479 ], [ -74.24992, 40.85353 ], [ -74.25439, 40.84418 ], [ -74.25686, 40.84049 ], [ -74.25778, 40.83713 ], [ -74.25981, 40.83488 ], [ -74.26361, 40.83517 ], [ -74.26306, 40.83876 ], [ -74.26587, 40.84044 ], [ -74.26374, 40.84105 ], [ -74.26048, 40.8447 ], [ -74.26, 40.84648 ], [ -74.26517, 40.84951 ], [ -74.26846, 40.85271 ], [ -74.27356, 40.87148 ] ] ] } },
{ "type": "Feature", "properties": { "GEOID": "34013012000", "county_name": "Essex", "need_score": 18.5, "uninsured_pct": 15.11, "under_200_fpl_pct": 43.83, "total_pop": 7363 }, "geometry": { "type": "Polygon", "coordinates": [ [ [ -74.25567, 40.71346 ], [ -74.25281, 40.71526 ], [ -74.25021, 40.72229 ], [ -74.23802, 40.71578 ], [ -74.24225, 40.71154 ], [ -74.24382, 40.71119 ], [ -74.25567, 40.71346 ] ] ] } },
{ "type": "Feature", "properties": { "GEOID": "34013012500", "county_name": "Essex", "need_score": 14.8, "uninsured_pct": 6.39, "under_200_fpl_pct": 24.16, "total_pop": 3570 }, "geometry": { "type": "Polygon", "coordinates": [ [ [ -74.23154, 40.72825 ], [ -74.2285, 40.73435 ], [ -74.22852, 40.73653 ], [ -74.22662, 40.73795 ], [ -74.22537, 40.73749 ], [ -74.22119, 40.73917 ], [ -74.22458, 40.73331 ], [ -74.22956, 40.72709 ], [ -74.23154, 40.72825 ] ] ] } },
{ "type": "Feature", "properties": { "GEOID": "34013020500", "county_name": "Essex", "need_score": 5.6, "uninsured_pct": 0.86, "under_200_fpl_pct": 4.13, "total_pop": 8210 }, "geometry": { "type": "Polygon", "coordinates": [ [ [ -74.31586, 40.80036 ], [ -74.3137, 40.80678 ], [ -74.31067, 40.81194 ], [ -74.30402, 40.81036 ], [ -74.29928, 40.80812 ], [ -74.29678, 40.8105 ], [ -74.29229, 40.80997 ], [ -74.28691, 40.80694 ], [ -74.28379, 40.80808 ], [ -74.28058, 40.80674 ], [ -74.29237, 40.78372 ], [ -74.29587, 40.78253 ], [ -74.29644, 40.78067 ], [ -74.30023, 40.77856 ], [ -74.30034, 40.78152 ], [ -74.31228, 40.78981 ], [ -74.3136, 40.78996 ], [ -74.31539, 40.79588 ], [ -74.31586, 40.80036 ] ] ] } },
{ "type": "Feature", "properties": { "GEOID": "34013019500", "county_name": "Essex", "need_score": 3.9, "uninsured_pct": 0.6, "under_200_fpl_pct": 2.95, "total_pop": 3862 }, "geometry": { "type": "Polygon", "coordinates": [ [ [ -74.27392, 40.72654 ], [ -74.27125, 40.73218 ], [ -74.27213, 40.73247 ], [ -74.27079, 40.73502 ], [ -74.267, 40.73862 ], [ -74.26212, 40.73572 ], [ -74.25705, 40.73681 ], [ -74.25765, 40.73575 ], [ -74.25777, 40.73256 ], [ -74.26103, 40.72748 ], [ -74.25864, 40.7259 ], [ -74.26054, 40.72304 ], [ -74.26035, 40.72245 ], [ -74.26189, 40.72268 ], [ -74.26782, 40.72579 ], [ -74.27392, 40.72654 ] ] ] } },
{ "type": "Feature", "properties": { "GEOID": "34013020200", "county_name": "Essex", "need_score": 7.1, "uninsured_pct": 1.36, "under_200_fpl_pct": 4.65, "total_pop": 5076 }, "geometry": { "type": "Polygon", "coordinates": [ [ [ -74.30655, 40.72052 ], [ -74.30486, 40.72039 ], [ -74.30437, 40.72449 ], [ -74.30514, 40.72439 ], [ -74.30501, 40.72659 ], [ -74.30139, 40.7268 ], [ -74.28891, 40.73635 ], [ -74.28519, 40.72215 ], [ -74.2875, 40.72218 ], [ -74.29373, 40.71996 ], [ -74.29462, 40.71752 ], [ -74.29671, 40.71644 ], [ -74.29721, 40.71519 ], [ -74.29988, 40.71406 ], [ -74.30097, 40.71582 ], [ -74.30679, 40.71924 ], [ -74.30655, 40.72052 ] ] ] } },
{ "type": "Feature", "properties": { "GEOID": "34013016400", "county_name": "Essex", "need_score": 5.1, "uninsured_pct": 1.9, "under_200_fpl_pct": 5.42, "total_pop": 3884 }, "geometry": { "type": "Polygon", "coordinates": [ [ [ -74.22879, 40.82566 ], [ -74.22327, 40.82963 ], [ -74.21624, 40.83938 ], [ -74.21547, 40.84295 ], [ -74.21307, 40.84429 ], [ -74.21077, 40.84383 ], [ -74.21197, 40.84188 ], [ -74.20942, 40.84133 ], [ -74.20693, 40.83071 ], [ -74.20758, 40.83096 ], [ -74.20932, 40.82923 ], [ -74.21437, 40.82297 ], [ -74.21851, 40.82493 ], [ -74.22105, 40.82033 ], [ -74.22879, 40.82566 ] ] ] } },
{ "type": "Feature", "properties": { "GEOID": "34013008900", "county_name": "Essex", "need_score": 29.7, "uninsured_pct": 37.72, "under_200_fpl_pct": 43.78, "total_pop": 1898 }, "geometry": { "type": "Polygon", "coordinates": [ [ [ -74.17841, 40.75386 ], [ -74.17629, 40.75595 ], [ -74.17506, 40.75835 ], [ -74.17239, 40.75527 ], [ -74.17419, 40.75533 ], [ -74.17455, 40.75277 ], [ -74.17841, 40.75386 ] ] ] } },
{ "type": "Feature", "properties": { "GEOID": "34013009000", "county_name": "Essex", "need_score": 28.2, "uninsured_pct": 22.84, "under_200_fpl_pct": 54.65, "total_pop": 1786 }, "geometry": { "type": "Polygon", "coordinates": [ [ [ -74.18482, 40.7585 ], [ -74.17895, 40.75674 ], [ -74.18013, 40.75434 ], [ -74.17575, 40.75311 ], [ -74.17625, 40.75221 ], [ -74.17547, 40.75114 ], [ -74.1777, 40.7512 ], [ -74.17933, 40.74974 ], [ -74.18432, 40.75113 ], [ -74.18389, 40.75171 ], [ -74.18521, 40.75686 ], [ -74.18482, 40.7585 ] ] ] } },
{ "type": "Feature", "properties": { "GEOID": "34013009500", "county_name": "Essex", "need_score": 27.4, "uninsured_pct": 7.41, "under_200_fpl_pct": 64.79, "total_pop": 6717 }, "geometry": { "type": "Polygon", "coordinates": [ [ [ -74.17141, 40.77511 ], [ -74.17221, 40.77746 ], [ -74.16875, 40.77635 ], [ -74.16665, 40.78036 ], [ -74.16375, 40.7795 ], [ -74.16481, 40.77746 ], [ -74.16256, 40.77678 ], [ -74.16807, 40.76599 ], [ -74.16997, 40.76657 ], [ -74.16781, 40.77172 ], [ -74.17245, 40.77311 ], [ -74.17141, 40.77511 ] ] ] } },
{ "type": "Feature", "properties": { "GEOID": "34013019100", "county_name": "Essex", "need_score": 6.7, "uninsured_pct": 4.3, "under_200_fpl_pct": 6.48, "total_pop": 4716 }, "geometry": { "type": "Polygon", "coordinates": [ [ [ -74.2604, 40.75434 ], [ -74.25754, 40.75801 ], [ -74.25654, 40.75767 ], [ -74.25609, 40.75841 ], [ -74.24413, 40.75397 ], [ -74.24016, 40.75192 ], [ -74.23815, 40.75224 ], [ -74.23467, 40.75056 ], [ -74.23686, 40.74555 ], [ -74.23846, 40.74472 ], [ -74.24043, 40.74085 ], [ -74.24451, 40.74221 ], [ -74.24149, 40.74586 ], [ -74.2463, 40.74463 ], [ -74.25257, 40.745 ], [ -74.25149, 40.74617 ], [ -74.25602, 40.74786 ], [ -74.25687, 40.74917 ], [ -74.26132, 40.75081 ], [ -74.2604, 40.75434 ] ] ] } },
{ "type": "Feature", "properties": { "GEOID": "34013013500", "county_name": "Essex", "need_score": 7.1, "uninsured_pct": 2.74, "under_200_fpl_pct": 6.38, "total_pop": 4594 }, "geometry": { "type": "Polygon", "coordinates": [ [ [ -74.15761, 40.82184 ], [ -74.15148, 40.82647 ], [ -74.14815, 40.82997 ], [ -74.13957, 40.82529 ], [ -74.14088, 40.82293 ], [ -74.14203, 40.82334 ], [ -74.14571, 40.81469 ], [ -74.15428, 40.8166 ], [ -74.1543, 40.81598 ], [ -74.15712, 40.81655 ], [ -74.15687, 40.81844 ], [ -74.15949, 40.81925 ], [ -74.15761, 40.82184 ] ] ] } },
{ "type": "Feature", "properties": { "GEOID": "34013013800", "county_name": "Essex", "need_score": 9.4, "uninsured_pct": 2.64, "under_200_fpl_pct": 8.08, "total_pop": 4280 }, "geometry": { "type": "Polygon", "coordinates": [ [ [ -74.17494, 40.82191 ], [ -74.1696, 40.82887 ], [ -74.15933, 40.82411 ], [ -74.15865, 40.82486 ], [ -74.15625, 40.82291 ], [ -74.16255, 40.81508 ], [ -74.17632, 40.82185 ], [ -74.17494, 40.82191 ] ] ] } },
{ "type": "Feature", "properties": { "GEOID": "34013021000", "county_name": "Essex", "need_score": 9.9, "uninsured_pct": 0.0, "under_200_fpl_pct": 8.13, "total_pop": 5634 }, "geometry": { "type": "Polygon", "coordinates": [ [ [ -74.26476, 40.82507 ], [ -74.25928, 40.83483 ], [ -74.25981, 40.83488 ], [ -74.25778, 40.83713 ], [ -74.25686, 40.84049 ], [ -74.2516, 40.84962 ], [ -74.23528, 40.84507 ], [ -74.23789, 40.84006 ], [ -74.24072, 40.83912 ], [ -74.24187, 40.83775 ], [ -74.24417, 40.83112 ], [ -74.25225, 40.8342 ], [ -74.25657, 40.82469 ], [ -74.26476, 40.82507 ] ] ] } },
{ "type": "Feature", "properties": { "GEOID": "34013021100", "county_name": "Essex", "need_score": 8.4, "uninsured_pct": 0.27, "under_200_fpl_pct": 9.11, "total_pop": 5171 }, "geometry": { "type": "Polygon", "coordinates": [ [ [ -74.24304, 40.83542 ], [ -74.24072, 40.83912 ], [ -74.23789, 40.84006 ], [ -74.23528, 40.84507 ], [ -74.23314, 40.84385 ], [ -74.23659, 40.83633 ], [ -74.23611, 40.83577 ], [ -74.22738, 40.83332 ], [ -74.22707, 40.83619 ], [ -74.22017, 40.83382 ], [ -74.22327, 40.82963 ], [ -74.22879, 40.82566 ], [ -74.22793, 40.82494 ], [ -74.23436, 40.82605 ], [ -74.24067, 40.82872 ], [ -74.24417, 40.83112 ], [ -74.24304, 40.83542 ] ] ] } },
{ "type": "Feature", "properties": { "GEOID": "34013017500", "county_name": "Essex", "need_score": 11.7, "uninsured_pct": 6.57, "under_200_fpl_pct": 11.52, "total_pop": 5996 }, "geometry": { "type": "Polygon", "coordinates": [ [ [ -74.26175, 40.77869 ], [ -74.2592, 40.78392 ], [ -74.25537, 40.78941 ], [ -74.25202, 40.7983 ], [ -74.25019, 40.80124 ], [ -74.24777, 40.8029 ], [ -74.23993, 40.80226 ], [ -74.24004, 40.79975 ], [ -74.23937, 40.79885 ], [ -74.23729, 40.80315 ], [ -74.2345, 40.80083 ], [ -74.23489, 40.7961 ], [ -74.23447, 40.79398 ], [ -74.23538, 40.79276 ], [ -74.23858, 40.79265 ], [ -74.23886, 40.79107 ], [ -74.23634, 40.78878 ], [ -74.23828, 40.78596 ], [ -74.23656, 40.78543 ], [ -74.2372, 40.78127 ], [ -74.23856, 40.77905 ], [ -74.24106, 40.77946 ], [ -74.24172, 40.7777 ], [ -74.24152, 40.77619 ], [ -74.24407, 40.77511 ], [ -74.25619, 40.77759 ], [ -74.26096, 40.77446 ], [ -74.26175, 40.77869 ] ] ] } },
{ "type": "Feature", "properties": { "GEOID": "34027042700", "county_name": "Morris", "need_score": 5.6, "uninsured_pct": 1.22, "under_200_fpl_pct": 6.02, "total_pop": 4457 }, "geometry": { "type": "Polygon", "coordinates": [ [ [ -74.3989, 40.74458 ], [ -74.3915, 40.75213 ], [ -74.39027, 40.75131 ], [ -74.38061, 40.75506 ], [ -74.36515, 40.74976 ], [ -74.36778, 40.7484 ], [ -74.36509, 40.74681 ], [ -74.36627, 40.74389 ], [ -74.36872, 40.74279 ], [ -74.37055, 40.74407 ], [ -74.3722, 40.7434 ], [ -74.37156, 40.73922 ], [ -74.37924, 40.7396 ], [ -74.38074, 40.73776 ], [ -74.3838, 40.73974 ], [ -74.3989, 40.74458 ] ] ] } },
{ "type": "Feature", "properties": { "GEOID": "34027042500", "county_name": "Morris", "need_score": 8.9, "uninsured_pct": 3.27, "under_200_fpl_pct": 4.44, "total_pop": 3423 }, "geometry": { "type": "Polygon", "coordinates": [ [ [ -74.40074, 40.77376 ], [ -74.3991, 40.78078 ], [ -74.39757, 40.7834 ], [ -74.39189, 40.7866 ], [ -74.39505, 40.78875 ], [ -74.38812, 40.78764 ], [ -74.38135, 40.79037 ], [ -74.3796, 40.78897 ], [ -74.37823, 40.78592 ], [ -74.37958, 40.78344 ], [ -74.3819, 40.78128 ], [ -74.37981, 40.77648 ], [ -74.39042, 40.77065 ], [ -74.3946, 40.76707 ], [ -74.40027, 40.76604 ], [ -74.39853, 40.7691 ], [ -74.39621, 40.76906 ], [ -74.39794, 40.77194 ], [ -74.40031, 40.77137 ], [ -74.40074, 40.77376 ] ] ] } },
{ "type": "Feature", "properties": { "GEOID": "34027046103", "county_name": "Morris", "need_score": 9.8, "uninsured_pct": 4.91, "under_200_fpl_pct": 14.22, "total_pop": 6095 }, "geometry": { "type": "Polygon", "coordinates": [ [ [ -74.71255, 40.81286 ], [ -74.70842, 40.82469 ], [ -74.70938, 40.83283 ], [ -74.69527, 40.83624 ], [ -74.69537, 40.84036 ], [ -74.69946, 40.84824 ], [ -74.70074, 40.84925 ], [ -74.70158, 40.85472 ], [ -74.69566, 40.86448 ], [ -74.69523, 40.8679 ], [ -74.6945, 40.86836 ], [ -74.69006, 40.85495 ], [ -74.69094, 40.85455 ], [ -74.68523, 40.84017 ], [ -74.68116, 40.82614 ], [ -74.69255, 40.82003 ], [ -74.71255, 40.81286 ] ] ] } },
{ "type": "Feature", "properties": { "GEOID": "34027044602", "county_name": "Morris", "need_score": 8.4, "uninsured_pct": 4.9, "under_200_fpl_pct": 11.33, "total_pop": 5492 }, "geometry": { "type": "Polygon", "coordinates": [ [ [ -74.58682, 41.00438 ], [ -74.5868, 41.00793 ], [ -74.58275, 41.01139 ], [ -74.58303, 41.01452 ], [ -74.58444, 41.01608 ], [ -74.58419, 41.01709 ], [ -74.52936, 41.06435 ], [ -74.50321, 41.08587 ], [ -74.50077, 41.08611 ], [ -74.49939, 41.08483 ], [ -74.49915, 41.08364 ], [ -74.49607, 41.0824 ], [ -74.49565, 41.08107 ], [ -74.49285, 41.0797 ], [ -74.49169, 41.07814 ], [ -74.48851, 41.07803 ], [ -74.48694, 41.07675 ], [ -74.48907, 41.07191 ], [ -74.48738, 41.06754 ], [ -74.48755, 41.06568 ], [ -74.49346, 41.06291 ], [ -74.49489, 41.06153 ], [ -74.49786, 41.0532 ], [ -74.49864, 41.04839 ], [ -74.50169, 41.0421 ], [ -74.50105, 41.04032 ], [ -74.50192, 41.03892 ], [ -74.50426, 41.03791 ], [ -74.5063, 41.03592 ], [ -74.50904, 41.03095 ], [ -74.51216, 41.02832 ], [ -74.51295, 41.02486 ], [ -74.51504, 41.02167 ], [ -74.51508, 41.02023 ], [ -74.51296, 41.01742 ], [ -74.51296, 41.01573 ], [ -74.51398, 41.01408 ], [ -74.51034, 41.0113 ], [ -74.51258, 41.00936 ], [ -74.51374, 41.01042 ], [ -74.51637, 41.00986 ], [ -74.51829, 41.00583 ], [ -74.5182, 41.00453 ], [ -74.51999, 41.00314 ], [ -74.52115, 41.00103 ], [ -74.52219, 41.0037 ], [ -74.52431, 41.00289 ], [ -74.53141, 40.99752 ], [ -74.53192, 40.99774 ], [ -74.53599, 40.99036 ], [ -74.53512, 40.98981 ], [ -74.53926, 40.98496 ], [ -74.54932, 40.98831 ], [ -74.57054, 40.984 ], [ -74.58575, 40.98682 ], [ -74.58377, 40.98753 ], [ -74.58327, 40.98938 ], [ -74.58141, 40.99021 ], [ -74.58217, 40.99061 ], [ -74.58055, 40.99377 ], [ -74.5831, 40.99524 ], [ -74.58483, 40.99917 ], [ -74.58899, 41.00157 ], [ -74.58682, 41.00438 ] ] ] } },
{ "type": "Feature", "properties": { "GEOID": "34027040702", "county_name": "Morris", "need_score": 5.9, "uninsured_pct": 3.65, "under_200_fpl_pct": 1.21, "total_pop": 4136 }, "geometry": { "type": "Polygon", "coordinates": [ [ [ -74.43202, 40.99254 ], [ -74.4306, 40.99334 ], [ -74.43017, 41.02017 ], [ -74.42815, 41.02067 ], [ -74.42588, 41.02297 ], [ -74.42359, 41.02768 ], [ -74.41906, 41.02874 ], [ -74.41517, 41.02797 ], [ -74.41098, 41.02622 ], [ -74.41005, 41.02509 ], [ -74.4062, 41.02418 ], [ -74.40408, 41.02225 ], [ -74.40261, 41.01924 ], [ -74.40001, 41.01748 ], [ -74.39153, 41.016 ], [ -74.38913, 41.01219 ], [ -74.38607, 41.01181 ], [ -74.38265, 41.01388 ], [ -74.37674, 41.01386 ], [ -74.37232, 41.01143 ], [ -74.36688, 41.01191 ], [ -74.3648, 41.01112 ], [ -74.3666, 41.01079 ], [ -74.36692, 41.01003 ], [ -74.35902, 41.00415 ], [ -74.37091, 41.00262 ], [ -74.37286, 41.00145 ], [ -74.37842, 40.99626 ], [ -74.38012, 40.99322 ], [ -74.38501, 40.98856 ], [ -74.38879, 40.9823 ], [ -74.39085, 40.98095 ], [ -74.39481, 40.97975 ], [ -74.39646, 40.97803 ], [ -74.39667, 40.9765 ], [ -74.39856, 40.97335 ], [ -74.40021, 40.97212 ], [ -74.40317, 40.9669 ], [ -74.40509, 40.96584 ], [ -74.40881, 40.96222 ], [ -74.4095, 40.95861 ], [ -74.43117, 40.95937 ], [ -74.43075, 40.98461 ], [ -74.4321, 40.98401 ], [ -74.43202, 40.99254 ] ] ] } },
{ "type": "Feature", "properties": { "GEOID": "34027040101", "county_name": "Morris", "need_score": 11.9, "uninsured_pct": 4.69, "under_200_fpl_pct": 8.97, "total_pop": 4180 }, "geometry": { "type": "Polygon", "coordinates": [ [ [ -74.34122, 40.9464 ], [ -74.32989, 40.95252 ], [ -74.3263, 40.953 ], [ -74.31336, 40.95193 ], [ -74.3138, 40.94028 ], [ -74.30578, 40.93979 ], [ -74.30564, 40.94055 ], [ -74.29677, 40.94121 ], [ -74.29675, 40.94024 ], [ -74.294, 40.93997 ], [ -74.28216, 40.93662 ], [ -74.2851, 40.93138 ], [ -74.28925, 40.92879 ], [ -74.28805, 40.92625 ], [ -74.28851, 40.92498 ], [ -74.28529, 40.92308 ], [ -74.2857, 40.92141 ], [ -74.28371, 40.91989 ], [ -74.31868, 40.928 ], [ -74.32201, 40.92813 ], [ -74.33653, 40.94439 ], [ -74.34122, 40.9464 ] ] ] } },
{ "type": "Feature", "properties": { "GEOID": "34027045701", "county_name": "Morris", "need_score": 5.4, "uninsured_pct": 2.21, "under_200_fpl_pct": 5.33, "total_pop": 5894 }, "geometry": { "type": "Polygon", "coordinates": [ [ [ -74.64485, 40.83976 ], [ -74.64192, 40.8414 ], [ -74.63895, 40.84636 ], [ -74.63413, 40.85055 ], [ -74.6314, 40.85774 ], [ -74.62787, 40.86146 ], [ -74.62369, 40.86017 ], [ -74.61809, 40.85632 ], [ -74.60593, 40.85011 ], [ -74.59804, 40.84439 ], [ -74.59376, 40.84407 ], [ -74.59077, 40.84302 ], [ -74.57728, 40.83386 ], [ -74.57486, 40.83099 ], [ -74.5748, 40.82999 ], [ -74.58208, 40.8291 ], [ -74.58308, 40.82764 ], [ -74.58095, 40.8261 ], [ -74.58114, 40.82278 ], [ -74.58029, 40.82096 ], [ -74.58067, 40.81699 ], [ -74.57784, 40.81447 ], [ -74.63065, 40.80471 ], [ -74.62874, 40.8069 ], [ -74.6293, 40.80876 ], [ -74.6282, 40.81052 ], [ -74.62835, 40.81164 ], [ -74.62634, 40.81462 ], [ -74.62485, 40.81508 ], [ -74.62384, 40.81686 ], [ -74.6238, 40.81849 ], [ -74.62558, 40.82063 ], [ -74.62826, 40.82205 ], [ -74.63066, 40.82481 ], [ -74.62804, 40.82914 ], [ -74.62804, 40.83033 ], [ -74.64474, 40.83578 ], [ -74.64595, 40.83721 ], [ -74.64485, 40.83976 ] ] ] } },
{ "type": "Feature", "properties": { "GEOID": "34027043100", "county_name": "Morris", "need_score": 5.7, "uninsured_pct": 3.3, "under_200_fpl_pct": 5.58, "total_pop": 3636 }, "geometry": { "type": "Polygon", "coordinates": [ [ [ -74.43002, 40.746 ], [ -74.42779, 40.75408 ], [ -74.4262, 40.75604 ], [ -74.42156, 40.75818 ], [ -74.4169, 40.75925 ], [ -74.41434, 40.75626 ], [ -74.40791, 40.75076 ], [ -74.40334, 40.74708 ], [ -74.3989, 40.74458 ], [ -74.40221, 40.74128 ], [ -74.40545, 40.73994 ], [ -74.40883, 40.74132 ], [ -74.40992, 40.7405 ], [ -74.41439, 40.7425 ], [ -74.43002, 40.746 ] ] ] } },
{ "type": "Feature", "properties": { "GEOID": "34027045603", "county_name": "Morris", "need_score": 14.3, "uninsured_pct": 7.99, "under_200_fpl_pct": 21.65, "total_pop": 5454 }, "geometry": { "type": "Polygon", "coordinates": [ [ [ -74.57923, 40.8658 ], [ -74.57632, 40.86969 ], [ -74.5697, 40.8745 ], [ -74.56402, 40.87262 ], [ -74.55178, 40.8741 ], [ -74.5497, 40.87542 ], [ -74.54708, 40.873 ], [ -74.54482, 40.8696 ], [ -74.54331, 40.86903 ], [ -74.54442, 40.86695 ], [ -74.54943, 40.86479 ], [ -74.55085, 40.86307 ], [ -74.55217, 40.86266 ], [ -74.55343, 40.86042 ], [ -74.55857, 40.85763 ], [ -74.56316, 40.85928 ], [ -74.5712, 40.86032 ], [ -74.56996, 40.86258 ], [ -74.57406, 40.86237 ], [ -74.57263, 40.86477 ], [ -74.57505, 40.86558 ], [ -74.57923, 40.8658 ] ] ] } },
{ "type": "Feature", "properties": { "GEOID": "34027040803", "county_name": "Morris", "need_score": 8.8, "uninsured_pct": 3.47, "under_200_fpl_pct": 7.4, "total_pop": 7348 }, "geometry": { "type": "Polygon", "coordinates": [ [ [ -74.37592, 40.88966 ], [ -74.35845, 40.89156 ], [ -74.35639, 40.89101 ], [ -74.35101, 40.88751 ], [ -74.34564, 40.8872 ], [ -74.34267, 40.88518 ], [ -74.34234, 40.88408 ], [ -74.34007, 40.88215 ], [ -74.34014, 40.87957 ], [ -74.33846, 40.87965 ], [ -74.33802, 40.8784 ], [ -74.33516, 40.87737 ], [ -74.33527, 40.87671 ], [ -74.33734, 40.87616 ], [ -74.33784, 40.87501 ], [ -74.33642, 40.87393 ], [ -74.33482, 40.87369 ], [ -74.33476, 40.87274 ], [ -74.33758, 40.87231 ], [ -74.33755, 40.87141 ], [ -74.3361, 40.87036 ], [ -74.33819, 40.87004 ], [ -74.33653, 40.86884 ], [ -74.33746, 40.86778 ], [ -74.33459, 40.86788 ], [ -74.3333, 40.86913 ], [ -74.33105, 40.86696 ], [ -74.32624, 40.86608 ], [ -74.32563, 40.86503 ], [ -74.32209, 40.86404 ], [ -74.31915, 40.86611 ], [ -74.31737, 40.86494 ], [ -74.31757, 40.8635 ], [ -74.31979, 40.86281 ], [ -74.3209, 40.86176 ], [ -74.31899, 40.85965 ], [ -74.31913, 40.85844 ], [ -74.32431, 40.85818 ], [ -74.3261, 40.85627 ], [ -74.32517, 40.85448 ], [ -74.32702, 40.85266 ], [ -74.328, 40.84994 ], [ -74.332, 40.84935 ], [ -74.33125, 40.84673 ], [ -74.33443, 40.84657 ], [ -74.33566, 40.84786 ], [ -74.3361, 40.84488 ], [ -74.33777, 40.84385 ], [ -74.3421, 40.84662 ], [ -74.34131, 40.84765 ], [ -74.34243, 40.84957 ], [ -74.34462, 40.85081 ], [ -74.34112, 40.85208 ], [ -74.34352, 40.85503 ], [ -74.34361, 40.85605 ], [ -74.34566, 40.85744 ], [ -74.34636, 40.85615 ], [ -74.3479, 40.85708 ], [ -74.34723, 40.85909 ], [ -74.35012, 40.86451 ], [ -74.35232, 40.86608 ], [ -74.35417, 40.86551 ], [ -74.35562, 40.86712 ], [ -74.35748, 40.86666 ], [ -74.3623, 40.86767 ], [ -74.36236, 40.87045 ], [ -74.36574, 40.87165 ], [ -74.36659, 40.87376 ], [ -74.36982, 40.87634 ], [ -74.37105, 40.87874 ], [ -74.37365, 40.87938 ], [ -74.37414, 40.88258 ], [ -74.37688, 40.88647 ], [ -74.37592, 40.88966 ] ] ] } },
{ "type": "Feature", "properties": { "GEOID": "34027043402", "county_name": "Morris", "need_score": 6.5, "uninsured_pct": 0.6, "under_200_fpl_pct": 5.33, "total_pop": 5697 }, "geometry": { "type": "Polygon", "coordinates": [ [ [ -74.54221, 40.78945 ], [ -74.53582, 40.82377 ], [ -74.50926, 40.81135 ], [ -74.50513, 40.81065 ], [ -74.50099, 40.808 ], [ -74.48961, 40.80847 ], [ -74.49399, 40.80103 ], [ -74.49739, 40.79898 ], [ -74.5014, 40.79942 ], [ -74.49872, 40.7974 ], [ -74.49855, 40.79639 ], [ -74.49604, 40.79731 ], [ -74.49336, 40.79956 ], [ -74.48899, 40.78917 ], [ -74.49943, 40.77898 ], [ -74.50349, 40.77396 ], [ -74.50931, 40.76904 ], [ -74.51075, 40.77035 ], [ -74.5139, 40.77084 ], [ -74.52396, 40.77479 ], [ -74.54221, 40.78945 ] ] ] } },
{ "type": "Feature", "properties": { "GEOID": "34027040805", "county_name": "Morris", "need_score": 8.7, "uninsured_pct": 1.12, "under_200_fpl_pct": 6.54, "total_pop": 6327 }, "geometry": { "type": "Polygon", "coordinates": [ [ [ -74.36589, 40.89312 ], [ -74.3645, 40.898 ], [ -74.36471, 40.90261 ], [ -74.3611, 40.90785 ], [ -74.36251, 40.9163 ], [ -74.3607, 40.91671 ], [ -74.35425, 40.91564 ], [ -74.35051, 40.91686 ], [ -74.34629, 40.92077 ], [ -74.34117, 40.92428 ], [ -74.32491, 40.9279 ], [ -74.32201, 40.92813 ], [ -74.32146, 40.92753 ], [ -74.32165, 40.91141 ], [ -74.32277, 40.9089 ], [ -74.32595, 40.90865 ], [ -74.32784, 40.90773 ], [ -74.32734, 40.90702 ], [ -74.32547, 40.90758 ], [ -74.32484, 40.90624 ], [ -74.32795, 40.90535 ], [ -74.32953, 40.90865 ], [ -74.33106, 40.90821 ], [ -74.33111, 40.90651 ], [ -74.33429, 40.90546 ], [ -74.33516, 40.90252 ], [ -74.33763, 40.89879 ], [ -74.3349, 40.89787 ], [ -74.33398, 40.89667 ], [ -74.33808, 40.89601 ], [ -74.33911, 40.89411 ], [ -74.33616, 40.89358 ], [ -74.33911, 40.89186 ], [ -74.33986, 40.88891 ], [ -74.33826, 40.88767 ], [ -74.34007, 40.88215 ], [ -74.34234, 40.88408 ], [ -74.34267, 40.88518 ], [ -74.34564, 40.8872 ], [ -74.35101, 40.88751 ], [ -74.35639, 40.89101 ], [ -74.35845, 40.89156 ], [ -74.36588, 40.89097 ], [ -74.36589, 40.89312 ] ] ] } },
{ "type": "Feature", "properties": { "GEOID": "34027040200", "county_name": "Morris", "need_score": 7.9, "uninsured_pct": 5.38, "under_200_fpl_pct": 7.73, "total_pop": 6995 }, "geometry": { "type": "Polygon", "coordinates": [ [ [ -74.30217, 40.98169 ], [ -74.30275, 40.98314 ], [ -74.29745, 40.98358 ], [ -74.29742, 40.97962 ], [ -74.29491, 40.97887 ], [ -74.29309, 40.97985 ], [ -74.28801, 40.97916 ], [ -74.28687, 40.97987 ], [ -74.2852, 40.97879 ], [ -74.28318, 40.97897 ], [ -74.2833, 40.9794 ], [ -74.28169, 40.97996 ], [ -74.2815, 40.97613 ], [ -74.27886, 40.97547 ], [ -74.27751, 40.97355 ], [ -74.27787, 40.97214 ], [ -74.28055, 40.97232 ], [ -74.28189, 40.97127 ], [ -74.28203, 40.96917 ], [ -74.2811, 40.96619 ], [ -74.27936, 40.96521 ], [ -74.28055, 40.95777 ], [ -74.2798, 40.9563 ], [ -74.27752, 40.95507 ], [ -74.27772, 40.95117 ], [ -74.2794, 40.94344 ], [ -74.28216, 40.93662 ], [ -74.294, 40.93997 ], [ -74.29675, 40.94024 ], [ -74.30342, 40.97677 ], [ -74.30217, 40.98169 ] ] ] } },
{ "type": "Feature", "properties": { "GEOID": "34027046202", "county_name": "Morris", "need_score": 7.0, "uninsured_pct": 1.9, "under_200_fpl_pct": 7.33, "total_pop": 3780 }, "geometry": { "type": "Polygon", "coordinates": [ [ [ -74.81463, 40.80229 ], [ -74.80463, 40.80916 ], [ -74.79923, 40.81118 ], [ -74.79718, 40.81261 ], [ -74.79836, 40.8149 ], [ -74.79727, 40.81918 ], [ -74.79579, 40.82202 ], [ -74.7931, 40.82402 ], [ -74.79072, 40.8225 ], [ -74.78824, 40.8229 ], [ -74.78709, 40.81769 ], [ -74.78562, 40.81618 ], [ -74.78217, 40.81807 ], [ -74.78113, 40.81973 ], [ -74.76724, 40.82818 ], [ -74.76054, 40.83135 ], [ -74.75553, 40.82878 ], [ -74.75151, 40.82752 ], [ -74.74512, 40.82809 ], [ -74.73908, 40.82561 ], [ -74.73603, 40.82574 ], [ -74.72376, 40.81846 ], [ -74.72393, 40.81731 ], [ -74.74855, 40.79998 ], [ -74.75098, 40.79876 ], [ -74.76079, 40.79716 ], [ -74.76761, 40.79487 ], [ -74.77347, 40.78932 ], [ -74.78075, 40.78677 ], [ -74.78229, 40.78911 ], [ -74.78504, 40.789 ], [ -74.78424, 40.79081 ], [ -74.78486, 40.79303 ], [ -74.79038, 40.79185 ], [ -74.79792, 40.79473 ], [ -74.81345, 40.79917 ], [ -74.81463, 40.80229 ] ] ] } },
{ "type": "Feature", "properties": { "GEOID": "34027045100", "county_name": "Morris", "need_score": 20.4, "uninsured_pct": 8.57, "under_200_fpl_pct": 26.03, "total_pop": 7254 }, "geometry": { "type": "Polygon", "coordinates": [ [ [ -74.59647, 40.90092 ], [ -74.59508, 40.90163 ], [ -74.59486, 40.90241 ], [ -74.58103, 40.91523 ], [ -74.57927, 40.91412 ], [ -74.57578, 40.91341 ], [ -74.57495, 40.91197 ], [ -74.57053, 40.91056 ], [ -74.56718, 40.91033 ], [ -74.5661, 40.90812 ], [ -74.56792, 40.90429 ], [ -74.5686, 40.90066 ], [ -74.56818, 40.90033 ], [ -74.56912, 40.89827 ], [ -74.56936, 40.89496 ], [ -74.56882, 40.89207 ], [ -74.57782, 40.88602 ], [ -74.58569, 40.88697 ], [ -74.5867, 40.88905 ], [ -74.59318, 40.88992 ], [ -74.59401, 40.89112 ], [ -74.59647, 40.90092 ] ] ] } },
{ "type": "Feature", "properties": { "GEOID": "34041032200", "county_name": "Warren", "need_score": 13.5, "uninsured_pct": 1.73, "under_200_fpl_pct": 17.13, "total_pop": 9131 }, "geometry": { "type": "Polygon", "coordinates": [ [ [ -75.19811, 40.70654 ], [ -75.19442, 40.71402 ], [ -75.18637, 40.72027 ], [ -75.18571, 40.7254 ], [ -75.15966, 40.72343 ], [ -75.15853, 40.72428 ], [ -75.1527, 40.723 ], [ -75.15116, 40.7242 ], [ -75.15129, 40.72276 ], [ -75.145, 40.72253 ], [ -75.13838, 40.72368 ], [ -75.13836, 40.72211 ], [ -75.10322, 40.71938 ], [ -75.12176, 40.70693 ], [ -75.12184, 40.70772 ], [ -75.12502, 40.70735 ], [ -75.12454, 40.70354 ], [ -75.12747, 40.70324 ], [ -75.16201, 40.67998 ], [ -75.16271, 40.68163 ], [ -75.16258, 40.68447 ], [ -75.16025, 40.68762 ], [ -75.16748, 40.69817 ], [ -75.17628, 40.69698 ], [ -75.17743, 40.69886 ], [ -75.17404, 40.70089 ], [ -75.17517, 40.70273 ], [ -75.17714, 40.70181 ], [ -75.17819, 40.7035 ], [ -75.17972, 40.70262 ], [ -75.18171, 40.70586 ], [ -75.19168, 40.70009 ], [ -75.19811, 40.70654 ] ] ] } },
{ "type": "Feature", "properties": { "GEOID": "34041032400", "county_name": "Warren", "need_score": 10.8, "uninsured_pct": 3.53, "under_200_fpl_pct": 16.94, "total_pop": 2249 }, "geometry": { "type": "Polygon", "coordinates": [ [ [ -75.17438, 40.6473 ], [ -75.1722, 40.64913 ], [ -75.17345, 40.64995 ], [ -75.17153, 40.6509 ], [ -75.17194, 40.65263 ], [ -75.17052, 40.65327 ], [ -75.171, 40.65532 ], [ -75.16701, 40.65636 ], [ -75.16924, 40.6653 ], [ -75.16044, 40.66655 ], [ -75.16103, 40.66852 ], [ -75.16005, 40.67196 ], [ -75.15833, 40.67155 ], [ -75.15128, 40.67232 ], [ -75.1385, 40.6621 ], [ -75.13416, 40.65974 ], [ -75.13889, 40.65963 ], [ -75.14304, 40.65676 ], [ -75.1475, 40.6564 ], [ -75.14754, 40.65572 ], [ -75.1517, 40.6583 ], [ -75.15408, 40.65784 ], [ -75.1536, 40.65585 ], [ -75.15659, 40.65536 ], [ -75.15573, 40.65181 ], [ -75.16475, 40.64886 ], [ -75.17237, 40.643 ], [ -75.17438, 40.6473 ] ] ] } },
{ "type": "Feature", "properties": { "GEOID": "34041031301", "county_name": "Warren", "need_score": 9.1, "uninsured_pct": 3.25, "under_200_fpl_pct": 11.35, "total_pop": 5476 }, "geometry": { "type": "Polygon", "coordinates": [ [ [ -74.92827, 40.90652 ], [ -74.89464, 40.92898 ], [ -74.8938, 40.92869 ], [ -74.89366, 40.92652 ], [ -74.89227, 40.92407 ], [ -74.87945, 40.9151 ], [ -74.87813, 40.91569 ], [ -74.87179, 40.91122 ], [ -74.87017, 40.90827 ], [ -74.8621, 40.90109 ], [ -74.85882, 40.89953 ], [ -74.85687, 40.89765 ], [ -74.83624, 40.8845 ], [ -74.83505, 40.88558 ], [ -74.82115, 40.8779 ], [ -74.81629, 40.87616 ], [ -74.81622, 40.86845 ], [ -74.81853, 40.8647 ], [ -74.81983, 40.8644 ], [ -74.82202, 40.86515 ], [ -74.82568, 40.86799 ], [ -74.82829, 40.86881 ], [ -74.83365, 40.86322 ], [ -74.83893, 40.85948 ], [ -74.83953, 40.85582 ], [ -74.84295, 40.85215 ], [ -74.84468, 40.84849 ], [ -74.84748, 40.8459 ], [ -74.85271, 40.83793 ], [ -74.85546, 40.8362 ], [ -74.91424, 40.85806 ], [ -74.92633, 40.90282 ], [ -74.92827, 40.90652 ] ] ] } },
{ "type": "Feature", "properties": { "GEOID": "34041031302", "county_name": "Warren", "need_score": 10.0, "uninsured_pct": 3.2, "under_200_fpl_pct": 5.56, "total_pop": 5373 }, "geometry": { "type": "Polygon", "coordinates": [ [ [ -74.89464, 40.92898 ], [ -74.88085, 40.93792 ], [ -74.82269, 40.96014 ], [ -74.76942, 40.91093 ], [ -74.77068, 40.9093 ], [ -74.77225, 40.90867 ], [ -74.77606, 40.90534 ], [ -74.77712, 40.90527 ], [ -74.77909, 40.90635 ], [ -74.77985, 40.90332 ], [ -74.78288, 40.90241 ], [ -74.78414, 40.90091 ], [ -74.78689, 40.89979 ], [ -74.787, 40.89862 ], [ -74.7903, 40.89642 ], [ -74.79048, 40.89317 ], [ -74.79165, 40.89067 ], [ -74.79424, 40.88882 ], [ -74.79909, 40.88802 ], [ -74.80022, 40.88701 ], [ -74.80383, 40.88577 ], [ -74.80608, 40.88377 ], [ -74.80678, 40.88208 ], [ -74.80859, 40.88333 ], [ -74.8144, 40.87946 ], [ -74.81629, 40.87616 ], [ -74.82115, 40.8779 ], [ -74.83505, 40.88558 ], [ -74.83624, 40.8845 ], [ -74.85687, 40.89765 ], [ -74.85882, 40.89953 ], [ -74.8621, 40.90109 ], [ -74.87017, 40.90827 ], [ -74.87179, 40.91122 ], [ -74.87813, 40.91569 ], [ -74.87945, 40.9151 ], [ -74.89227, 40.92407 ], [ -74.89366, 40.92652 ], [ -74.8938, 40.92869 ], [ -74.89464, 40.92898 ] ] ] } },
{ "type": "Feature", "properties": { "GEOID": "34041031900", "county_name": "Warren", "need_score": 9.9, "uninsured_pct": 4.74, "under_200_fpl_pct": 10.95, "total_pop": 6597 }, "geometry": { "type": "Polygon", "coordinates": [ [ [ -75.04205, 40.7683 ], [ -75.01296, 40.79079 ], [ -75.00381, 40.78495 ], [ -75.00026, 40.78163 ], [ -74.99727, 40.78407 ], [ -74.99621, 40.78769 ], [ -74.99295, 40.79152 ], [ -74.98286, 40.79991 ], [ -74.98122, 40.79793 ], [ -74.9785, 40.79622 ], [ -74.97562, 40.79537 ], [ -74.96355, 40.78283 ], [ -74.94807, 40.76806 ], [ -74.92986, 40.75195 ], [ -74.93113, 40.75064 ], [ -74.9308, 40.74904 ], [ -74.93397, 40.74802 ], [ -74.93503, 40.74587 ], [ -74.94043, 40.74091 ], [ -74.94129, 40.73862 ], [ -74.94289, 40.73801 ], [ -74.94652, 40.73481 ], [ -74.95173, 40.72774 ], [ -74.95832, 40.72543 ], [ -74.96019, 40.72281 ], [ -74.96351, 40.72047 ], [ -74.96795, 40.71158 ], [ -74.97063, 40.70977 ], [ -74.9793, 40.71089 ], [ -74.98023, 40.71025 ], [ -74.98131, 40.706 ], [ -74.98339, 40.70537 ], [ -75.01629, 40.73993 ], [ -75.04205, 40.7683 ] ], [ [ -74.99962, 40.76016 ], [ -74.99348, 40.74451 ], [ -74.96188, 40.75914 ], [ -74.96834, 40.76869 ], [ -74.9915, 40.76713 ], [ -74.99962, 40.76016 ] ] ] } },
{ "type": "Feature", "properties": { "GEOID": "34041031700", "county_name": "Warren", "need_score": 9.4, "uninsured_pct": 2.53, "under_200_fpl_pct": 18.05, "total_pop": 2526 }, "geometry": { "type": "Polygon", "coordinates": [ [ [ -75.08843, 40.83225 ], [ -75.07666, 40.84086 ], [ -75.06042, 40.83387 ], [ -75.05877, 40.8284 ], [ -75.06683, 40.81803 ], [ -75.06819, 40.81736 ], [ -75.06953, 40.81885 ], [ -75.07317, 40.82023 ], [ -75.07625, 40.82045 ], [ -75.08111, 40.8225 ], [ -75.08182, 40.82406 ], [ -75.08396, 40.82442 ], [ -75.08382, 40.8278 ], [ -75.08552, 40.83008 ], [ -75.08843, 40.83225 ] ] ] } },
{ "type": "Feature", "properties": { "GEOID": "34037374200", "county_name": "Sussex", "need_score": 7.2, "uninsured_pct": 1.58, "under_200_fpl_pct": 15.07, "total_pop": 2338 }, "geometry": { "type": "Polygon", "coordinates": [ [ [ -74.79139, 40.93135 ], [ -74.74062, 40.96932 ], [ -74.73904, 40.96516 ], [ -74.73776, 40.9574 ], [ -74.73445, 40.95117 ], [ -74.7306, 40.94648 ], [ -74.72942, 40.94252 ], [ -74.72598, 40.93988 ], [ -74.72519, 40.93821 ], [ -74.72159, 40.93577 ], [ -74.71876, 40.93239 ], [ -74.71852, 40.92025 ], [ -74.71986, 40.91842 ], [ -74.71685, 40.91546 ], [ -74.7174, 40.9128 ], [ -74.71946, 40.91462 ], [ -74.7202, 40.9132 ], [ -74.72866, 40.91638 ], [ -74.72985, 40.91916 ], [ -74.73189, 40.92083 ], [ -74.73754, 40.91892 ], [ -74.7408, 40.92024 ], [ -74.74497, 40.91953 ], [ -74.74801, 40.91982 ], [ -74.75033, 40.91818 ], [ -74.75127, 40.91583 ], [ -74.75553, 40.91365 ], [ -74.75982, 40.91365 ], [ -74.76087, 40.91219 ], [ -74.76162, 40.91303 ], [ -74.76339, 40.91329 ], [ -74.76461, 40.91198 ], [ -74.76606, 40.91273 ], [ -74.76942, 40.91093 ], [ -74.79139, 40.93135 ] ] ] } },
{ "type": "Feature", "properties": { "GEOID": "34037372300", "county_name": "Sussex", "need_score": 7.5, "uninsured_pct": 1.26, "under_200_fpl_pct": 8.66, "total_pop": 4090 }, "geometry": { "type": "Polygon", "coordinates": [ [ [ -74.78077, 41.13241 ], [ -74.77746, 41.13523 ], [ -74.77146, 41.13821 ], [ -74.76866, 41.14033 ], [ -74.76662, 41.14245 ], [ -74.76672, 41.14317 ], [ -74.76436, 41.1451 ], [ -74.76475, 41.14613 ], [ -74.76279, 41.1495 ], [ -74.76022, 41.14773 ], [ -74.75836, 41.15037 ], [ -74.75473, 41.15314 ], [ -74.75058, 41.15481 ], [ -74.74995, 41.15578 ], [ -74.75053, 41.15789 ], [ -74.75011, 41.16186 ], [ -74.74876, 41.16376 ], [ -74.74835, 41.16555 ], [ -74.75062, 41.16931 ], [ -74.75008, 41.17139 ], [ -74.75098, 41.17769 ], [ -74.75278, 41.18008 ], [ -74.75676, 41.18313 ], [ -74.75836, 41.18323 ], [ -74.76346, 41.18129 ], [ -74.77422, 41.17955 ], [ -74.78268, 41.17694 ], [ -74.78479, 41.17764 ], [ -74.77491, 41.1824 ], [ -74.75458, 41.19738 ], [ -74.71876, 41.2195 ], [ -74.71601, 41.22207 ], [ -74.68165, 41.18686 ], [ -74.6569, 41.16009 ], [ -74.72071, 41.112 ], [ -74.78612, 41.13071 ], [ -74.78077, 41.13241 ] ] ] } },
{ "type": "Feature", "properties": { "GEOID": "34037374000", "county_name": "Sussex", "need_score": 8.3, "uninsured_pct": 1.41, "under_200_fpl_pct": 10.43, "total_pop": 3264 }, "geometry": { "type": "Polygon", "coordinates": [ [ [ -74.87245, 41.01683 ], [ -74.86587, 41.02352 ], [ -74.86067, 41.02695 ], [ -74.85926, 41.02852 ], [ -74.85732, 41.03478 ], [ -74.8563, 41.03592 ], [ -74.84623, 41.04294 ], [ -74.83478, 41.04656 ], [ -74.82983, 41.04904 ], [ -74.81082, 41.05993 ], [ -74.80431, 41.0623 ], [ -74.79524, 41.06876 ], [ -74.78472, 41.06398 ], [ -74.76297, 41.06864 ], [ -74.76506, 41.06159 ], [ -74.77586, 41.05533 ], [ -74.76846, 41.04988 ], [ -74.76894, 41.0481 ], [ -74.7659, 41.04486 ], [ -74.77295, 41.0215 ], [ -74.79285, 41.00021 ], [ -74.82391, 41.00403 ], [ -74.8603, 40.99564 ], [ -74.87992, 41.01381 ], [ -74.87245, 41.01683 ] ] ] } },
{ "type": "Feature", "properties": { "GEOID": "34037372200", "county_name": "Sussex", "need_score": 9.9, "uninsured_pct": 4.74, "under_200_fpl_pct": 11.67, "total_pop": 1941 }, "geometry": { "type": "Polygon", "coordinates": [ [ [ -74.8427, 41.15031 ], [ -74.81759, 41.15931 ], [ -74.81009, 41.16298 ], [ -74.79185, 41.17432 ], [ -74.78479, 41.17764 ], [ -74.78268, 41.17694 ], [ -74.77422, 41.17955 ], [ -74.76346, 41.18129 ], [ -74.75836, 41.18323 ], [ -74.75676, 41.18313 ], [ -74.75278, 41.18008 ], [ -74.75098, 41.17769 ], [ -74.75008, 41.17139 ], [ -74.75062, 41.16931 ], [ -74.74835, 41.16555 ], [ -74.74876, 41.16376 ], [ -74.75011, 41.16186 ], [ -74.75053, 41.15789 ], [ -74.74995, 41.15578 ], [ -74.75058, 41.15481 ], [ -74.75473, 41.15314 ], [ -74.75836, 41.15037 ], [ -74.76022, 41.14773 ], [ -74.76279, 41.1495 ], [ -74.76475, 41.14613 ], [ -74.76436, 41.1451 ], [ -74.76672, 41.14317 ], [ -74.76662, 41.14245 ], [ -74.76866, 41.14033 ], [ -74.77146, 41.13821 ], [ -74.77746, 41.13523 ], [ -74.78077, 41.13241 ], [ -74.78612, 41.13071 ], [ -74.83903, 41.14573 ], [ -74.84604, 41.14853 ], [ -74.8427, 41.15031 ] ] ] } },
{ "type": "Feature", "properties": { "GEOID": "34027044200", "county_name": "Morris", "need_score": 11.9, "uninsured_pct": 3.99, "under_200_fpl_pct": 17.9, "total_pop": 3882 }, "geometry": { "type": "Polygon", "coordinates": [ [ [ -74.55009, 40.74733 ], [ -74.54221, 40.78945 ], [ -74.52396, 40.77479 ], [ -74.5139, 40.77084 ], [ -74.51075, 40.77035 ], [ -74.50931, 40.76904 ], [ -74.49586, 40.76623 ], [ -74.49556, 40.76568 ], [ -74.48578, 40.76419 ], [ -74.45887, 40.76609 ], [ -74.4579, 40.76686 ], [ -74.45384, 40.76755 ], [ -74.44988, 40.77022 ], [ -74.44772, 40.76959 ], [ -74.44202, 40.7747 ], [ -74.45245, 40.75309 ], [ -74.45518, 40.74499 ], [ -74.44945, 40.71739 ], [ -74.47987, 40.70755 ], [ -74.51372, 40.69775 ], [ -74.51387, 40.70106 ], [ -74.51871, 40.7063 ], [ -74.52202, 40.70868 ], [ -74.52363, 40.70843 ], [ -74.52598, 40.70933 ], [ -74.52681, 40.71093 ], [ -74.52419, 40.71337 ], [ -74.52412, 40.71564 ], [ -74.52607, 40.71579 ], [ -74.52876, 40.71764 ], [ -74.52881, 40.71912 ], [ -74.53123, 40.71968 ], [ -74.5315, 40.72127 ], [ -74.52977, 40.72651 ], [ -74.53076, 40.72772 ], [ -74.53089, 40.72985 ], [ -74.53447, 40.73031 ], [ -74.53996, 40.73379 ], [ -74.5434, 40.73448 ], [ -74.54884, 40.73372 ], [ -74.54768, 40.73699 ], [ -74.549, 40.74094 ], [ -74.54911, 40.74704 ], [ -74.55009, 40.74733 ] ] ] } },
{ "type": "Feature", "properties": { "GEOID": "34035052904", "county_name": "Somerset", "need_score": 12.3, "uninsured_pct": 8.28, "under_200_fpl_pct": 19.53, "total_pop": 2477 }, "geometry": { "type": "Polygon", "coordinates": [ [ [ -74.73078, 40.66556 ], [ -74.72658, 40.667 ], [ -74.7227, 40.67009 ], [ -74.72162, 40.67675 ], [ -74.72208, 40.67741 ], [ -74.72037, 40.6797 ], [ -74.71846, 40.68057 ], [ -74.71774, 40.68399 ], [ -74.71955, 40.68542 ], [ -74.72125, 40.68515 ], [ -74.72394, 40.68784 ], [ -74.72116, 40.69158 ], [ -74.72137, 40.69411 ], [ -74.72073, 40.69683 ], [ -74.71663, 40.69869 ], [ -74.71585, 40.70074 ], [ -74.71803, 40.7032 ], [ -74.71655, 40.70391 ], [ -74.71699, 40.70494 ], [ -74.72004, 40.70636 ], [ -74.71952, 40.70778 ], [ -74.72054, 40.7097 ], [ -74.72108, 40.71283 ], [ -74.72025, 40.71519 ], [ -74.72215, 40.71601 ], [ -74.72495, 40.71947 ], [ -74.72567, 40.71953 ], [ -74.67945, 40.73013 ], [ -74.67934, 40.71912 ], [ -74.67693, 40.71264 ], [ -74.67618, 40.70365 ], [ -74.67501, 40.6994 ], [ -74.67556, 40.69768 ], [ -74.66798, 40.69468 ], [ -74.6506, 40.69644 ], [ -74.64816, 40.6943 ], [ -74.64697, 40.69153 ], [ -74.64748, 40.68971 ], [ -74.64429, 40.68453 ], [ -74.63901, 40.68336 ], [ -74.63671, 40.68225 ], [ -74.63193, 40.66959 ], [ -74.63569, 40.66779 ], [ -74.63957, 40.66495 ], [ -74.64229, 40.66195 ], [ -74.64468, 40.65796 ], [ -74.64673, 40.6513 ], [ -74.64642, 40.643 ], [ -74.64136, 40.64278 ], [ -74.63132, 40.64386 ], [ -74.63477, 40.64153 ], [ -74.6377, 40.64135 ], [ -74.64055, 40.63937 ], [ -74.64342, 40.63866 ], [ -74.64816, 40.63331 ], [ -74.64687, 40.62996 ], [ -74.65061, 40.6262 ], [ -74.6524, 40.62701 ], [ -74.65433, 40.6268 ], [ -74.65498, 40.62836 ], [ -74.65918, 40.62781 ], [ -74.65959, 40.62561 ], [ -74.66254, 40.62463 ], [ -74.66416, 40.62133 ], [ -74.6652, 40.62061 ], [ -74.66611, 40.61838 ], [ -74.66518, 40.61697 ], [ -74.66721, 40.61591 ], [ -74.67072, 40.6164 ], [ -74.6796, 40.62275 ], [ -74.68153, 40.62598 ], [ -74.68051, 40.62826 ], [ -74.68306, 40.63061 ], [ -74.6835, 40.63252 ], [ -74.68278, 40.63446 ], [ -74.68448, 40.63541 ], [ -74.68648, 40.63466 ], [ -74.68813, 40.63237 ], [ -74.6943, 40.63297 ], [ -74.69918, 40.63146 ], [ -74.70062, 40.62925 ], [ -74.69929, 40.62574 ], [ -74.69938, 40.62256 ], [ -74.70128, 40.62245 ], [ -74.7027, 40.62112 ], [ -74.7053, 40.62159 ], [ -74.70822, 40.62412 ], [ -74.71155, 40.62504 ], [ -74.71139, 40.62748 ], [ -74.71328, 40.63062 ], [ -74.71702, 40.6317 ], [ -74.7194, 40.6309 ], [ -74.72518, 40.63157 ], [ -74.72654, 40.63241 ], [ -74.72766, 40.63623 ], [ -74.72295, 40.63893 ], [ -74.72202, 40.64143 ], [ -74.72403, 40.64434 ], [ -74.72395, 40.64686 ], [ -74.72093, 40.65096 ], [ -74.71958, 40.65182 ], [ -74.72136, 40.65555 ], [ -74.72755, 40.65861 ], [ -74.72906, 40.6609 ], [ -74.72907, 40.66282 ], [ -74.72984, 40.66297 ], [ -74.73078, 40.66556 ] ] ] } },
{ "type": "Feature", "properties": { "GEOID": "34035052204", "county_name": "Somerset", "need_score": 6.0, "uninsured_pct": 1.18, "under_200_fpl_pct": 3.63, "total_pop": 5432 }, "geometry": { "type": "Polygon", "coordinates": [ [ [ -74.57704, 40.65303 ], [ -74.57443, 40.656 ], [ -74.56994, 40.65499 ], [ -74.56899, 40.65277 ], [ -74.56927, 40.64998 ], [ -74.56608, 40.64847 ], [ -74.56205, 40.64816 ], [ -74.55975, 40.64868 ], [ -74.5569, 40.65046 ], [ -74.55477, 40.64975 ], [ -74.5503, 40.65021 ], [ -74.54866, 40.65145 ], [ -74.53997, 40.65182 ], [ -74.5377, 40.65013 ], [ -74.5324, 40.64961 ], [ -74.53055, 40.64796 ], [ -74.52348, 40.64898 ], [ -74.51541, 40.64207 ], [ -74.51394, 40.63768 ], [ -74.51082, 40.6353 ], [ -74.50313, 40.63357 ], [ -74.50176, 40.63269 ], [ -74.49831, 40.62918 ], [ -74.49775, 40.62467 ], [ -74.50107, 40.62629 ], [ -74.51744, 40.62356 ], [ -74.52189, 40.62418 ], [ -74.52577, 40.62245 ], [ -74.53367, 40.62186 ], [ -74.54103, 40.62011 ], [ -74.55345, 40.6195 ], [ -74.55625, 40.62046 ], [ -74.55948, 40.61911 ], [ -74.56259, 40.6187 ], [ -74.56538, 40.62268 ], [ -74.56898, 40.6251 ], [ -74.57162, 40.62834 ], [ -74.57308, 40.63165 ], [ -74.57286, 40.63445 ], [ -74.57424, 40.6419 ], [ -74.57561, 40.64529 ], [ -74.57493, 40.64942 ], [ -74.57556, 40.65244 ], [ -74.57704, 40.65303 ] ] ] } },
{ "type": "Feature", "properties": { "GEOID": "34037371503", "county_name": "Sussex", "need_score": 8.7, "uninsured_pct": 2.19, "under_200_fpl_pct": 3.92, "total_pop": 2829 }, "geometry": { "type": "Polygon", "coordinates": [ [ [ -74.48557, 41.19283 ], [ -74.4839, 41.19746 ], [ -74.47882, 41.20274 ], [ -74.47498, 41.20489 ], [ -74.47218, 41.20513 ], [ -74.47113, 41.20695 ], [ -74.46925, 41.20822 ], [ -74.46465, 41.20968 ], [ -74.4607, 41.21201 ], [ -74.45652, 41.21549 ], [ -74.45583, 41.21847 ], [ -74.45461, 41.22015 ], [ -74.43888, 41.22646 ], [ -74.43655, 41.22787 ], [ -74.43478, 41.23124 ], [ -74.43335, 41.23192 ], [ -74.42825, 41.23227 ], [ -74.42375, 41.23176 ], [ -74.36738, 41.20349 ], [ -74.4018, 41.17626 ], [ -74.40547, 41.17717 ], [ -74.40732, 41.17636 ], [ -74.41128, 41.17734 ], [ -74.41464, 41.17954 ], [ -74.41493, 41.1811 ], [ -74.41767, 41.18419 ], [ -74.42195, 41.18492 ], [ -74.42212, 41.18662 ], [ -74.42363, 41.18807 ], [ -74.42725, 41.18816 ], [ -74.42962, 41.19019 ], [ -74.43685, 41.18755 ], [ -74.44083, 41.18436 ], [ -74.44515, 41.18256 ], [ -74.45088, 41.18183 ], [ -74.45018, 41.18124 ], [ -74.45182, 41.17876 ], [ -74.45558, 41.17918 ], [ -74.45653, 41.18046 ], [ -74.45966, 41.17911 ], [ -74.46029, 41.18114 ], [ -74.46232, 41.18098 ], [ -74.46366, 41.17936 ], [ -74.46367, 41.18141 ], [ -74.46207, 41.18451 ], [ -74.45962, 41.1856 ], [ -74.46094, 41.18655 ], [ -74.4646, 41.18494 ], [ -74.46572, 41.18689 ], [ -74.46909, 41.18469 ], [ -74.46914, 41.18561 ], [ -74.47285, 41.18346 ], [ -74.47536, 41.18507 ], [ -74.47854, 41.18586 ], [ -74.47906, 41.18678 ], [ -74.48427, 41.18974 ], [ -74.48517, 41.19053 ], [ -74.48557, 41.19283 ] ] ] } },
{ "type": "Feature", "properties": { "GEOID": "34013023100", "county_name": "Essex", "need_score": 19.3, "uninsured_pct": 16.15, "under_200_fpl_pct": 43.06, "total_pop": 2408 }, "geometry": { "type": "Polygon", "coordinates": [ [ [ -74.21087, 40.73157 ], [ -74.20874, 40.73705 ], [ -74.20695, 40.73665 ], [ -74.20625, 40.73849 ], [ -74.2047, 40.73988 ], [ -74.20113, 40.7391 ], [ -74.20385, 40.7316 ], [ -74.20822, 40.73078 ], [ -74.21087, 40.73157 ] ] ] } },
{ "type": "Feature", "properties": { "GEOID": "34023009000", "county_name": "Middlesex", "need_score": 14.5, "uninsured_pct": 4.52, "under_200_fpl_pct": 28.69, "total_pop": 6368 }, "geometry": { "type": "Polygon", "coordinates": [ [ [ -74.27796, 40.58798 ], [ -74.27285, 40.59506 ], [ -74.25956, 40.59731 ], [ -74.25769, 40.60228 ], [ -74.25499, 40.60204 ], [ -74.25297, 40.60077 ], [ -74.24608, 40.5998 ], [ -74.24667, 40.59852 ], [ -74.25199, 40.59715 ], [ -74.25255, 40.59571 ], [ -74.2521, 40.59296 ], [ -74.25313, 40.5898 ], [ -74.25268, 40.58754 ], [ -74.25477, 40.58023 ], [ -74.24568, 40.58007 ], [ -74.24439, 40.57937 ], [ -74.25398, 40.56883 ], [ -74.27115, 40.57173 ], [ -74.26674, 40.58663 ], [ -74.26866, 40.58652 ], [ -74.26998, 40.5817 ], [ -74.27511, 40.58094 ], [ -74.27632, 40.58156 ], [ -74.27726, 40.58052 ], [ -74.27707, 40.58582 ], [ -74.27796, 40.58798 ] ] ] } },
{ "type": "Feature", "properties": { "GEOID": "34023001506", "county_name": "Middlesex", "need_score": 10.5, "uninsured_pct": 6.38, "under_200_fpl_pct": 15.17, "total_pop": 6931 }, "geometry": { "type": "Polygon", "coordinates": [ [ [ -74.4383, 40.51555 ], [ -74.42485, 40.52603 ], [ -74.41387, 40.53005 ], [ -74.41335, 40.5314 ], [ -74.41022, 40.5308 ], [ -74.40219, 40.52457 ], [ -74.43, 40.50864 ], [ -74.44014, 40.51511 ], [ -74.4383, 40.51555 ] ] ] } },
{ "type": "Feature", "properties": { "GEOID": "34019011203", "county_name": "Hunterdon", "need_score": 6.0, "uninsured_pct": 0.18, "under_200_fpl_pct": 1.87, "total_pop": 4500 }, "geometry": { "type": "Polygon", "coordinates": [ [ [ -74.81392, 40.56981 ], [ -74.81149, 40.57113 ], [ -74.79961, 40.5831 ], [ -74.79534, 40.58522 ], [ -74.79154, 40.5861 ], [ -74.77412, 40.61024 ], [ -74.73421, 40.59292 ], [ -74.73023, 40.59018 ], [ -74.71296, 40.58423 ], [ -74.7246, 40.56618 ], [ -74.7307, 40.56358 ], [ -74.73549, 40.55893 ], [ -74.74096, 40.55521 ], [ -74.74308, 40.55326 ], [ -74.7488, 40.54452 ], [ -74.75816, 40.54087 ], [ -74.76184, 40.54478 ], [ -74.783, 40.55308 ], [ -74.78978, 40.55947 ], [ -74.79301, 40.56169 ], [ -74.7997, 40.56367 ], [ -74.80238, 40.56531 ], [ -74.80902, 40.56691 ], [ -74.81392, 40.56981 ] ] ] } },
{ "type": "Feature", "properties": { "GEOID": "34027046110", "county_name": "Morris", "need_score": 6.3, "uninsured_pct": 3.35, "under_200_fpl_pct": 8.03, "total_pop": 6224 }, "geometry": { "type": "Polygon", "coordinates": [ [ [ -74.82083, 40.84965 ], [ -74.81412, 40.85122 ], [ -74.80995, 40.85448 ], [ -74.80924, 40.86021 ], [ -74.80744, 40.86111 ], [ -74.8037, 40.86106 ], [ -74.802, 40.86373 ], [ -74.80241, 40.8647 ], [ -74.80487, 40.86593 ], [ -74.8083, 40.86949 ], [ -74.80574, 40.8742 ], [ -74.80589, 40.87608 ], [ -74.80698, 40.87818 ], [ -74.80678, 40.88208 ], [ -74.80608, 40.88377 ], [ -74.80383, 40.88577 ], [ -74.80022, 40.88701 ], [ -74.79909, 40.88802 ], [ -74.79424, 40.88882 ], [ -74.79165, 40.89067 ], [ -74.79048, 40.89317 ], [ -74.7903, 40.89642 ], [ -74.787, 40.89862 ], [ -74.78689, 40.89979 ], [ -74.78414, 40.90091 ], [ -74.78288, 40.90241 ], [ -74.77985, 40.90332 ], [ -74.77909, 40.90635 ], [ -74.77712, 40.90527 ], [ -74.77606, 40.90534 ], [ -74.77225, 40.90867 ], [ -74.77068, 40.9093 ], [ -74.76841, 40.91189 ], [ -74.76606, 40.91273 ], [ -74.76461, 40.91198 ], [ -74.76339, 40.91329 ], [ -74.76162, 40.91303 ], [ -74.76087, 40.91219 ], [ -74.75982, 40.91365 ], [ -74.75553, 40.91365 ], [ -74.75127, 40.91583 ], [ -74.75033, 40.91818 ], [ -74.74801, 40.91982 ], [ -74.74497, 40.91953 ], [ -74.7408, 40.92024 ], [ -74.73754, 40.91892 ], [ -74.73189, 40.92083 ], [ -74.72985, 40.91916 ], [ -74.72866, 40.91638 ], [ -74.71842, 40.9124 ], [ -74.71768, 40.91116 ], [ -74.71287, 40.90767 ], [ -74.7122, 40.90451 ], [ -74.7135, 40.90231 ], [ -74.71638, 40.90234 ], [ -74.71474, 40.89396 ], [ -74.71617, 40.89215 ], [ -74.72043, 40.89039 ], [ -74.72069, 40.89239 ], [ -74.72585, 40.89325 ], [ -74.72728, 40.89555 ], [ -74.72589, 40.90086 ], [ -74.72731, 40.90044 ], [ -74.72972, 40.89662 ], [ -74.73247, 40.89446 ], [ -74.74033, 40.89174 ], [ -74.74689, 40.89079 ], [ -74.75073, 40.88793 ], [ -74.75211, 40.88565 ], [ -74.7517, 40.88534 ], [ -74.7542, 40.88283 ], [ -74.75396, 40.88024 ], [ -74.75659, 40.87725 ], [ -74.75724, 40.87481 ], [ -74.76223, 40.86751 ], [ -74.76492, 40.86492 ], [ -74.75865, 40.85904 ], [ -74.76949, 40.85431 ], [ -74.78376, 40.84918 ], [ -74.7872, 40.8506 ], [ -74.7907, 40.85066 ], [ -74.79725, 40.84769 ], [ -74.79945, 40.84748 ], [ -74.80092, 40.84998 ], [ -74.80724, 40.85077 ], [ -74.81326, 40.84829 ], [ -74.82166, 40.8485 ], [ -74.82083, 40.84965 ] ] ] } },
{ "type": "Feature", "properties": { "GEOID": "34027042602", "county_name": "Morris", "need_score": 12.4, "uninsured_pct": 0.55, "under_200_fpl_pct": 15.29, "total_pop": 6318 }, "geometry": { "type": "Polygon", "coordinates": [ [ [ -74.40135, 40.76561 ], [ -74.3946, 40.76707 ], [ -74.39042, 40.77065 ], [ -74.37981, 40.77648 ], [ -74.3819, 40.78128 ], [ -74.37958, 40.78344 ], [ -74.37823, 40.78592 ], [ -74.3796, 40.78897 ], [ -74.38135, 40.79037 ], [ -74.38812, 40.78764 ], [ -74.39505, 40.78875 ], [ -74.39789, 40.79016 ], [ -74.39856, 40.79116 ], [ -74.39366, 40.79375 ], [ -74.38922, 40.79404 ], [ -74.38985, 40.7957 ], [ -74.39193, 40.79803 ], [ -74.36544, 40.79551 ], [ -74.36706, 40.79329 ], [ -74.36615, 40.79062 ], [ -74.36696, 40.78928 ], [ -74.36681, 40.78049 ], [ -74.37297, 40.77533 ], [ -74.37089, 40.7749 ], [ -74.36955, 40.77139 ], [ -74.37194, 40.7675 ], [ -74.37001, 40.76656 ], [ -74.37114, 40.76404 ], [ -74.37241, 40.76413 ], [ -74.37351, 40.76305 ], [ -74.37576, 40.76299 ], [ -74.37727, 40.76118 ], [ -74.37583, 40.76084 ], [ -74.37493, 40.7594 ], [ -74.37559, 40.75844 ], [ -74.37403, 40.75797 ], [ -74.3724, 40.75945 ], [ -74.37033, 40.75946 ], [ -74.36754, 40.76101 ], [ -74.36786, 40.75812 ], [ -74.36571, 40.75822 ], [ -74.36174, 40.75592 ], [ -74.35815, 40.7561 ], [ -74.3577, 40.755 ], [ -74.35947, 40.75122 ], [ -74.36515, 40.74976 ], [ -74.38061, 40.75506 ], [ -74.39027, 40.75131 ], [ -74.3915, 40.75213 ], [ -74.39206, 40.75138 ], [ -74.3971, 40.75467 ], [ -74.39457, 40.75699 ], [ -74.39462, 40.75899 ], [ -74.39989, 40.76239 ], [ -74.40135, 40.76561 ] ] ] } },
{ "type": "Feature", "properties": { "GEOID": "34027045904", "county_name": "Morris", "need_score": 5.0, "uninsured_pct": 1.13, "under_200_fpl_pct": 2.26, "total_pop": 4445 }, "geometry": { "type": "Polygon", "coordinates": [ [ [ -74.73272, 40.78319 ], [ -74.72879, 40.792 ], [ -74.72548, 40.80552 ], [ -74.71422, 40.81227 ], [ -74.69255, 40.82003 ], [ -74.65341, 40.84112 ], [ -74.64595, 40.83721 ], [ -74.64474, 40.83578 ], [ -74.62804, 40.83033 ], [ -74.62804, 40.82914 ], [ -74.63066, 40.82481 ], [ -74.62826, 40.82205 ], [ -74.62558, 40.82063 ], [ -74.6238, 40.81849 ], [ -74.62384, 40.81686 ], [ -74.62485, 40.81508 ], [ -74.62634, 40.81462 ], [ -74.62835, 40.81164 ], [ -74.6282, 40.81052 ], [ -74.6293, 40.80876 ], [ -74.62874, 40.8069 ], [ -74.63065, 40.80471 ], [ -74.6303, 40.80174 ], [ -74.63425, 40.79954 ], [ -74.63678, 40.80044 ], [ -74.64183, 40.7989 ], [ -74.6477, 40.7944 ], [ -74.64678, 40.79274 ], [ -74.64844, 40.79132 ], [ -74.64801, 40.79056 ], [ -74.64574, 40.78968 ], [ -74.64657, 40.78737 ], [ -74.64741, 40.78671 ], [ -74.64694, 40.78515 ], [ -74.64802, 40.78343 ], [ -74.64725, 40.78274 ], [ -74.64316, 40.78185 ], [ -74.642, 40.78036 ], [ -74.63786, 40.77802 ], [ -74.63691, 40.77357 ], [ -74.64092, 40.7739 ], [ -74.65504, 40.7729 ], [ -74.66192, 40.77353 ], [ -74.66785, 40.77877 ], [ -74.66933, 40.7811 ], [ -74.67413, 40.78457 ], [ -74.67767, 40.78589 ], [ -74.66966, 40.78903 ], [ -74.67624, 40.79501 ], [ -74.70615, 40.79327 ], [ -74.70937, 40.7805 ], [ -74.71886, 40.77849 ], [ -74.72412, 40.77999 ], [ -74.72901, 40.78266 ], [ -74.73272, 40.78319 ] ] ] } },
{ "type": "Feature", "properties": { "GEOID": "34023001003", "county_name": "Middlesex", "need_score": 9.8, "uninsured_pct": 4.01, "under_200_fpl_pct": 10.02, "total_pop": 5358 }, "geometry": { "type": "Polygon", "coordinates": [ [ [ -74.44008, 40.58096 ], [ -74.43355, 40.58204 ], [ -74.39578, 40.57502 ], [ -74.38762, 40.57523 ], [ -74.40458, 40.54979 ], [ -74.41528, 40.55848 ], [ -74.41934, 40.56098 ], [ -74.42341, 40.56181 ], [ -74.4358, 40.56162 ], [ -74.43679, 40.56952 ], [ -74.43813, 40.57185 ], [ -74.44008, 40.58096 ] ] ] } },
{ "type": "Feature", "properties": { "GEOID": "34023007306", "county_name": "Middlesex", "need_score": 11.7, "uninsured_pct": 11.02, "under_200_fpl_pct": 20.26, "total_pop": 3440 }, "geometry": { "type": "Polygon", "coordinates": [ [ [ -74.28731, 40.45739 ], [ -74.28109, 40.46094 ], [ -74.2742, 40.45536 ], [ -74.27086, 40.45116 ], [ -74.27309, 40.44984 ], [ -74.27179, 40.4467 ], [ -74.27313, 40.44304 ], [ -74.27624, 40.44412 ], [ -74.27747, 40.44573 ], [ -74.28496, 40.44903 ], [ -74.28388, 40.45071 ], [ -74.28731, 40.45739 ] ] ] } },
{ "type": "Feature", "properties": { "GEOID": "34023000609", "county_name": "Middlesex", "need_score": 16.7, "uninsured_pct": 7.5, "under_200_fpl_pct": 15.41, "total_pop": 2732 }, "geometry": { "type": "Polygon", "coordinates": [ [ [ -74.44653, 40.53607 ], [ -74.4385, 40.54018 ], [ -74.43856, 40.54093 ], [ -74.43562, 40.54032 ], [ -74.42616, 40.53297 ], [ -74.42053, 40.53253 ], [ -74.4118, 40.53549 ], [ -74.41387, 40.53005 ], [ -74.42485, 40.52603 ], [ -74.42808, 40.52387 ], [ -74.43242, 40.52699 ], [ -74.44454, 40.53298 ], [ -74.44653, 40.53607 ] ] ] } },
{ "type": "Feature", "properties": { "GEOID": "34023004501", "county_name": "Middlesex", "need_score": 27.7, "uninsured_pct": 25.86, "under_200_fpl_pct": 40.39, "total_pop": 3778 }, "geometry": { "type": "Polygon", "coordinates": [ [ [ -74.271, 40.51512 ], [ -74.26693, 40.52548 ], [ -74.26076, 40.52474 ], [ -74.2642, 40.51783 ], [ -74.271, 40.51512 ] ] ] } },
{ "type": "Feature", "properties": { "GEOID": "34035054302", "county_name": "Somerset", "need_score": 10.8, "uninsured_pct": 2.53, "under_200_fpl_pct": 7.38, "total_pop": 5553 }, "geometry": { "type": "Polygon", "coordinates": [ [ [ -74.5419, 40.49761 ], [ -74.53424, 40.51088 ], [ -74.51953, 40.52378 ], [ -74.50706, 40.53687 ], [ -74.50001, 40.5326 ], [ -74.50084, 40.53165 ], [ -74.49852, 40.52841 ], [ -74.50938, 40.51807 ], [ -74.51404, 40.51757 ], [ -74.51889, 40.51586 ], [ -74.5262, 40.51012 ], [ -74.5197, 40.50649 ], [ -74.5145, 40.50702 ], [ -74.51273, 40.50445 ], [ -74.50712, 40.50101 ], [ -74.50594, 40.50084 ], [ -74.51102, 40.49737 ], [ -74.51829, 40.49365 ], [ -74.52136, 40.49045 ], [ -74.5419, 40.49761 ] ] ] } },
{ "type": "Feature", "properties": { "GEOID": "34035052605", "county_name": "Somerset", "need_score": 5.5, "uninsured_pct": 0.96, "under_200_fpl_pct": 2.3, "total_pop": 5211 }, "geometry": { "type": "Polygon", "coordinates": [ [ [ -74.63131, 40.66794 ], [ -74.62378, 40.66723 ], [ -74.61991, 40.66345 ], [ -74.61765, 40.66375 ], [ -74.61572, 40.66254 ], [ -74.61436, 40.66025 ], [ -74.60881, 40.66211 ], [ -74.60494, 40.66522 ], [ -74.59669, 40.66614 ], [ -74.5898, 40.6659 ], [ -74.59291, 40.66099 ], [ -74.59264, 40.65612 ], [ -74.59395, 40.6543 ], [ -74.59848, 40.65104 ], [ -74.60072, 40.64461 ], [ -74.60905, 40.64262 ], [ -74.61322, 40.64231 ], [ -74.62399, 40.64925 ], [ -74.63131, 40.66794 ] ] ] } },
{ "type": "Feature", "properties": { "GEOID": "34035052906", "county_name": "Somerset", "need_score": 16.0, "uninsured_pct": 3.51, "under_200_fpl_pct": 18.19, "total_pop": 2646 }, "geometry": { "type": "Polygon", "coordinates": [ [ [ -74.64673, 40.6513 ], [ -74.64468, 40.65796 ], [ -74.6435, 40.65629 ], [ -74.64415, 40.65173 ], [ -74.64372, 40.65058 ], [ -74.6404, 40.65261 ], [ -74.63584, 40.65215 ], [ -74.63398, 40.65354 ], [ -74.63249, 40.6506 ], [ -74.62711, 40.64887 ], [ -74.62967, 40.64695 ], [ -74.63132, 40.64386 ], [ -74.64136, 40.64278 ], [ -74.64642, 40.643 ], [ -74.64673, 40.6513 ] ] ] } },
{ "type": "Feature", "properties": { "GEOID": "34035053806", "county_name": "Somerset", "need_score": 8.5, "uninsured_pct": 2.34, "under_200_fpl_pct": 3.12, "total_pop": 2439 }, "geometry": { "type": "Polygon", "coordinates": [ [ [ -74.65775, 40.47183 ], [ -74.64473, 40.50233 ], [ -74.63734, 40.50084 ], [ -74.63237, 40.49891 ], [ -74.6239, 40.49848 ], [ -74.62038, 40.49662 ], [ -74.62682, 40.47775 ], [ -74.60576, 40.47318 ], [ -74.61058, 40.45818 ], [ -74.63674, 40.46417 ], [ -74.63605, 40.46556 ], [ -74.65915, 40.47035 ], [ -74.65775, 40.47183 ] ] ] } },
{ "type": "Feature", "properties": { "GEOID": "34023008700", "county_name": "Middlesex", "need_score": 7.7, "uninsured_pct": 0.96, "under_200_fpl_pct": 5.75, "total_pop": 4063 }, "geometry": { "type": "Polygon", "coordinates": [ [ [ -74.56777, 40.29997 ], [ -74.56497, 40.32421 ], [ -74.561, 40.32461 ], [ -74.55948, 40.32333 ], [ -74.55936, 40.32194 ], [ -74.55792, 40.32181 ], [ -74.55113, 40.32489 ], [ -74.54592, 40.33008 ], [ -74.54846, 40.33639 ], [ -74.54424, 40.33617 ], [ -74.54156, 40.33716 ], [ -74.53833, 40.33731 ], [ -74.5345, 40.33642 ], [ -74.53348, 40.33504 ], [ -74.52654, 40.33301 ], [ -74.52344, 40.33272 ], [ -74.50613, 40.3284 ], [ -74.50472, 40.33274 ], [ -74.50127, 40.33981 ], [ -74.48456, 40.33864 ], [ -74.47616, 40.33669 ], [ -74.47977, 40.31564 ], [ -74.49124, 40.30261 ], [ -74.49044, 40.29164 ], [ -74.48922, 40.29105 ], [ -74.48897, 40.27708 ], [ -74.49592, 40.27877 ], [ -74.49762, 40.28053 ], [ -74.50266, 40.27953 ], [ -74.50449, 40.28066 ], [ -74.50672, 40.28036 ], [ -74.50715, 40.28155 ], [ -74.50972, 40.28316 ], [ -74.51115, 40.28304 ], [ -74.51175, 40.28493 ], [ -74.51485, 40.28714 ], [ -74.51837, 40.2865 ], [ -74.51976, 40.28706 ], [ -74.52321, 40.2861 ], [ -74.52305, 40.28731 ], [ -74.52176, 40.28872 ], [ -74.52192, 40.29021 ], [ -74.52368, 40.29069 ], [ -74.52605, 40.29306 ], [ -74.52864, 40.29431 ], [ -74.53188, 40.29326 ], [ -74.53658, 40.28949 ], [ -74.53992, 40.28833 ], [ -74.54234, 40.29181 ], [ -74.54506, 40.29237 ], [ -74.54698, 40.29111 ], [ -74.55171, 40.29055 ], [ -74.55598, 40.29252 ], [ -74.5567, 40.29166 ], [ -74.5576, 40.29213 ], [ -74.55949, 40.29601 ], [ -74.56245, 40.29633 ], [ -74.56378, 40.29738 ], [ -74.56482, 40.29697 ], [ -74.56777, 40.29997 ] ] ] } },
{ "type": "Feature", "properties": { "GEOID": "34023001504", "county_name": "Middlesex", "need_score": 11.2, "uninsured_pct": 6.51, "under_200_fpl_pct": 11.57, "total_pop": 6732 }, "geometry": { "type": "Polygon", "coordinates": [ [ [ -74.4086, 40.54382 ], [ -74.40458, 40.54979 ], [ -74.39956, 40.5483 ], [ -74.38186, 40.54968 ], [ -74.378, 40.53618 ], [ -74.38337, 40.53499 ], [ -74.39232, 40.53064 ], [ -74.39387, 40.53248 ], [ -74.39767, 40.54042 ], [ -74.40674, 40.53673 ], [ -74.4118, 40.53549 ], [ -74.4086, 40.54382 ] ] ] } },
{ "type": "Feature", "properties": { "GEOID": "34023006601", "county_name": "Middlesex", "need_score": 7.7, "uninsured_pct": 0.18, "under_200_fpl_pct": 3.63, "total_pop": 2233 }, "geometry": { "type": "Polygon", "coordinates": [ [ [ -74.48556, 40.4209 ], [ -74.48119, 40.42305 ], [ -74.47878, 40.42351 ], [ -74.4778, 40.4244 ], [ -74.4777, 40.42921 ], [ -74.4758, 40.4312 ], [ -74.4694, 40.4346 ], [ -74.4672, 40.43993 ], [ -74.46057, 40.43988 ], [ -74.45804, 40.44224 ], [ -74.45291, 40.44433 ], [ -74.4533, 40.44962 ], [ -74.45051, 40.44996 ], [ -74.44265, 40.44741 ], [ -74.43939, 40.44709 ], [ -74.43986, 40.44541 ], [ -74.43739, 40.44276 ], [ -74.43383, 40.43673 ], [ -74.43324, 40.43447 ], [ -74.43273, 40.43461 ], [ -74.44509, 40.41869 ], [ -74.44802, 40.41352 ], [ -74.45083, 40.40526 ], [ -74.45282, 40.40484 ], [ -74.46004, 40.40722 ], [ -74.46328, 40.40967 ], [ -74.46605, 40.41014 ], [ -74.46851, 40.41358 ], [ -74.47082, 40.41529 ], [ -74.47514, 40.41701 ], [ -74.47815, 40.41767 ], [ -74.48349, 40.4173 ], [ -74.4849, 40.41836 ], [ -74.48453, 40.41991 ], [ -74.48556, 40.4209 ] ] ] } },
{ "type": "Feature", "properties": { "GEOID": "34023006608", "county_name": "Middlesex", "need_score": 11.4, "uninsured_pct": 4.49, "under_200_fpl_pct": 12.57, "total_pop": 4008 }, "geometry": { "type": "Polygon", "coordinates": [ [ [ -74.41285, 40.41726 ], [ -74.405, 40.42599 ], [ -74.404, 40.43047 ], [ -74.40271, 40.43286 ], [ -74.39693, 40.43609 ], [ -74.39312, 40.43708 ], [ -74.39179, 40.42948 ], [ -74.38908, 40.41957 ], [ -74.41285, 40.41726 ] ] ] } },
{ "type": "Feature", "properties": { "GEOID": "34023001417", "county_name": "Middlesex", "need_score": 8.0, "uninsured_pct": 0.26, "under_200_fpl_pct": 3.81, "total_pop": 2025 }, "geometry": { "type": "Polygon", "coordinates": [ [ [ -74.35785, 40.57117 ], [ -74.34797, 40.57238 ], [ -74.34601, 40.55537 ], [ -74.35683, 40.55443 ], [ -74.35781, 40.55742 ], [ -74.35785, 40.57117 ] ] ] } },
{ "type": "Feature", "properties": { "GEOID": "34023001413", "county_name": "Middlesex", "need_score": 11.2, "uninsured_pct": 5.36, "under_200_fpl_pct": 20.25, "total_pop": 5836 }, "geometry": { "type": "Polygon", "coordinates": [ [ [ -74.38212, 40.57735 ], [ -74.37959, 40.57984 ], [ -74.3777, 40.58753 ], [ -74.37514, 40.59057 ], [ -74.36659, 40.59679 ], [ -74.36132, 40.59701 ], [ -74.36018, 40.58374 ], [ -74.35919, 40.58379 ], [ -74.35897, 40.57802 ], [ -74.35997, 40.57259 ], [ -74.36523, 40.57417 ], [ -74.36858, 40.57439 ], [ -74.38212, 40.57735 ] ] ] } },
{ "type": "Feature", "properties": { "GEOID": "34013000500", "county_name": "Essex", "need_score": 31.4, "uninsured_pct": 17.85, "under_200_fpl_pct": 43.43, "total_pop": 2146 }, "geometry": { "type": "Polygon", "coordinates": [ [ [ -74.18447, 40.7721 ], [ -74.17981, 40.76538 ], [ -74.18002, 40.76508 ], [ -74.18703, 40.76704 ], [ -74.18447, 40.7721 ] ] ] } },
{ "type": "Feature", "properties": { "GEOID": "34013022700", "county_name": "Essex", "need_score": 28.4, "uninsured_pct": 12.4, "under_200_fpl_pct": 51.82, "total_pop": 2725 }, "geometry": { "type": "Polygon", "coordinates": [ [ [ -74.19273, 40.71741 ], [ -74.19069, 40.72238 ], [ -74.18708, 40.72331 ], [ -74.19267, 40.72389 ], [ -74.19138, 40.727 ], [ -74.18389, 40.72506 ], [ -74.18424, 40.72427 ], [ -74.18173, 40.72545 ], [ -74.18052, 40.72436 ], [ -74.18093, 40.72369 ], [ -74.18604, 40.72163 ], [ -74.18797, 40.71829 ], [ -74.18974, 40.7189 ], [ -74.19079, 40.71695 ], [ -74.19273, 40.71741 ] ] ] } },
{ "type": "Feature", "properties": { "GEOID": "34013001300", "county_name": "Essex", "need_score": 29.4, "uninsured_pct": 19.49, "under_200_fpl_pct": 52.17, "total_pop": 2453 }, "geometry": { "type": "Polygon", "coordinates": [ [ [ -74.19495, 40.74374 ], [ -74.19675, 40.74425 ], [ -74.19571, 40.74636 ], [ -74.19284, 40.74554 ], [ -74.19392, 40.74344 ], [ -74.19123, 40.74261 ], [ -74.19318, 40.73901 ], [ -74.19714, 40.7394 ], [ -74.19495, 40.74374 ] ] ] } },
{ "type": "Feature", "properties": { "GEOID": "34013002202", "county_name": "Essex", "need_score": 18.4, "uninsured_pct": 5.55, "under_200_fpl_pct": 45.2, "total_pop": 3369 }, "geometry": { "type": "Polygon", "coordinates": [ [ [ -74.24437, 40.73331 ], [ -74.24059, 40.74016 ], [ -74.23919, 40.7404 ], [ -74.23535, 40.73875 ], [ -74.23807, 40.73365 ], [ -74.23977, 40.73186 ], [ -74.24345, 40.73075 ], [ -74.2437, 40.7328 ], [ -74.24437, 40.73331 ] ] ] } },
{ "type": "Feature", "properties": { "GEOID": "34013002400", "county_name": "Essex", "need_score": 20.9, "uninsured_pct": 4.83, "under_200_fpl_pct": 55.55, "total_pop": 3844 }, "geometry": { "type": "Polygon", "coordinates": [ [ [ -74.22991, 40.74075 ], [ -74.22778, 40.74637 ], [ -74.22232, 40.74515 ], [ -74.22576, 40.74077 ], [ -74.22065, 40.73932 ], [ -74.22537, 40.73749 ], [ -74.22662, 40.73795 ], [ -74.22852, 40.73653 ], [ -74.22731, 40.7402 ], [ -74.22991, 40.74075 ] ] ] } },
{ "type": "Feature", "properties": { "GEOID": "34013003100", "county_name": "Essex", "need_score": 26.2, "uninsured_pct": 10.21, "under_200_fpl_pct": 61.47, "total_pop": 1941 }, "geometry": { "type": "Polygon", "coordinates": [ [ [ -74.1954, 40.73327 ], [ -74.18871, 40.73458 ], [ -74.18833, 40.73449 ], [ -74.19057, 40.72895 ], [ -74.19654, 40.73023 ], [ -74.1954, 40.73327 ] ] ] } },
{ "type": "Feature", "properties": { "GEOID": "34013003900", "county_name": "Essex", "need_score": 32.8, "uninsured_pct": 5.27, "under_200_fpl_pct": 71.38, "total_pop": 1366 }, "geometry": { "type": "Polygon", "coordinates": [ [ [ -74.19864, 40.72516 ], [ -74.19654, 40.73023 ], [ -74.19057, 40.72895 ], [ -74.19267, 40.72389 ], [ -74.19864, 40.72516 ] ] ] } },
{ "type": "Feature", "properties": { "GEOID": "34013004700", "county_name": "Essex", "need_score": 16.1, "uninsured_pct": 17.03, "under_200_fpl_pct": 27.66, "total_pop": 4674 }, "geometry": { "type": "Polygon", "coordinates": [ [ [ -74.21847, 40.70485 ], [ -74.21374, 40.71009 ], [ -74.20588, 40.70568 ], [ -74.20987, 40.7023 ], [ -74.21297, 40.70081 ], [ -74.21847, 40.70485 ] ] ] } },
{ "type": "Feature", "properties": { "GEOID": "34013015100", "county_name": "Essex", "need_score": 10.3, "uninsured_pct": 3.61, "under_200_fpl_pct": 12.57, "total_pop": 4905 }, "geometry": { "type": "Polygon", "coordinates": [ [ [ -74.1929, 40.81573 ], [ -74.18905, 40.81679 ], [ -74.1852, 40.81945 ], [ -74.18141, 40.823 ], [ -74.17934, 40.82643 ], [ -74.17892, 40.82862 ], [ -74.1771, 40.82869 ], [ -74.17629, 40.82682 ], [ -74.17659, 40.82297 ], [ -74.17874, 40.81945 ], [ -74.17962, 40.81663 ], [ -74.18376, 40.81218 ], [ -74.18615, 40.81062 ], [ -74.18929, 40.81057 ], [ -74.19154, 40.81208 ], [ -74.19366, 40.8125 ], [ -74.1929, 40.81573 ] ] ] } },
{ "type": "Feature", "properties": { "GEOID": "34013015700", "county_name": "Essex", "need_score": 12.5, "uninsured_pct": 10.63, "under_200_fpl_pct": 15.99, "total_pop": 2835 }, "geometry": { "type": "Polygon", "coordinates": [ [ [ -74.20109, 40.78422 ], [ -74.19928, 40.78698 ], [ -74.19552, 40.7896 ], [ -74.19018, 40.78038 ], [ -74.20036, 40.78049 ], [ -74.20145, 40.78171 ], [ -74.20109, 40.78422 ] ] ] } },
{ "type": "Feature", "properties": { "GEOID": "34013017302", "county_name": "Essex", "need_score": 13.8, "uninsured_pct": 1.51, "under_200_fpl_pct": 17.39, "total_pop": 7485 }, "geometry": { "type": "Polygon", "coordinates": [ [ [ -74.30472, 40.75788 ], [ -74.28227, 40.80351 ], [ -74.27235, 40.79915 ], [ -74.26643, 40.79796 ], [ -74.27551, 40.78284 ], [ -74.2866, 40.76879 ], [ -74.28795, 40.76306 ], [ -74.29173, 40.75752 ], [ -74.30472, 40.75788 ] ] ] } },
{ "type": "Feature", "properties": { "GEOID": "34013021400", "county_name": "Essex", "need_score": 9.5, "uninsured_pct": 1.46, "under_200_fpl_pct": 11.22, "total_pop": 6892 }, "geometry": { "type": "Polygon", "coordinates": [ [ [ -74.23659, 40.83633 ], [ -74.23314, 40.84385 ], [ -74.23633, 40.84544 ], [ -74.23544, 40.84849 ], [ -74.23437, 40.85041 ], [ -74.23178, 40.85197 ], [ -74.23011, 40.85499 ], [ -74.22666, 40.85596 ], [ -74.21515, 40.86639 ], [ -74.2052, 40.86104 ], [ -74.20721, 40.85882 ], [ -74.20639, 40.85756 ], [ -74.2072, 40.85345 ], [ -74.20857, 40.8529 ], [ -74.2113, 40.84826 ], [ -74.21547, 40.84295 ], [ -74.21624, 40.83938 ], [ -74.22043, 40.83418 ], [ -74.22707, 40.83619 ], [ -74.22738, 40.83332 ], [ -74.23659, 40.83633 ] ] ] } },
{ "type": "Feature", "properties": { "GEOID": "34013018200", "county_name": "Essex", "need_score": 37.6, "uninsured_pct": 24.6, "under_200_fpl_pct": 44.6, "total_pop": 4512 }, "geometry": { "type": "Polygon", "coordinates": [ [ [ -74.23673, 40.77842 ], [ -74.23102, 40.78205 ], [ -74.22662, 40.77977 ], [ -74.22579, 40.78101 ], [ -74.22404, 40.78013 ], [ -74.22112, 40.78104 ], [ -74.22319, 40.77511 ], [ -74.23001, 40.77813 ], [ -74.23134, 40.77649 ], [ -74.23673, 40.77842 ] ] ] } },
{ "type": "Feature", "properties": { "GEOID": "34013010300", "county_name": "Essex", "need_score": 16.3, "uninsured_pct": 7.89, "under_200_fpl_pct": 31.46, "total_pop": 4168 }, "geometry": { "type": "Polygon", "coordinates": [ [ [ -74.20477, 40.77192 ], [ -74.19154, 40.76522 ], [ -74.19365, 40.76118 ], [ -74.2046, 40.76649 ], [ -74.20477, 40.77192 ] ] ] } },
{ "type": "Feature", "properties": { "GEOID": "34013010600", "county_name": "Essex", "need_score": 26.4, "uninsured_pct": 13.58, "under_200_fpl_pct": 48.75, "total_pop": 5192 }, "geometry": { "type": "Polygon", "coordinates": [ [ [ -74.21577, 40.76363 ], [ -74.21303, 40.76557 ], [ -74.2097, 40.76893 ], [ -74.2046, 40.76649 ], [ -74.20845, 40.76004 ], [ -74.21577, 40.76363 ] ] ] } },
{ "type": "Feature", "properties": { "GEOID": "34013010800", "county_name": "Essex", "need_score": 19.1, "uninsured_pct": 8.86, "under_200_fpl_pct": 40.42, "total_pop": 3054 }, "geometry": { "type": "Polygon", "coordinates": [ [ [ -74.20082, 40.75774 ], [ -74.19813, 40.76331 ], [ -74.19365, 40.76118 ], [ -74.19706, 40.75666 ], [ -74.20082, 40.75774 ] ] ] } },
{ "type": "Feature", "properties": { "GEOID": "34013011200", "county_name": "Essex", "need_score": 19.0, "uninsured_pct": 7.96, "under_200_fpl_pct": 37.42, "total_pop": 2865 }, "geometry": { "type": "Polygon", "coordinates": [ [ [ -74.22125, 40.75917 ], [ -74.21682, 40.7642 ], [ -74.21081, 40.76106 ], [ -74.21523, 40.75503 ], [ -74.22125, 40.75917 ] ] ] } },
{ "type": "Feature", "properties": { "GEOID": "34013011400", "county_name": "Essex", "need_score": 13.5, "uninsured_pct": 1.72, "under_200_fpl_pct": 18.92, "total_pop": 4054 }, "geometry": { "type": "Polygon", "coordinates": [ [ [ -74.23815, 40.75224 ], [ -74.22648, 40.76265 ], [ -74.22385, 40.76096 ], [ -74.22617, 40.75909 ], [ -74.23026, 40.75136 ], [ -74.23317, 40.75153 ], [ -74.23467, 40.75056 ], [ -74.23815, 40.75224 ] ] ] } },
{ "type": "Feature", "properties": { "GEOID": "34013021601", "county_name": "Essex", "need_score": 14.1, "uninsured_pct": 4.84, "under_200_fpl_pct": 13.11, "total_pop": 7712 }, "geometry": { "type": "Polygon", "coordinates": [ [ [ -74.34007, 40.88215 ], [ -74.33826, 40.88767 ], [ -74.33986, 40.88891 ], [ -74.33911, 40.89186 ], [ -74.33616, 40.89358 ], [ -74.33911, 40.89411 ], [ -74.33808, 40.89601 ], [ -74.33398, 40.89667 ], [ -74.3349, 40.89787 ], [ -74.33763, 40.89879 ], [ -74.33516, 40.90252 ], [ -74.33429, 40.90546 ], [ -74.33111, 40.90651 ], [ -74.33106, 40.90821 ], [ -74.32953, 40.90865 ], [ -74.32795, 40.90535 ], [ -74.32484, 40.90624 ], [ -74.32547, 40.90758 ], [ -74.32734, 40.90702 ], [ -74.32784, 40.90773 ], [ -74.32595, 40.90865 ], [ -74.32277, 40.9089 ], [ -74.32314, 40.9072 ], [ -74.32248, 40.90673 ], [ -74.31982, 40.90813 ], [ -74.31865, 40.90759 ], [ -74.31866, 40.90324 ], [ -74.3145, 40.90379 ], [ -74.31241, 40.9054 ], [ -74.30935, 40.90454 ], [ -74.30712, 40.90564 ], [ -74.30528, 40.90548 ], [ -74.30407, 40.90686 ], [ -74.30238, 40.90639 ], [ -74.3035, 40.90539 ], [ -74.30305, 40.90433 ], [ -74.29762, 40.90572 ], [ -74.29242, 40.9058 ], [ -74.29181, 40.90514 ], [ -74.29223, 40.90303 ], [ -74.29143, 40.90212 ], [ -74.2923, 40.90062 ], [ -74.29007, 40.89939 ], [ -74.28868, 40.89948 ], [ -74.28637, 40.90104 ], [ -74.28287, 40.90127 ], [ -74.28185, 40.90081 ], [ -74.28226, 40.89967 ], [ -74.28548, 40.89941 ], [ -74.28728, 40.89847 ], [ -74.28583, 40.89754 ], [ -74.28387, 40.89798 ], [ -74.28463, 40.89578 ], [ -74.28429, 40.89482 ], [ -74.2832, 40.89511 ], [ -74.28036, 40.89789 ], [ -74.27563, 40.89698 ], [ -74.27148, 40.89713 ], [ -74.26664, 40.89453 ], [ -74.26565, 40.89272 ], [ -74.26464, 40.88736 ], [ -74.25899, 40.8834 ], [ -74.25483, 40.88307 ], [ -74.26626, 40.876 ], [ -74.26804, 40.87603 ], [ -74.27233, 40.87331 ], [ -74.27138, 40.87285 ], [ -74.27356, 40.87148 ], [ -74.2701, 40.85984 ], [ -74.2772, 40.86147 ], [ -74.28402, 40.86596 ], [ -74.29319, 40.8698 ], [ -74.32898, 40.84573 ], [ -74.33028, 40.84889 ], [ -74.328, 40.84994 ], [ -74.32702, 40.85266 ], [ -74.32517, 40.85448 ], [ -74.3261, 40.85627 ], [ -74.32431, 40.85818 ], [ -74.31913, 40.85844 ], [ -74.31899, 40.85965 ], [ -74.3209, 40.86176 ], [ -74.31979, 40.86281 ], [ -74.31757, 40.8635 ], [ -74.31737, 40.86494 ], [ -74.31915, 40.86611 ], [ -74.32209, 40.86404 ], [ -74.32563, 40.86503 ], [ -74.32624, 40.86608 ], [ -74.33105, 40.86696 ], [ -74.3333, 40.86913 ], [ -74.33459, 40.86788 ], [ -74.33746, 40.86778 ], [ -74.33653, 40.86884 ], [ -74.33819, 40.87004 ], [ -74.3361, 40.87036 ], [ -74.33755, 40.87141 ], [ -74.33758, 40.87231 ], [ -74.33476, 40.87274 ], [ -74.33482, 40.87369 ], [ -74.33642, 40.87393 ], [ -74.33784, 40.87501 ], [ -74.33734, 40.87616 ], [ -74.33527, 40.87671 ], [ -74.33516, 40.87737 ], [ -74.33802, 40.8784 ], [ -74.33846, 40.87965 ], [ -74.34014, 40.87957 ], [ -74.34007, 40.88215 ] ] ] } },
{ "type": "Feature", "properties": { "GEOID": "34013004300", "county_name": "Essex", "need_score": 18.0, "uninsured_pct": 9.69, "under_200_fpl_pct": 43.09, "total_pop": 2570 }, "geometry": { "type": "Polygon", "coordinates": [ [ [ -74.22347, 40.71535 ], [ -74.21805, 40.72131 ], [ -74.21734, 40.72366 ], [ -74.21291, 40.72305 ], [ -74.21563, 40.7187 ], [ -74.22066, 40.71346 ], [ -74.22419, 40.71525 ], [ -74.22347, 40.71535 ] ] ] } },
{ "type": "Feature", "properties": { "GEOID": "34013011900", "county_name": "Essex", "need_score": 23.3, "uninsured_pct": 26.71, "under_200_fpl_pct": 35.45, "total_pop": 1856 }, "geometry": { "type": "Polygon", "coordinates": [ [ [ -74.23374, 40.72866 ], [ -74.22956, 40.72709 ], [ -74.22738, 40.72983 ], [ -74.22517, 40.7304 ], [ -74.22256, 40.72914 ], [ -74.22188, 40.72793 ], [ -74.22476, 40.72728 ], [ -74.22751, 40.72411 ], [ -74.22998, 40.7252 ], [ -74.23355, 40.72514 ], [ -74.23374, 40.72866 ] ] ] } },
{ "type": "Feature", "properties": { "GEOID": "34013012800", "county_name": "Essex", "need_score": 15.9, "uninsured_pct": 4.09, "under_200_fpl_pct": 31.71, "total_pop": 4156 }, "geometry": { "type": "Polygon", "coordinates": [ [ [ -74.23802, 40.71578 ], [ -74.23329, 40.72195 ], [ -74.22419, 40.71525 ], [ -74.22685, 40.71226 ], [ -74.23068, 40.71416 ], [ -74.23498, 40.71437 ], [ -74.23802, 40.71578 ] ] ] } },
{ "type": "Feature", "properties": { "GEOID": "34013013200", "county_name": "Essex", "need_score": 23.2, "uninsured_pct": 8.95, "under_200_fpl_pct": 43.9, "total_pop": 3016 }, "geometry": { "type": "Polygon", "coordinates": [ [ [ -74.22138, 40.73244 ], [ -74.21885, 40.73615 ], [ -74.21339, 40.73389 ], [ -74.21505, 40.72949 ], [ -74.22067, 40.72821 ], [ -74.21853, 40.73128 ], [ -74.22138, 40.73244 ] ] ] } },
{ "type": "Feature", "properties": { "GEOID": "34013019700", "county_name": "Essex", "need_score": 5.7, "uninsured_pct": 4.28, "under_200_fpl_pct": 10.21, "total_pop": 6816 }, "geometry": { "type": "Polygon", "coordinates": [ [ [ -74.2724, 40.7203 ], [ -74.27027, 40.72062 ], [ -74.24962, 40.72349 ], [ -74.25281, 40.71526 ], [ -74.25567, 40.71346 ], [ -74.27191, 40.71809 ], [ -74.2724, 40.7203 ] ] ] } },
{ "type": "Feature", "properties": { "GEOID": "34013020400", "county_name": "Essex", "need_score": 7.8, "uninsured_pct": 0.0, "under_200_fpl_pct": 3.35, "total_pop": 4892 }, "geometry": { "type": "Polygon", "coordinates": [ [ [ -74.35645, 40.80348 ], [ -74.35072, 40.80743 ], [ -74.35086, 40.80906 ], [ -74.3498, 40.81161 ], [ -74.34853, 40.81284 ], [ -74.34725, 40.8125 ], [ -74.34371, 40.81365 ], [ -74.34058, 40.81249 ], [ -74.33842, 40.81303 ], [ -74.33744, 40.81511 ], [ -74.33437, 40.81817 ], [ -74.33213, 40.81674 ], [ -74.32711, 40.8155 ], [ -74.32597, 40.81231 ], [ -74.32223, 40.8124 ], [ -74.32208, 40.81083 ], [ -74.31729, 40.80992 ], [ -74.31683, 40.81153 ], [ -74.31375, 40.81104 ], [ -74.31331, 40.81315 ], [ -74.31039, 40.81225 ], [ -74.31453, 40.80488 ], [ -74.31586, 40.80036 ], [ -74.31539, 40.79588 ], [ -74.31967, 40.79516 ], [ -74.32487, 40.7952 ], [ -74.34106, 40.79583 ], [ -74.34884, 40.79683 ], [ -74.35515, 40.79846 ], [ -74.35897, 40.80065 ], [ -74.35645, 40.80348 ] ] ] } },
{ "type": "Feature", "properties": { "GEOID": "34013019400", "county_name": "Essex", "need_score": 4.2, "uninsured_pct": 1.04, "under_200_fpl_pct": 3.28, "total_pop": 2986 }, "geometry": { "type": "Polygon", "coordinates": [ [ [ -74.29266, 40.75272 ], [ -74.29214, 40.75629 ], [ -74.29021, 40.75748 ], [ -74.27682, 40.76041 ], [ -74.27988, 40.75509 ], [ -74.28189, 40.75052 ], [ -74.28183, 40.74931 ], [ -74.28311, 40.74787 ], [ -74.28134, 40.74604 ], [ -74.27862, 40.74633 ], [ -74.267, 40.73862 ], [ -74.27506, 40.73132 ], [ -74.27923, 40.73458 ], [ -74.2778, 40.73663 ], [ -74.28241, 40.73867 ], [ -74.28624, 40.73904 ], [ -74.28891, 40.73635 ], [ -74.29266, 40.75272 ] ] ] } },
{ "type": "Feature", "properties": { "GEOID": "34013020100", "county_name": "Essex", "need_score": 4.8, "uninsured_pct": 0.36, "under_200_fpl_pct": 3.45, "total_pop": 5245 }, "geometry": { "type": "Polygon", "coordinates": [ [ [ -74.34941, 40.7591 ], [ -74.3236, 40.75824 ], [ -74.32275, 40.75917 ], [ -74.31924, 40.75868 ], [ -74.31524, 40.75719 ], [ -74.31241, 40.75792 ], [ -74.29021, 40.75748 ], [ -74.29214, 40.75629 ], [ -74.2929, 40.75245 ], [ -74.28891, 40.73635 ], [ -74.30139, 40.7268 ], [ -74.3084, 40.72567 ], [ -74.31145, 40.72783 ], [ -74.31298, 40.73268 ], [ -74.31536, 40.736 ], [ -74.31771, 40.7357 ], [ -74.32663, 40.73957 ], [ -74.32794, 40.74163 ], [ -74.3315, 40.74328 ], [ -74.33651, 40.74836 ], [ -74.34033, 40.751 ], [ -74.34414, 40.75629 ], [ -74.34941, 40.7591 ] ] ] } },
{ "type": "Feature", "properties": { "GEOID": "34013020300", "county_name": "Essex", "need_score": 8.3, "uninsured_pct": 6.69, "under_200_fpl_pct": 11.14, "total_pop": 5145 }, "geometry": { "type": "Polygon", "coordinates": [ [ [ -74.33664, 40.72519 ], [ -74.33152, 40.72678 ], [ -74.32856, 40.72658 ], [ -74.32191, 40.72478 ], [ -74.31701, 40.72449 ], [ -74.31233, 40.72449 ], [ -74.30727, 40.72595 ], [ -74.30527, 40.72592 ], [ -74.30514, 40.72439 ], [ -74.30437, 40.72449 ], [ -74.30486, 40.72039 ], [ -74.30655, 40.72052 ], [ -74.30679, 40.71924 ], [ -74.30097, 40.71582 ], [ -74.29988, 40.71406 ], [ -74.30403, 40.71328 ], [ -74.30946, 40.71482 ], [ -74.31657, 40.71927 ], [ -74.32141, 40.71907 ], [ -74.3256, 40.71708 ], [ -74.33868, 40.7234 ], [ -74.33664, 40.72519 ] ] ] } },
{ "type": "Feature", "properties": { "GEOID": "34013007502", "county_name": "Essex", "need_score": 41.1, "uninsured_pct": 41.99, "under_200_fpl_pct": 54.36, "total_pop": 3258 }, "geometry": { "type": "Polygon", "coordinates": [ [ [ -74.14289, 40.73064 ], [ -74.13905, 40.73221 ], [ -74.13978, 40.73228 ], [ -74.13989, 40.7339 ], [ -74.12644, 40.73465 ], [ -74.11811, 40.73242 ], [ -74.12099, 40.7229 ], [ -74.13344, 40.72596 ], [ -74.13727, 40.72485 ], [ -74.13867, 40.72715 ], [ -74.13516, 40.72913 ], [ -74.13723, 40.73053 ], [ -74.13637, 40.72907 ], [ -74.13885, 40.72788 ], [ -74.14115, 40.72846 ], [ -74.14289, 40.73064 ] ] ] } },
{ "type": "Feature", "properties": { "GEOID": "34013008100", "county_name": "Essex", "need_score": 31.3, "uninsured_pct": 10.18, "under_200_fpl_pct": 58.01, "total_pop": 3815 }, "geometry": { "type": "Polygon", "coordinates": [ [ [ -74.18247, 40.7289 ], [ -74.17972, 40.73639 ], [ -74.17734, 40.74066 ], [ -74.17033, 40.73874 ], [ -74.17676, 40.72757 ], [ -74.1781, 40.72709 ], [ -74.17841, 40.72789 ], [ -74.18247, 40.7289 ] ] ] } },
{ "type": "Feature", "properties": { "GEOID": "34013000300", "county_name": "Essex", "need_score": 36.2, "uninsured_pct": 13.79, "under_200_fpl_pct": 61.42, "total_pop": 4316 }, "geometry": { "type": "Polygon", "coordinates": [ [ [ -74.18329, 40.7704 ], [ -74.17972, 40.77719 ], [ -74.17775, 40.77743 ], [ -74.17699, 40.77891 ], [ -74.17739, 40.77999 ], [ -74.1765, 40.78319 ], [ -74.17695, 40.78344 ], [ -74.17476, 40.78561 ], [ -74.17392, 40.78366 ], [ -74.1752, 40.7784 ], [ -74.17659, 40.7788 ], [ -74.18195, 40.76848 ], [ -74.18329, 40.7704 ] ] ] } },
{ "type": "Feature", "properties": { "GEOID": "34013014700", "county_name": "Essex", "need_score": 14.2, "uninsured_pct": 5.56, "under_200_fpl_pct": 15.69, "total_pop": 6473 }, "geometry": { "type": "Polygon", "coordinates": [ [ [ -74.18659, 40.77515 ], [ -74.17946, 40.79479 ], [ -74.17409, 40.79292 ], [ -74.17233, 40.79131 ], [ -74.16983, 40.78701 ], [ -74.17155, 40.78825 ], [ -74.17695, 40.78344 ], [ -74.1765, 40.78319 ], [ -74.17739, 40.77999 ], [ -74.17699, 40.77891 ], [ -74.17775, 40.77743 ], [ -74.17972, 40.77719 ], [ -74.18061, 40.77788 ], [ -74.18453, 40.7748 ], [ -74.18617, 40.77454 ], [ -74.18659, 40.77515 ] ] ] } },
{ "type": "Feature", "properties": { "GEOID": "34013013900", "county_name": "Essex", "need_score": 10.3, "uninsured_pct": 3.95, "under_200_fpl_pct": 14.22, "total_pop": 5113 }, "geometry": { "type": "Polygon", "coordinates": [ [ [ -74.18376, 40.81218 ], [ -74.17962, 40.81663 ], [ -74.17874, 40.81945 ], [ -74.17765, 40.81965 ], [ -74.17632, 40.82185 ], [ -74.16255, 40.81508 ], [ -74.16662, 40.80854 ], [ -74.1754, 40.80953 ], [ -74.18376, 40.81218 ] ] ] } },
{ "type": "Feature", "properties": { "GEOID": "34013014100", "county_name": "Essex", "need_score": 17.1, "uninsured_pct": 1.54, "under_200_fpl_pct": 26.58, "total_pop": 3766 }, "geometry": { "type": "Polygon", "coordinates": [ [ [ -74.17085, 40.79316 ], [ -74.16962, 40.80312 ], [ -74.16884, 40.80456 ], [ -74.16907, 40.80682 ], [ -74.16777, 40.80867 ], [ -74.15925, 40.80771 ], [ -74.16337, 40.80282 ], [ -74.16293, 40.80219 ], [ -74.1644, 40.80126 ], [ -74.16184, 40.79758 ], [ -74.16393, 40.79527 ], [ -74.16562, 40.79041 ], [ -74.17085, 40.79316 ] ] ] } },
{ "type": "Feature", "properties": { "GEOID": "34013014600", "county_name": "Essex", "need_score": 17.6, "uninsured_pct": 18.56, "under_200_fpl_pct": 25.54, "total_pop": 5101 }, "geometry": { "type": "Polygon", "coordinates": [ [ [ -74.16393, 40.79527 ], [ -74.16184, 40.79758 ], [ -74.15809, 40.79469 ], [ -74.15008, 40.79371 ], [ -74.1521, 40.78938 ], [ -74.1549, 40.78988 ], [ -74.15469, 40.79062 ], [ -74.1576, 40.79123 ], [ -74.15918, 40.78744 ], [ -74.16562, 40.79041 ], [ -74.16393, 40.79527 ] ] ] } },
{ "type": "Feature", "properties": { "GEOID": "34013014800", "county_name": "Essex", "need_score": 6.7, "uninsured_pct": 1.21, "under_200_fpl_pct": 4.66, "total_pop": 3478 }, "geometry": { "type": "Polygon", "coordinates": [ [ [ -74.19443, 40.8289 ], [ -74.18266, 40.84878 ], [ -74.1799, 40.84726 ], [ -74.17952, 40.83369 ], [ -74.1771, 40.82869 ], [ -74.19169, 40.82821 ], [ -74.19141, 40.82891 ], [ -74.19443, 40.8289 ] ] ] } },
{ "type": "Feature", "properties": { "GEOID": "34013014900", "county_name": "Essex", "need_score": 6.9, "uninsured_pct": 1.32, "under_200_fpl_pct": 5.68, "total_pop": 4913 }, "geometry": { "type": "Polygon", "coordinates": [ [ [ -74.17952, 40.83369 ], [ -74.1799, 40.84726 ], [ -74.16267, 40.83781 ], [ -74.17494, 40.82191 ], [ -74.17632, 40.82185 ], [ -74.17765, 40.81965 ], [ -74.17874, 40.81945 ], [ -74.17615, 40.82445 ], [ -74.17629, 40.82682 ], [ -74.17952, 40.83369 ] ] ] } },
{ "type": "Feature", "properties": { "GEOID": "34013016500", "county_name": "Essex", "need_score": 7.3, "uninsured_pct": 1.81, "under_200_fpl_pct": 10.96, "total_pop": 3999 }, "geometry": { "type": "Polygon", "coordinates": [ [ [ -74.21437, 40.82297 ], [ -74.20758, 40.83096 ], [ -74.19479, 40.82828 ], [ -74.20371, 40.81319 ], [ -74.20947, 40.81609 ], [ -74.20956, 40.81817 ], [ -74.20781, 40.82548 ], [ -74.21121, 40.82151 ], [ -74.21437, 40.82297 ] ] ] } },
{ "type": "Feature", "properties": { "GEOID": "34013016600", "county_name": "Essex", "need_score": 8.5, "uninsured_pct": 4.22, "under_200_fpl_pct": 15.33, "total_pop": 2747 }, "geometry": { "type": "Polygon", "coordinates": [ [ [ -74.22105, 40.82033 ], [ -74.21851, 40.82493 ], [ -74.21121, 40.82151 ], [ -74.20781, 40.82548 ], [ -74.20956, 40.81817 ], [ -74.20947, 40.81609 ], [ -74.21009, 40.81649 ], [ -74.21145, 40.8146 ], [ -74.22105, 40.82033 ] ] ] } },
{ "type": "Feature", "properties": { "GEOID": "34013008700", "county_name": "Essex", "need_score": 24.1, "uninsured_pct": 15.51, "under_200_fpl_pct": 42.04, "total_pop": 4094 }, "geometry": { "type": "Polygon", "coordinates": [ [ [ -74.17562, 40.75919 ], [ -74.17483, 40.76071 ], [ -74.1694, 40.75887 ], [ -74.16986, 40.75679 ], [ -74.16453, 40.7563 ], [ -74.16546, 40.751 ], [ -74.17006, 40.7497 ], [ -74.17063, 40.75336 ], [ -74.17562, 40.75919 ] ] ] } },
{ "type": "Feature", "properties": { "GEOID": "34013019300", "county_name": "Essex", "need_score": 7.2, "uninsured_pct": 1.39, "under_200_fpl_pct": 9.59, "total_pop": 3593 }, "geometry": { "type": "Polygon", "coordinates": [ [ [ -74.27308, 40.7422 ], [ -74.26731, 40.74536 ], [ -74.26594, 40.74484 ], [ -74.26132, 40.75081 ], [ -74.25687, 40.74917 ], [ -74.25602, 40.74786 ], [ -74.258, 40.74574 ], [ -74.25622, 40.74424 ], [ -74.2602, 40.73922 ], [ -74.26212, 40.73572 ], [ -74.27308, 40.7422 ] ] ] } },
{ "type": "Feature", "properties": { "GEOID": "34013021803", "county_name": "Essex", "need_score": 6.1, "uninsured_pct": 1.39, "under_200_fpl_pct": 7.1, "total_pop": 4323 }, "geometry": { "type": "Polygon", "coordinates": [ [ [ -74.29139, 40.84573 ], [ -74.28928, 40.84647 ], [ -74.29085, 40.84793 ], [ -74.28814, 40.84999 ], [ -74.28522, 40.84799 ], [ -74.28078, 40.85301 ], [ -74.27666, 40.85196 ], [ -74.27407, 40.85688 ], [ -74.276, 40.85912 ], [ -74.27868, 40.85937 ], [ -74.2772, 40.86147 ], [ -74.2701, 40.85984 ], [ -74.26846, 40.85271 ], [ -74.26517, 40.84951 ], [ -74.26, 40.84648 ], [ -74.26048, 40.8447 ], [ -74.26374, 40.84105 ], [ -74.26587, 40.84044 ], [ -74.2678, 40.84233 ], [ -74.27462, 40.8447 ], [ -74.27352, 40.8469 ], [ -74.27543, 40.8479 ], [ -74.27684, 40.84631 ], [ -74.28018, 40.84819 ], [ -74.28521, 40.84703 ], [ -74.2863, 40.84558 ], [ -74.28713, 40.84573 ], [ -74.29109, 40.84126 ], [ -74.29397, 40.843 ], [ -74.29139, 40.84573 ] ] ] } },
{ "type": "Feature", "properties": { "GEOID": "34013007400", "county_name": "Essex", "need_score": 35.7, "uninsured_pct": 34.73, "under_200_fpl_pct": 37.31, "total_pop": 6440 }, "geometry": { "type": "Polygon", "coordinates": [ [ [ -74.15539, 40.71813 ], [ -74.1492, 40.72143 ], [ -74.15127, 40.72346 ], [ -74.14462, 40.72725 ], [ -74.14688, 40.72962 ], [ -74.14289, 40.73064 ], [ -74.14115, 40.72846 ], [ -74.13885, 40.72788 ], [ -74.13637, 40.72907 ], [ -74.13723, 40.73053 ], [ -74.13516, 40.72913 ], [ -74.13867, 40.72715 ], [ -74.13727, 40.72485 ], [ -74.13344, 40.72596 ], [ -74.12099, 40.7229 ], [ -74.12139, 40.721 ], [ -74.12057, 40.71713 ], [ -74.12319, 40.71222 ], [ -74.12128, 40.70637 ], [ -74.13211, 40.71015 ], [ -74.1302, 40.71315 ], [ -74.13519, 40.71451 ], [ -74.13632, 40.71322 ], [ -74.13889, 40.71378 ], [ -74.14013, 40.7129 ], [ -74.15539, 40.71813 ] ] ] } },
{ "type": "Feature", "properties": { "GEOID": "34013004802", "county_name": "Essex", "need_score": 30.4, "uninsured_pct": 5.48, "under_200_fpl_pct": 66.17, "total_pop": 3702 }, "geometry": { "type": "Polygon", "coordinates": [ [ [ -74.21297, 40.70081 ], [ -74.20987, 40.7023 ], [ -74.20588, 40.70568 ], [ -74.20092, 40.70874 ], [ -74.19823, 40.70926 ], [ -74.19759, 40.70808 ], [ -74.19291, 40.71061 ], [ -74.18583, 40.71269 ], [ -74.20022, 40.68886 ], [ -74.19735, 40.68786 ], [ -74.19807, 40.68688 ], [ -74.2018, 40.68681 ], [ -74.20925, 40.69071 ], [ -74.21297, 40.70081 ] ] ] } },
{ "type": "Feature", "properties": { "GEOID": "34013005300", "county_name": "Essex", "need_score": 21.5, "uninsured_pct": 10.07, "under_200_fpl_pct": 51.85, "total_pop": 3348 }, "geometry": { "type": "Polygon", "coordinates": [ [ [ -74.21296, 40.7148 ], [ -74.21269, 40.71696 ], [ -74.21066, 40.72032 ], [ -74.21014, 40.72296 ], [ -74.20479, 40.72243 ], [ -74.20605, 40.71868 ], [ -74.20852, 40.71927 ], [ -74.20911, 40.71791 ], [ -74.20829, 40.71772 ], [ -74.21137, 40.71374 ], [ -74.21296, 40.7148 ] ] ] } },
{ "type": "Feature", "properties": { "GEOID": "34013006400", "county_name": "Essex", "need_score": 19.4, "uninsured_pct": 12.79, "under_200_fpl_pct": 33.31, "total_pop": 1376 }, "geometry": { "type": "Polygon", "coordinates": [ [ [ -74.18828, 40.73466 ], [ -74.18763, 40.73763 ], [ -74.1856, 40.74088 ], [ -74.18115, 40.73937 ], [ -74.17906, 40.7377 ], [ -74.17972, 40.73639 ], [ -74.18828, 40.73466 ] ] ] } },
{ "type": "Feature", "properties": { "GEOID": "34013007000", "county_name": "Essex", "need_score": 51.3, "uninsured_pct": 55.93, "under_200_fpl_pct": 69.59, "total_pop": 4742 }, "geometry": { "type": "Polygon", "coordinates": [ [ [ -74.16562, 40.7165 ], [ -74.16125, 40.72494 ], [ -74.16409, 40.72579 ], [ -74.16317, 40.72774 ], [ -74.15695, 40.72592 ], [ -74.16164, 40.71702 ], [ -74.16562, 40.7165 ] ] ] } },
{ "type": "Feature", "properties": { "GEOID": "34013007300", "county_name": "Essex", "need_score": 40.4, "uninsured_pct": 33.77, "under_200_fpl_pct": 46.79, "total_pop": 4995 }, "geometry": { "type": "Polygon", "coordinates": [ [ [ -74.15546, 40.72795 ], [ -74.15268, 40.7285 ], [ -74.15177, 40.73109 ], [ -74.14574, 40.72984 ], [ -74.14688, 40.72962 ], [ -74.14462, 40.72725 ], [ -74.15127, 40.72346 ], [ -74.15546, 40.72795 ] ] ] } },
{ "type": "Feature", "properties": { "GEOID": "34013007501", "county_name": "Essex", "need_score": 43.4, "uninsured_pct": 41.05, "under_200_fpl_pct": 63.55, "total_pop": 4763 }, "geometry": { "type": "Polygon", "coordinates": [ [ [ -74.15546, 40.73187 ], [ -74.15528, 40.73354 ], [ -74.14719, 40.7344 ], [ -74.14529, 40.7357 ], [ -74.14269, 40.7393 ], [ -74.1368, 40.74146 ], [ -74.12279, 40.7421 ], [ -74.1176, 40.73964 ], [ -74.11699, 40.73712 ], [ -74.11811, 40.73242 ], [ -74.12644, 40.73465 ], [ -74.13989, 40.7339 ], [ -74.13978, 40.73228 ], [ -74.13905, 40.73221 ], [ -74.14574, 40.72984 ], [ -74.15546, 40.73187 ] ] ] } },
{ "type": "Feature", "properties": { "GEOID": "34023007804", "county_name": "Middlesex", "need_score": 14.0, "uninsured_pct": 6.14, "under_200_fpl_pct": 19.14, "total_pop": 5821 }, "geometry": { "type": "Polygon", "coordinates": [ [ [ -74.36646, 40.41344 ], [ -74.36194, 40.41071 ], [ -74.34588, 40.40986 ], [ -74.34293, 40.40851 ], [ -74.34063, 40.40608 ], [ -74.33969, 40.40289 ], [ -74.33824, 40.40245 ], [ -74.33957, 40.40045 ], [ -74.33736, 40.39786 ], [ -74.33129, 40.39374 ], [ -74.33172, 40.3923 ], [ -74.32908, 40.39074 ], [ -74.32636, 40.39195 ], [ -74.32383, 40.39005 ], [ -74.3189, 40.38993 ], [ -74.31139, 40.38812 ], [ -74.30837, 40.38529 ], [ -74.30624, 40.37029 ], [ -74.31681, 40.37579 ], [ -74.33284, 40.38562 ], [ -74.3618, 40.40979 ], [ -74.36695, 40.41308 ], [ -74.36646, 40.41344 ] ] ] } },
{ "type": "Feature", "properties": { "GEOID": "34023007806", "county_name": "Middlesex", "need_score": 16.5, "uninsured_pct": 7.09, "under_200_fpl_pct": 25.96, "total_pop": 4560 }, "geometry": { "type": "Polygon", "coordinates": [ [ [ -74.34588, 40.40986 ], [ -74.33977, 40.40913 ], [ -74.33592, 40.40706 ], [ -74.32349, 40.40402 ], [ -74.3126, 40.40185 ], [ -74.30645, 40.40161 ], [ -74.30762, 40.39667 ], [ -74.3328, 40.39796 ], [ -74.3357, 40.3993 ], [ -74.33736, 40.39786 ], [ -74.33957, 40.40045 ], [ -74.33824, 40.40245 ], [ -74.33969, 40.40289 ], [ -74.34063, 40.40608 ], [ -74.34293, 40.40851 ], [ -74.34588, 40.40986 ] ] ] } },
{ "type": "Feature", "properties": { "GEOID": "34023004300", "county_name": "Middlesex", "need_score": 28.6, "uninsured_pct": 13.66, "under_200_fpl_pct": 56.55, "total_pop": 3689 }, "geometry": { "type": "Polygon", "coordinates": [ [ [ -74.27516, 40.52765 ], [ -74.27235, 40.53255 ], [ -74.26757, 40.53211 ], [ -74.2668, 40.52651 ], [ -74.26899, 40.52007 ], [ -74.26943, 40.52016 ], [ -74.26899, 40.52304 ], [ -74.27572, 40.52436 ], [ -74.27516, 40.52765 ] ] ] } },
{ "type": "Feature", "properties": { "GEOID": "34023004400", "county_name": "Middlesex", "need_score": 22.2, "uninsured_pct": 14.65, "under_200_fpl_pct": 35.85, "total_pop": 4915 }, "geometry": { "type": "Polygon", "coordinates": [ [ [ -74.27625, 40.52213 ], [ -74.27572, 40.52436 ], [ -74.26899, 40.52304 ], [ -74.26943, 40.52016 ], [ -74.26899, 40.52007 ], [ -74.271, 40.51512 ], [ -74.27557, 40.51645 ], [ -74.27625, 40.52213 ] ] ] } },
{ "type": "Feature", "properties": { "GEOID": "34023000401", "county_name": "Middlesex", "need_score": 10.2, "uninsured_pct": 2.83, "under_200_fpl_pct": 11.83, "total_pop": 3424 }, "geometry": { "type": "Polygon", "coordinates": [ [ [ -74.48129, 40.57808 ], [ -74.46967, 40.58557 ], [ -74.46891, 40.58072 ], [ -74.45974, 40.58155 ], [ -74.46022, 40.58441 ], [ -74.45681, 40.58496 ], [ -74.45402, 40.5778 ], [ -74.45902, 40.57708 ], [ -74.45875, 40.57614 ], [ -74.46463, 40.57556 ], [ -74.46419, 40.57279 ], [ -74.47492, 40.56854 ], [ -74.47876, 40.57247 ], [ -74.48129, 40.57808 ] ] ] } },
{ "type": "Feature", "properties": { "GEOID": "34023000404", "county_name": "Middlesex", "need_score": 12.6, "uninsured_pct": 3.77, "under_200_fpl_pct": 15.81, "total_pop": 6026 }, "geometry": { "type": "Polygon", "coordinates": [ [ [ -74.47492, 40.56854 ], [ -74.46419, 40.57279 ], [ -74.46463, 40.57556 ], [ -74.45875, 40.57614 ], [ -74.45902, 40.57708 ], [ -74.45402, 40.5778 ], [ -74.45135, 40.56803 ], [ -74.44793, 40.56147 ], [ -74.46406, 40.56119 ], [ -74.4632, 40.56231 ], [ -74.46482, 40.5633 ], [ -74.46743, 40.56267 ], [ -74.46927, 40.56309 ], [ -74.47492, 40.56854 ] ] ] } },
{ "type": "Feature", "properties": { "GEOID": "34023000702", "county_name": "Middlesex", "need_score": 7.9, "uninsured_pct": 2.13, "under_200_fpl_pct": 7.6, "total_pop": 5979 }, "geometry": { "type": "Polygon", "coordinates": [ [ [ -74.50932, 40.54027 ], [ -74.48414, 40.55367 ], [ -74.48056, 40.54994 ], [ -74.47586, 40.54805 ], [ -74.4683, 40.5308 ], [ -74.46727, 40.52961 ], [ -74.47099, 40.52867 ], [ -74.47082, 40.52686 ], [ -74.47206, 40.52341 ], [ -74.47791, 40.51476 ], [ -74.48257, 40.51693 ], [ -74.48815, 40.52188 ], [ -74.48924, 40.52139 ], [ -74.49519, 40.52907 ], [ -74.51175, 40.53981 ], [ -74.50932, 40.54027 ] ] ] } },
{ "type": "Feature", "properties": { "GEOID": "34023008604", "county_name": "Middlesex", "need_score": 7.4, "uninsured_pct": 0.84, "under_200_fpl_pct": 2.18, "total_pop": 5499 }, "geometry": { "type": "Polygon", "coordinates": [ [ [ -74.61369, 40.32423 ], [ -74.60202, 40.33339 ], [ -74.59499, 40.33409 ], [ -74.58398, 40.33097 ], [ -74.58265, 40.33176 ], [ -74.58156, 40.33062 ], [ -74.57273, 40.32799 ], [ -74.55871, 40.3265 ], [ -74.5525, 40.32402 ], [ -74.55792, 40.32181 ], [ -74.55936, 40.32194 ], [ -74.55948, 40.32333 ], [ -74.561, 40.32461 ], [ -74.56497, 40.32421 ], [ -74.56777, 40.29997 ], [ -74.56938, 40.29958 ], [ -74.57296, 40.30119 ], [ -74.5734, 40.3009 ], [ -74.57557, 40.30305 ], [ -74.57574, 40.30407 ], [ -74.57749, 40.3043 ], [ -74.57815, 40.30349 ], [ -74.57952, 40.30381 ], [ -74.58087, 40.30586 ], [ -74.58288, 40.30608 ], [ -74.58407, 40.30819 ], [ -74.58392, 40.30991 ], [ -74.58487, 40.31026 ], [ -74.58408, 40.3119 ], [ -74.58659, 40.31337 ], [ -74.58907, 40.31381 ], [ -74.59004, 40.31469 ], [ -74.59292, 40.31496 ], [ -74.59352, 40.31587 ], [ -74.59776, 40.31456 ], [ -74.59968, 40.3152 ], [ -74.60199, 40.31803 ], [ -74.60329, 40.31865 ], [ -74.60258, 40.31985 ], [ -74.60332, 40.3214 ], [ -74.60581, 40.3216 ], [ -74.60654, 40.32111 ], [ -74.61369, 40.32423 ] ] ] } },
{ "type": "Feature", "properties": { "GEOID": "34023001701", "county_name": "Middlesex", "need_score": 12.8, "uninsured_pct": 4.17, "under_200_fpl_pct": 10.84, "total_pop": 5666 }, "geometry": { "type": "Polygon", "coordinates": [ [ [ -74.39615, 40.51973 ], [ -74.37717, 40.53337 ], [ -74.37007, 40.52935 ], [ -74.35853, 40.52782 ], [ -74.35838, 40.52538 ], [ -74.36915, 40.51779 ], [ -74.37422, 40.51499 ], [ -74.37506, 40.5152 ], [ -74.38234, 40.51215 ], [ -74.38316, 40.51425 ], [ -74.39615, 40.51973 ] ] ] } },
{ "type": "Feature", "properties": { "GEOID": "34023001803", "county_name": "Middlesex", "need_score": 11.7, "uninsured_pct": 10.37, "under_200_fpl_pct": 13.56, "total_pop": 3790 }, "geometry": { "type": "Polygon", "coordinates": [ [ [ -74.41275, 40.49504 ], [ -74.4104, 40.4982 ], [ -74.39287, 40.50734 ], [ -74.39238, 40.50142 ], [ -74.39036, 40.49835 ], [ -74.38743, 40.49607 ], [ -74.39554, 40.48882 ], [ -74.39852, 40.49189 ], [ -74.40173, 40.49146 ], [ -74.40587, 40.49209 ], [ -74.40861, 40.49331 ], [ -74.41306, 40.49344 ], [ -74.41275, 40.49504 ] ] ] } },
{ "type": "Feature", "properties": { "GEOID": "34023001903", "county_name": "Middlesex", "need_score": 12.2, "uninsured_pct": 7.26, "under_200_fpl_pct": 16.76, "total_pop": 4078 }, "geometry": { "type": "Polygon", "coordinates": [ [ [ -74.35001, 40.53441 ], [ -74.34518, 40.54007 ], [ -74.34213, 40.54019 ], [ -74.3357, 40.53939 ], [ -74.3268, 40.53491 ], [ -74.33347, 40.53057 ], [ -74.35001, 40.53441 ] ] ] } },
{ "type": "Feature", "properties": { "GEOID": "34023007101", "county_name": "Middlesex", "need_score": 10.8, "uninsured_pct": 9.7, "under_200_fpl_pct": 11.97, "total_pop": 3597 }, "geometry": { "type": "Polygon", "coordinates": [ [ [ -74.38436, 40.46318 ], [ -74.38133, 40.46223 ], [ -74.37916, 40.46287 ], [ -74.37909, 40.4643 ], [ -74.38228, 40.46801 ], [ -74.38214, 40.46902 ], [ -74.37887, 40.46921 ], [ -74.37817, 40.47007 ], [ -74.37927, 40.47241 ], [ -74.37904, 40.47364 ], [ -74.376, 40.47431 ], [ -74.37564, 40.47509 ], [ -74.37681, 40.4778 ], [ -74.37158, 40.48135 ], [ -74.3695, 40.4815 ], [ -74.36726, 40.48074 ], [ -74.36628, 40.47942 ], [ -74.36785, 40.47449 ], [ -74.36782, 40.47258 ], [ -74.36657, 40.47118 ], [ -74.36507, 40.4708 ], [ -74.36151, 40.4715 ], [ -74.35881, 40.47272 ], [ -74.35599, 40.47581 ], [ -74.35476, 40.47108 ], [ -74.35893, 40.47013 ], [ -74.35997, 40.46936 ], [ -74.36124, 40.46772 ], [ -74.36145, 40.46274 ], [ -74.3602, 40.45676 ], [ -74.35324, 40.45816 ], [ -74.35226, 40.45765 ], [ -74.35176, 40.4529 ], [ -74.36365, 40.45088 ], [ -74.36974, 40.44853 ], [ -74.37142, 40.45194 ], [ -74.37098, 40.45419 ], [ -74.37156, 40.4562 ], [ -74.37583, 40.45528 ], [ -74.375, 40.45161 ], [ -74.37838, 40.45248 ], [ -74.37565, 40.4611 ], [ -74.37854, 40.46111 ], [ -74.38121, 40.45782 ], [ -74.38609, 40.45952 ], [ -74.38436, 40.46318 ] ] ] } },
{ "type": "Feature", "properties": { "GEOID": "34023000802", "county_name": "Middlesex", "need_score": 9.0, "uninsured_pct": 1.17, "under_200_fpl_pct": 12.14, "total_pop": 2726 }, "geometry": { "type": "Polygon", "coordinates": [ [ [ -74.43339, 40.59207 ], [ -74.42001, 40.59137 ], [ -74.41889, 40.58576 ], [ -74.41496, 40.58378 ], [ -74.41392, 40.58231 ], [ -74.41267, 40.5824 ], [ -74.41222, 40.57816 ], [ -74.43023, 40.58161 ], [ -74.43195, 40.5834 ], [ -74.43339, 40.59207 ] ] ] } },
{ "type": "Feature", "properties": { "GEOID": "34023001001", "county_name": "Middlesex", "need_score": 7.5, "uninsured_pct": 0.95, "under_200_fpl_pct": 6.35, "total_pop": 3258 }, "geometry": { "type": "Polygon", "coordinates": [ [ [ -74.41222, 40.57914 ], [ -74.39568, 40.58653 ], [ -74.39673, 40.58848 ], [ -74.39203, 40.58982 ], [ -74.38628, 40.57722 ], [ -74.38762, 40.57523 ], [ -74.39326, 40.57475 ], [ -74.41222, 40.57816 ], [ -74.41222, 40.57914 ] ] ] } },
{ "type": "Feature", "properties": { "GEOID": "34023008102", "county_name": "Middlesex", "need_score": 11.4, "uninsured_pct": 10.28, "under_200_fpl_pct": 10.98, "total_pop": 3970 }, "geometry": { "type": "Polygon", "coordinates": [ [ [ -74.40939, 40.40084 ], [ -74.39863, 40.40341 ], [ -74.3874, 40.40739 ], [ -74.38659, 40.39931 ], [ -74.38583, 40.39742 ], [ -74.39323, 40.39142 ], [ -74.3951, 40.39141 ], [ -74.40131, 40.3931 ], [ -74.40569, 40.39597 ], [ -74.40939, 40.40084 ] ] ] } },
{ "type": "Feature", "properties": { "GEOID": "34023003300", "county_name": "Middlesex", "need_score": 24.2, "uninsured_pct": 6.66, "under_200_fpl_pct": 30.82, "total_pop": 6409 }, "geometry": { "type": "Polygon", "coordinates": [ [ [ -74.30836, 40.541 ], [ -74.29157, 40.54351 ], [ -74.28501, 40.5455 ], [ -74.2788, 40.54834 ], [ -74.27683, 40.54392 ], [ -74.27761, 40.54007 ], [ -74.28205, 40.53868 ], [ -74.28515, 40.53848 ], [ -74.29003, 40.53531 ], [ -74.28974, 40.53385 ], [ -74.29087, 40.53023 ], [ -74.29009, 40.52867 ], [ -74.28977, 40.52399 ], [ -74.2917, 40.50783 ], [ -74.29667, 40.50931 ], [ -74.30097, 40.50898 ], [ -74.3011, 40.51853 ], [ -74.29799, 40.52831 ], [ -74.29808, 40.53002 ], [ -74.299, 40.53216 ], [ -74.30836, 40.541 ] ] ] } },
{ "type": "Feature", "properties": { "GEOID": "34023002301", "county_name": "Middlesex", "need_score": 9.4, "uninsured_pct": 6.73, "under_200_fpl_pct": 12.18, "total_pop": 4044 }, "geometry": { "type": "Polygon", "coordinates": [ [ [ -74.33847, 40.60574 ], [ -74.33168, 40.6063 ], [ -74.313, 40.60787 ], [ -74.31833, 40.59956 ], [ -74.33446, 40.59799 ], [ -74.33801, 40.59791 ], [ -74.33847, 40.60574 ] ] ] } },
{ "type": "Feature", "properties": { "GEOID": "34023002401", "county_name": "Middlesex", "need_score": 13.1, "uninsured_pct": 6.79, "under_200_fpl_pct": 17.72, "total_pop": 5789 }, "geometry": { "type": "Polygon", "coordinates": [ [ [ -74.32309, 40.59259 ], [ -74.31397, 40.60562 ], [ -74.313, 40.60787 ], [ -74.30292, 40.60868 ], [ -74.30461, 40.60656 ], [ -74.30313, 40.60571 ], [ -74.30533, 40.60059 ], [ -74.29995, 40.59812 ], [ -74.29252, 40.59303 ], [ -74.29566, 40.59315 ], [ -74.29783, 40.59131 ], [ -74.30498, 40.59127 ], [ -74.30739, 40.58947 ], [ -74.31426, 40.59063 ], [ -74.31439, 40.59292 ], [ -74.32309, 40.59259 ] ] ] } },
{ "type": "Feature", "properties": { "GEOID": "34023002500", "county_name": "Middlesex", "need_score": 12.7, "uninsured_pct": 7.74, "under_200_fpl_pct": 8.6, "total_pop": 7213 }, "geometry": { "type": "Polygon", "coordinates": [ [ [ -74.33718, 40.58578 ], [ -74.32999, 40.58588 ], [ -74.32555, 40.58486 ], [ -74.32579, 40.58181 ], [ -74.32515, 40.58007 ], [ -74.31468, 40.58032 ], [ -74.31179, 40.57933 ], [ -74.32077, 40.57317 ], [ -74.32735, 40.56994 ], [ -74.33209, 40.56628 ], [ -74.33339, 40.56684 ], [ -74.33544, 40.56979 ], [ -74.33718, 40.58578 ] ] ] } },
{ "type": "Feature", "properties": { "GEOID": "34023002805", "county_name": "Middlesex", "need_score": 9.9, "uninsured_pct": 6.46, "under_200_fpl_pct": 11.13, "total_pop": 2632 }, "geometry": { "type": "Polygon", "coordinates": [ [ [ -74.28882, 40.5675 ], [ -74.28377, 40.5714 ], [ -74.28075, 40.5723 ], [ -74.27649, 40.57253 ], [ -74.27115, 40.57173 ], [ -74.27387, 40.5618 ], [ -74.27807, 40.56226 ], [ -74.28548, 40.56176 ], [ -74.28882, 40.5675 ] ] ] } },
{ "type": "Feature", "properties": { "GEOID": "34023007103", "county_name": "Middlesex", "need_score": 17.2, "uninsured_pct": 13.56, "under_200_fpl_pct": 29.83, "total_pop": 5742 }, "geometry": { "type": "Polygon", "coordinates": [ [ [ -74.36974, 40.44853 ], [ -74.36365, 40.45088 ], [ -74.35077, 40.45312 ], [ -74.33725, 40.4577 ], [ -74.33688, 40.45654 ], [ -74.32258, 40.45351 ], [ -74.31363, 40.45062 ], [ -74.3248, 40.43918 ], [ -74.3284, 40.43661 ], [ -74.36154, 40.4166 ], [ -74.3632, 40.41844 ], [ -74.36227, 40.42111 ], [ -74.35847, 40.42164 ], [ -74.35595, 40.42346 ], [ -74.35747, 40.42834 ], [ -74.35365, 40.43178 ], [ -74.35786, 40.43457 ], [ -74.35666, 40.43739 ], [ -74.35721, 40.43864 ], [ -74.35965, 40.43912 ], [ -74.36043, 40.4399 ], [ -74.35949, 40.44231 ], [ -74.35999, 40.44341 ], [ -74.36209, 40.44441 ], [ -74.36349, 40.44641 ], [ -74.36829, 40.44751 ], [ -74.36974, 40.44853 ] ] ] } },
{ "type": "Feature", "properties": { "GEOID": "34023007202", "county_name": "Middlesex", "need_score": 9.7, "uninsured_pct": 12.29, "under_200_fpl_pct": 10.98, "total_pop": 4125 }, "geometry": { "type": "Polygon", "coordinates": [ [ [ -74.35476, 40.47108 ], [ -74.34415, 40.47137 ], [ -74.33235, 40.47305 ], [ -74.32586, 40.47292 ], [ -74.31159, 40.47825 ], [ -74.31736, 40.47172 ], [ -74.32255, 40.46829 ], [ -74.33114, 40.46525 ], [ -74.33262, 40.46134 ], [ -74.34624, 40.45961 ], [ -74.34832, 40.46851 ], [ -74.3493, 40.46971 ], [ -74.35099, 40.46935 ], [ -74.35476, 40.47108 ] ] ] } },
{ "type": "Feature", "properties": { "GEOID": "34023008405", "county_name": "Middlesex", "need_score": 8.0, "uninsured_pct": 4.29, "under_200_fpl_pct": 9.09, "total_pop": 5358 }, "geometry": { "type": "Polygon", "coordinates": [ [ [ -74.56047, 40.42797 ], [ -74.53973, 40.43671 ], [ -74.53085, 40.42634 ], [ -74.52616, 40.4234 ], [ -74.54703, 40.40634 ], [ -74.54762, 40.40881 ], [ -74.55239, 40.41155 ], [ -74.5535, 40.4165 ], [ -74.56047, 40.42797 ] ] ] } },
{ "type": "Feature", "properties": { "GEOID": "34023008404", "county_name": "Middlesex", "need_score": 15.8, "uninsured_pct": 4.8, "under_200_fpl_pct": 15.67, "total_pop": 4165 }, "geometry": { "type": "Polygon", "coordinates": [ [ [ -74.57163, 40.42391 ], [ -74.56047, 40.42797 ], [ -74.5535, 40.4165 ], [ -74.55239, 40.41155 ], [ -74.54762, 40.40881 ], [ -74.54703, 40.40634 ], [ -74.55732, 40.39777 ], [ -74.57024, 40.40881 ], [ -74.56932, 40.41577 ], [ -74.57053, 40.42175 ], [ -74.57163, 40.42391 ] ] ] } },
{ "type": "Feature", "properties": { "GEOID": "34023001100", "county_name": "Middlesex", "need_score": 9.5, "uninsured_pct": 3.54, "under_200_fpl_pct": 15.72, "total_pop": 5401 }, "geometry": { "type": "Polygon", "coordinates": [ [ [ -74.44627, 40.50568 ], [ -74.44014, 40.51511 ], [ -74.42536, 40.50537 ], [ -74.42427, 40.50048 ], [ -74.42993, 40.49849 ], [ -74.43686, 40.49762 ], [ -74.44139, 40.50272 ], [ -74.44627, 40.50568 ] ] ] } },
{ "type": "Feature", "properties": { "GEOID": "34023002000", "county_name": "Middlesex", "need_score": 8.3, "uninsured_pct": 1.97, "under_200_fpl_pct": 7.91, "total_pop": 4629 }, "geometry": { "type": "Polygon", "coordinates": [ [ [ -74.38258, 40.5522 ], [ -74.36715, 40.55354 ], [ -74.36685, 40.55006 ], [ -74.36047, 40.54001 ], [ -74.36012, 40.53675 ], [ -74.36405, 40.53765 ], [ -74.37281, 40.53636 ], [ -74.37717, 40.53337 ], [ -74.38258, 40.5522 ] ] ] } },
{ "type": "Feature", "properties": { "GEOID": "34023008206", "county_name": "Middlesex", "need_score": 27.2, "uninsured_pct": 0.36, "under_200_fpl_pct": 21.53, "total_pop": 3697 }, "geometry": { "type": "Polygon", "coordinates": [ [ [ -74.4791, 40.34536 ], [ -74.45936, 40.34151 ], [ -74.45632, 40.34161 ], [ -74.45047, 40.34436 ], [ -74.44996, 40.33557 ], [ -74.45065, 40.33188 ], [ -74.45255, 40.32833 ], [ -74.45236, 40.32491 ], [ -74.45541, 40.32495 ], [ -74.45529, 40.32141 ], [ -74.47806, 40.32563 ], [ -74.47616, 40.33669 ], [ -74.48456, 40.33864 ], [ -74.4791, 40.34536 ] ] ] } },
{ "type": "Feature", "properties": { "GEOID": "34023008209", "county_name": "Middlesex", "need_score": 7.4, "uninsured_pct": 1.15, "under_200_fpl_pct": 5.01, "total_pop": 3656 }, "geometry": { "type": "Polygon", "coordinates": [ [ [ -74.3889, 40.37071 ], [ -74.38849, 40.3825 ], [ -74.38147, 40.38319 ], [ -74.38198, 40.38268 ], [ -74.37949, 40.38138 ], [ -74.37894, 40.37932 ], [ -74.37731, 40.37897 ], [ -74.37868, 40.37831 ], [ -74.37549, 40.37745 ], [ -74.37615, 40.37356 ], [ -74.375, 40.37247 ], [ -74.37455, 40.37337 ], [ -74.37136, 40.37335 ], [ -74.37045, 40.37123 ], [ -74.37077, 40.36837 ], [ -74.3671, 40.3665 ], [ -74.36813, 40.36359 ], [ -74.36795, 40.36146 ], [ -74.36653, 40.36126 ], [ -74.36768, 40.35984 ], [ -74.37766, 40.36266 ], [ -74.38697, 40.36034 ], [ -74.3889, 40.37071 ] ] ] } },
{ "type": "Feature", "properties": { "GEOID": "34023005100", "county_name": "Middlesex", "need_score": 22.6, "uninsured_pct": 6.79, "under_200_fpl_pct": 50.14, "total_pop": 6909 }, "geometry": { "type": "Polygon", "coordinates": [ [ [ -74.4674, 40.50795 ], [ -74.4662, 40.50926 ], [ -74.45426, 40.50854 ], [ -74.44868, 40.5071 ], [ -74.44018, 40.50159 ], [ -74.44654, 40.49656 ], [ -74.45651, 40.50079 ], [ -74.45798, 40.49854 ], [ -74.46079, 40.49863 ], [ -74.46699, 40.50293 ], [ -74.4674, 40.50795 ] ] ] } },
{ "type": "Feature", "properties": { "GEOID": "34023005500", "county_name": "Middlesex", "need_score": 34.6, "uninsured_pct": 22.46, "under_200_fpl_pct": 57.68, "total_pop": 3816 }, "geometry": { "type": "Polygon", "coordinates": [ [ [ -74.48494, 40.47959 ], [ -74.4785, 40.48392 ], [ -74.46821, 40.48685 ], [ -74.45986, 40.49105 ], [ -74.45954, 40.48989 ], [ -74.45622, 40.48783 ], [ -74.47734, 40.46724 ], [ -74.48949, 40.47445 ], [ -74.48494, 40.47959 ] ] ] } },
{ "type": "Feature", "properties": { "GEOID": "34023003401", "county_name": "Middlesex", "need_score": 9.2, "uninsured_pct": 4.19, "under_200_fpl_pct": 10.65, "total_pop": 4113 }, "geometry": { "type": "Polygon", "coordinates": [ [ [ -74.2788, 40.54834 ], [ -74.26758, 40.55531 ], [ -74.26433, 40.55796 ], [ -74.25398, 40.56883 ], [ -74.24828, 40.56761 ], [ -74.23445, 40.56178 ], [ -74.23516, 40.56081 ], [ -74.23471, 40.56042 ], [ -74.23871, 40.5578 ], [ -74.24941, 40.55436 ], [ -74.25226, 40.55274 ], [ -74.25464, 40.54859 ], [ -74.2529, 40.54007 ], [ -74.25769, 40.53997 ], [ -74.25859, 40.53723 ], [ -74.2622, 40.53912 ], [ -74.26459, 40.54288 ], [ -74.26679, 40.54351 ], [ -74.2679, 40.54254 ], [ -74.27156, 40.54242 ], [ -74.27761, 40.54007 ], [ -74.27683, 40.54392 ], [ -74.2788, 40.54834 ] ] ] } },
{ "type": "Feature", "properties": { "GEOID": "34023006206", "county_name": "Middlesex", "need_score": 7.0, "uninsured_pct": 2.83, "under_200_fpl_pct": 6.73, "total_pop": 2260 }, "geometry": { "type": "Polygon", "coordinates": [ [ [ -74.47185, 40.44337 ], [ -74.46721, 40.44567 ], [ -74.45915, 40.45246 ], [ -74.45525, 40.45951 ], [ -74.45543, 40.46278 ], [ -74.43564, 40.46846 ], [ -74.42377, 40.47794 ], [ -74.41482, 40.47862 ], [ -74.41569, 40.47631 ], [ -74.41968, 40.47321 ], [ -74.4181, 40.4688 ], [ -74.41949, 40.46751 ], [ -74.42545, 40.46672 ], [ -74.42654, 40.46708 ], [ -74.42653, 40.46653 ], [ -74.4313, 40.4639 ], [ -74.43239, 40.46231 ], [ -74.43258, 40.46001 ], [ -74.43606, 40.45871 ], [ -74.44508, 40.46323 ], [ -74.44973, 40.45886 ], [ -74.44889, 40.45748 ], [ -74.44879, 40.45393 ], [ -74.44736, 40.45093 ], [ -74.44766, 40.44896 ], [ -74.45051, 40.44996 ], [ -74.4533, 40.44962 ], [ -74.45291, 40.44433 ], [ -74.45804, 40.44224 ], [ -74.46057, 40.43988 ], [ -74.4672, 40.43993 ], [ -74.47185, 40.44337 ] ] ] } },
{ "type": "Feature", "properties": { "GEOID": "34023007702", "county_name": "Middlesex", "need_score": 13.2, "uninsured_pct": 3.16, "under_200_fpl_pct": 19.1, "total_pop": 6612 }, "geometry": { "type": "Polygon", "coordinates": [ [ [ -74.38224, 40.38654 ], [ -74.38026, 40.38712 ], [ -74.38179, 40.38949 ], [ -74.38101, 40.38948 ], [ -74.37229, 40.38697 ], [ -74.36058, 40.3826 ], [ -74.35738, 40.37976 ], [ -74.35812, 40.38507 ], [ -74.35442, 40.38518 ], [ -74.35437, 40.38609 ], [ -74.34329, 40.39435 ], [ -74.33045, 40.38406 ], [ -74.31681, 40.37579 ], [ -74.30624, 40.37029 ], [ -74.30518, 40.36189 ], [ -74.35252, 40.32498 ], [ -74.35283, 40.32617 ], [ -74.35781, 40.32624 ], [ -74.35703, 40.32806 ], [ -74.36102, 40.33039 ], [ -74.36109, 40.33119 ], [ -74.36397, 40.33152 ], [ -74.36422, 40.33054 ], [ -74.3681, 40.33169 ], [ -74.37069, 40.33118 ], [ -74.36992, 40.33261 ], [ -74.37127, 40.33295 ], [ -74.37232, 40.33528 ], [ -74.37194, 40.33624 ], [ -74.37342, 40.33863 ], [ -74.37262, 40.33918 ], [ -74.37308, 40.34094 ], [ -74.37174, 40.34189 ], [ -74.37197, 40.34319 ], [ -74.37387, 40.34437 ], [ -74.3728, 40.34609 ], [ -74.37342, 40.34681 ], [ -74.37212, 40.34881 ], [ -74.37085, 40.34935 ], [ -74.37209, 40.34989 ], [ -74.37168, 40.35076 ], [ -74.36865, 40.35165 ], [ -74.3697, 40.3531 ], [ -74.36793, 40.35494 ], [ -74.36653, 40.35431 ], [ -74.36622, 40.35537 ], [ -74.36771, 40.35678 ], [ -74.36768, 40.35984 ], [ -74.36653, 40.36126 ], [ -74.36795, 40.36146 ], [ -74.36813, 40.36359 ], [ -74.3671, 40.3665 ], [ -74.37077, 40.36837 ], [ -74.37045, 40.37123 ], [ -74.37136, 40.37335 ], [ -74.37455, 40.37337 ], [ -74.375, 40.37247 ], [ -74.37615, 40.37356 ], [ -74.37549, 40.37745 ], [ -74.37868, 40.37831 ], [ -74.37731, 40.37897 ], [ -74.37894, 40.37932 ], [ -74.37949, 40.38138 ], [ -74.38198, 40.38268 ], [ -74.38147, 40.38319 ], [ -74.38275, 40.38319 ], [ -74.38224, 40.38654 ] ] ] } },
{ "type": "Feature", "properties": { "GEOID": "34019011301", "county_name": "Hunterdon", "need_score": 7.3, "uninsured_pct": 0.99, "under_200_fpl_pct": 6.24, "total_pop": 7658 }, "geometry": { "type": "Polygon", "coordinates": [ [ [ -74.93645, 40.51939 ], [ -74.87818, 40.57943 ], [ -74.87341, 40.58012 ], [ -74.87181, 40.58006 ], [ -74.86901, 40.57823 ], [ -74.86686, 40.56844 ], [ -74.86498, 40.56767 ], [ -74.85797, 40.56727 ], [ -74.8559, 40.56612 ], [ -74.85635, 40.56288 ], [ -74.85811, 40.56189 ], [ -74.85661, 40.55828 ], [ -74.85664, 40.55638 ], [ -74.85535, 40.55487 ], [ -74.85344, 40.55412 ], [ -74.85291, 40.55262 ], [ -74.85337, 40.55136 ], [ -74.85249, 40.55065 ], [ -74.85251, 40.54923 ], [ -74.8458, 40.54118 ], [ -74.84266, 40.53837 ], [ -74.83417, 40.53793 ], [ -74.83416, 40.53547 ], [ -74.83555, 40.53072 ], [ -74.83767, 40.52867 ], [ -74.83567, 40.52543 ], [ -74.83323, 40.5248 ], [ -74.83283, 40.52357 ], [ -74.83143, 40.52256 ], [ -74.82819, 40.52218 ], [ -74.82593, 40.52112 ], [ -74.81983, 40.5206 ], [ -74.81735, 40.51925 ], [ -74.81344, 40.51911 ], [ -74.8511, 40.50361 ], [ -74.85389, 40.51865 ], [ -74.85627, 40.51817 ], [ -74.8581, 40.51698 ], [ -74.86079, 40.51849 ], [ -74.86345, 40.51887 ], [ -74.86745, 40.51798 ], [ -74.86851, 40.51476 ], [ -74.8681, 40.51168 ], [ -74.86922, 40.50678 ], [ -74.86754, 40.50306 ], [ -74.87086, 40.50479 ], [ -74.8792, 40.50682 ], [ -74.88264, 40.50638 ], [ -74.88814, 40.50453 ], [ -74.89359, 40.50417 ], [ -74.93079, 40.50891 ], [ -74.93078, 40.51219 ], [ -74.93645, 40.51939 ] ] ] } },
{ "type": "Feature", "properties": { "GEOID": "34019010701", "county_name": "Hunterdon", "need_score": 9.0, "uninsured_pct": 1.06, "under_200_fpl_pct": 12.29, "total_pop": 6402 }, "geometry": { "type": "Polygon", "coordinates": [ [ [ -75.04588, 40.63111 ], [ -74.92353, 40.68009 ], [ -74.92085, 40.67976 ], [ -74.91799, 40.67834 ], [ -74.91618, 40.67624 ], [ -74.91756, 40.67453 ], [ -74.91736, 40.6709 ], [ -74.91967, 40.66877 ], [ -74.92137, 40.66899 ], [ -74.92295, 40.66706 ], [ -74.92316, 40.66478 ], [ -74.92088, 40.66005 ], [ -74.92157, 40.65845 ], [ -74.92123, 40.65671 ], [ -74.92209, 40.65523 ], [ -74.92205, 40.65218 ], [ -74.91683, 40.65276 ], [ -74.91636, 40.64869 ], [ -74.91752, 40.64554 ], [ -74.917, 40.64529 ], [ -74.92048, 40.64605 ], [ -74.92215, 40.63742 ], [ -74.92956, 40.63679 ], [ -74.92872, 40.63236 ], [ -74.92086, 40.63149 ], [ -74.91957, 40.63237 ], [ -74.91904, 40.63173 ], [ -74.92084, 40.62991 ], [ -74.92437, 40.62807 ], [ -74.93264, 40.61865 ], [ -74.93613, 40.61636 ], [ -74.94688, 40.5971 ], [ -74.94646, 40.59394 ], [ -74.9474, 40.59153 ], [ -74.95129, 40.5881 ], [ -74.95467, 40.5866 ], [ -74.95776, 40.58341 ], [ -74.96291, 40.58894 ], [ -74.97039, 40.59389 ], [ -74.97532, 40.59926 ], [ -74.9793, 40.60133 ], [ -74.98611, 40.60961 ], [ -74.9878, 40.61054 ], [ -75.00344, 40.61655 ], [ -75.00917, 40.61639 ], [ -75.01226, 40.61709 ], [ -75.01818, 40.62233 ], [ -75.01994, 40.6227 ], [ -75.02624, 40.62144 ], [ -75.03685, 40.62321 ], [ -75.04588, 40.63111 ] ] ] } },
{ "type": "Feature", "properties": { "GEOID": "34019011202", "county_name": "Hunterdon", "need_score": 10.3, "uninsured_pct": 8.16, "under_200_fpl_pct": 15.47, "total_pop": 3517 }, "geometry": { "type": "Polygon", "coordinates": [ [ [ -74.83767, 40.52867 ], [ -74.83555, 40.53072 ], [ -74.83416, 40.53547 ], [ -74.83417, 40.53793 ], [ -74.8354, 40.53805 ], [ -74.82272, 40.54762 ], [ -74.82194, 40.55808 ], [ -74.81392, 40.56981 ], [ -74.80902, 40.56691 ], [ -74.80238, 40.56531 ], [ -74.7997, 40.56367 ], [ -74.79301, 40.56169 ], [ -74.78978, 40.55947 ], [ -74.783, 40.55308 ], [ -74.76184, 40.54478 ], [ -74.75816, 40.54087 ], [ -74.7488, 40.54452 ], [ -74.7766, 40.50328 ], [ -74.78139, 40.505 ], [ -74.78487, 40.50814 ], [ -74.7849, 40.50984 ], [ -74.78753, 40.51222 ], [ -74.79582, 40.51527 ], [ -74.80067, 40.51599 ], [ -74.80172, 40.51724 ], [ -74.80367, 40.51693 ], [ -74.80676, 40.51813 ], [ -74.81735, 40.51925 ], [ -74.81983, 40.5206 ], [ -74.82593, 40.52112 ], [ -74.82819, 40.52218 ], [ -74.83143, 40.52256 ], [ -74.83283, 40.52357 ], [ -74.83323, 40.5248 ], [ -74.83567, 40.52543 ], [ -74.83767, 40.52867 ] ] ] } },
{ "type": "Feature", "properties": { "GEOID": "34035051200", "county_name": "Somerset", "need_score": 19.9, "uninsured_pct": 17.93, "under_200_fpl_pct": 33.22, "total_pop": 5054 }, "geometry": { "type": "Polygon", "coordinates": [ [ [ -74.55755, 40.57252 ], [ -74.55504, 40.57466 ], [ -74.554, 40.57308 ], [ -74.54481, 40.57195 ], [ -74.54556, 40.56994 ], [ -74.54085, 40.56389 ], [ -74.53993, 40.56049 ], [ -74.5276, 40.56076 ], [ -74.52783, 40.55962 ], [ -74.53556, 40.55872 ], [ -74.54279, 40.5552 ], [ -74.54429, 40.55578 ], [ -74.54499, 40.55743 ], [ -74.5546, 40.5676 ], [ -74.55348, 40.568 ], [ -74.55632, 40.57013 ], [ -74.55755, 40.57252 ] ] ] } },
{ "type": "Feature", "properties": { "GEOID": "34035053801", "county_name": "Somerset", "need_score": 9.2, "uninsured_pct": 15.18, "under_200_fpl_pct": 5.62, "total_pop": 606 }, "geometry": { "type": "Polygon", "coordinates": [ [ [ -74.60151, 40.50297 ], [ -74.59654, 40.50332 ], [ -74.59682, 40.50603 ], [ -74.58808, 40.50691 ], [ -74.58803, 40.50757 ], [ -74.58141, 40.50791 ], [ -74.58003, 40.50713 ], [ -74.57715, 40.50937 ], [ -74.57884, 40.50731 ], [ -74.58681, 40.5042 ], [ -74.58711, 40.50232 ], [ -74.58423, 40.49755 ], [ -74.58365, 40.4949 ], [ -74.59966, 40.49299 ], [ -74.60151, 40.50297 ] ] ] } },
{ "type": "Feature", "properties": { "GEOID": "34035051900", "county_name": "Somerset", "need_score": 9.1, "uninsured_pct": 5.92, "under_200_fpl_pct": 13.66, "total_pop": 4225 }, "geometry": { "type": "Polygon", "coordinates": [ [ [ -74.46391, 40.6101 ], [ -74.45486, 40.6155 ], [ -74.44573, 40.62262 ], [ -74.44079, 40.61987 ], [ -74.44656, 40.61726 ], [ -74.44853, 40.61557 ], [ -74.44529, 40.61358 ], [ -74.44304, 40.61356 ], [ -74.43751, 40.61028 ], [ -74.43821, 40.60971 ], [ -74.44546, 40.60907 ], [ -74.44815, 40.60771 ], [ -74.45068, 40.60401 ], [ -74.454, 40.60402 ], [ -74.45564, 40.60202 ], [ -74.45738, 40.6023 ], [ -74.46391, 40.6101 ] ] ] } },
{ "type": "Feature", "properties": { "GEOID": "34035050100", "county_name": "Somerset", "need_score": 18.6, "uninsured_pct": 5.27, "under_200_fpl_pct": 23.71, "total_pop": 2894 }, "geometry": { "type": "Polygon", "coordinates": [ [ [ -74.62546, 40.56964 ], [ -74.625, 40.58045 ], [ -74.62235, 40.58071 ], [ -74.62035, 40.58009 ], [ -74.62015, 40.57883 ], [ -74.61455, 40.57385 ], [ -74.61291, 40.5731 ], [ -74.60819, 40.57293 ], [ -74.60949, 40.56922 ], [ -74.60728, 40.56852 ], [ -74.60577, 40.57024 ], [ -74.60043, 40.56914 ], [ -74.60165, 40.56592 ], [ -74.60782, 40.56665 ], [ -74.61809, 40.57009 ], [ -74.62546, 40.56964 ] ] ] } },
{ "type": "Feature", "properties": { "GEOID": "34035053501", "county_name": "Somerset", "need_score": 12.6, "uninsured_pct": 3.75, "under_200_fpl_pct": 7.65, "total_pop": 5642 }, "geometry": { "type": "Polygon", "coordinates": [ [ [ -74.58998, 40.52583 ], [ -74.5879, 40.53028 ], [ -74.58047, 40.53676 ], [ -74.57805, 40.54112 ], [ -74.57613, 40.54169 ], [ -74.57135, 40.54162 ], [ -74.56124, 40.54477 ], [ -74.55494, 40.54942 ], [ -74.54743, 40.55177 ], [ -74.54344, 40.55478 ], [ -74.51957, 40.5463 ], [ -74.51762, 40.54334 ], [ -74.53427, 40.52706 ], [ -74.53979, 40.53035 ], [ -74.54076, 40.5283 ], [ -74.54374, 40.52532 ], [ -74.54628, 40.52086 ], [ -74.54716, 40.51464 ], [ -74.55492, 40.49976 ], [ -74.57511, 40.50354 ], [ -74.58715, 40.50285 ], [ -74.58681, 40.5042 ], [ -74.57824, 40.50782 ], [ -74.57715, 40.50937 ], [ -74.57629, 40.51252 ], [ -74.57677, 40.51482 ], [ -74.5782, 40.51645 ], [ -74.58001, 40.51744 ], [ -74.58641, 40.51902 ], [ -74.58801, 40.52004 ], [ -74.58936, 40.52241 ], [ -74.58998, 40.52583 ] ] ] } },
{ "type": "Feature", "properties": { "GEOID": "34035050300", "county_name": "Somerset", "need_score": 6.0, "uninsured_pct": 1.88, "under_200_fpl_pct": 7.34, "total_pop": 3410 }, "geometry": { "type": "Polygon", "coordinates": [ [ [ -74.60734, 40.57224 ], [ -74.60431, 40.58024 ], [ -74.5987, 40.57975 ], [ -74.59935, 40.57794 ], [ -74.59678, 40.57672 ], [ -74.59732, 40.57529 ], [ -74.59371, 40.57486 ], [ -74.59493, 40.57111 ], [ -74.58626, 40.57053 ], [ -74.5885, 40.56438 ], [ -74.60165, 40.56592 ], [ -74.60043, 40.56914 ], [ -74.60577, 40.57024 ], [ -74.60734, 40.57224 ] ] ] } },
{ "type": "Feature", "properties": { "GEOID": "34035050400", "county_name": "Somerset", "need_score": 15.7, "uninsured_pct": 15.58, "under_200_fpl_pct": 24.67, "total_pop": 3607 }, "geometry": { "type": "Polygon", "coordinates": [ [ [ -74.62587, 40.56546 ], [ -74.62329, 40.56547 ], [ -74.62546, 40.56964 ], [ -74.61809, 40.57009 ], [ -74.60782, 40.56665 ], [ -74.5885, 40.56438 ], [ -74.58957, 40.56118 ], [ -74.60602, 40.5639 ], [ -74.60766, 40.56245 ], [ -74.60825, 40.56021 ], [ -74.61015, 40.55874 ], [ -74.6081, 40.55836 ], [ -74.61258, 40.5579 ], [ -74.6158, 40.5561 ], [ -74.62033, 40.55739 ], [ -74.62107, 40.56 ], [ -74.62385, 40.5624 ], [ -74.62612, 40.56314 ], [ -74.62587, 40.56546 ] ] ] } },
{ "type": "Feature", "properties": { "GEOID": "34041031601", "county_name": "Warren", "need_score": 16.6, "uninsured_pct": 2.95, "under_200_fpl_pct": 20.68, "total_pop": 4646 }, "geometry": { "type": "Polygon", "coordinates": [ [ [ -75.1085, 40.79109 ], [ -75.1008, 40.7998 ], [ -75.10028, 40.80118 ], [ -75.10074, 40.80549 ], [ -75.10028, 40.80758 ], [ -75.09615, 40.81221 ], [ -75.09052, 40.81591 ], [ -75.08396, 40.82442 ], [ -75.08182, 40.82406 ], [ -75.08111, 40.8225 ], [ -75.07625, 40.82045 ], [ -75.07317, 40.82023 ], [ -75.06953, 40.81885 ], [ -75.06819, 40.81736 ], [ -75.06683, 40.81803 ], [ -75.05877, 40.8284 ], [ -75.06042, 40.83387 ], [ -75.07666, 40.84086 ], [ -75.08843, 40.83225 ], [ -75.09494, 40.8371 ], [ -75.09701, 40.83934 ], [ -75.09759, 40.84304 ], [ -75.09578, 40.84708 ], [ -75.09096, 40.84919 ], [ -75.07668, 40.84987 ], [ -75.07083, 40.84739 ], [ -75.06601, 40.84759 ], [ -75.0635, 40.84946 ], [ -75.0633, 40.85112 ], [ -75.0643, 40.85386 ], [ -75.06392, 40.85542 ], [ -75.05889, 40.86039 ], [ -75.05151, 40.86423 ], [ -75.05259, 40.86141 ], [ -75.02131, 40.87614 ], [ -75.01104, 40.8648 ], [ -75.0024, 40.86061 ], [ -74.95318, 40.83271 ], [ -74.9603, 40.83066 ], [ -74.96879, 40.82715 ], [ -74.97303, 40.82694 ], [ -74.9802, 40.8251 ], [ -74.98505, 40.82268 ], [ -74.98663, 40.82422 ], [ -74.99045, 40.82587 ], [ -74.99348, 40.82612 ], [ -74.99733, 40.82517 ], [ -74.99703, 40.82447 ], [ -75.00423, 40.82226 ], [ -75.01367, 40.82105 ], [ -75.02524, 40.81029 ], [ -75.02105, 40.80357 ], [ -75.01851, 40.79812 ], [ -75.02137, 40.78431 ], [ -75.04205, 40.7683 ], [ -75.09747, 40.78231 ], [ -75.11133, 40.7899 ], [ -75.1085, 40.79109 ] ] ] } },
{ "type": "Feature", "properties": { "GEOID": "34041030700", "county_name": "Warren", "need_score": 13.4, "uninsured_pct": 8.61, "under_200_fpl_pct": 30.32, "total_pop": 5113 }, "geometry": { "type": "Polygon", "coordinates": [ [ [ -75.20392, 40.6915 ], [ -75.20277, 40.69454 ], [ -75.19527, 40.69656 ], [ -75.19094, 40.69548 ], [ -75.1914, 40.69541 ], [ -75.18756, 40.69224 ], [ -75.18782, 40.69124 ], [ -75.18518, 40.68854 ], [ -75.18276, 40.68981 ], [ -75.1813, 40.68842 ], [ -75.18489, 40.68743 ], [ -75.18986, 40.68718 ], [ -75.19423, 40.68795 ], [ -75.20212, 40.68791 ], [ -75.20392, 40.6915 ] ] ] } },
{ "type": "Feature", "properties": { "GEOID": "34041031401", "county_name": "Warren", "need_score": 13.2, "uninsured_pct": 6.31, "under_200_fpl_pct": 22.03, "total_pop": 4579 }, "geometry": { "type": "Polygon", "coordinates": [ [ [ -74.83893, 40.85948 ], [ -74.83365, 40.86322 ], [ -74.82829, 40.86881 ], [ -74.82568, 40.86799 ], [ -74.82202, 40.86515 ], [ -74.81983, 40.8644 ], [ -74.81853, 40.8647 ], [ -74.81622, 40.86845 ], [ -74.81665, 40.87562 ], [ -74.8144, 40.87946 ], [ -74.80859, 40.88333 ], [ -74.80678, 40.88208 ], [ -74.80698, 40.87818 ], [ -74.80589, 40.87608 ], [ -74.80574, 40.8742 ], [ -74.8083, 40.86949 ], [ -74.80487, 40.86593 ], [ -74.80241, 40.8647 ], [ -74.802, 40.86373 ], [ -74.8037, 40.86106 ], [ -74.80744, 40.86111 ], [ -74.80924, 40.86021 ], [ -74.80995, 40.85448 ], [ -74.81412, 40.85122 ], [ -74.82083, 40.84965 ], [ -74.82166, 40.8485 ], [ -74.82393, 40.84887 ], [ -74.82912, 40.85375 ], [ -74.83938, 40.85858 ], [ -74.83893, 40.85948 ] ] ] } },
{ "type": "Feature", "properties": { "GEOID": "34037371600", "county_name": "Sussex", "need_score": 11.0, "uninsured_pct": 4.61, "under_200_fpl_pct": 20.46, "total_pop": 2952 }, "geometry": { "type": "Polygon", "coordinates": [ [ [ -74.55168, 41.16927 ], [ -74.52164, 41.19004 ], [ -74.51568, 41.19321 ], [ -74.48258, 41.20674 ], [ -74.48064, 41.20293 ], [ -74.48124, 41.20036 ], [ -74.4839, 41.19746 ], [ -74.48557, 41.19283 ], [ -74.48517, 41.19053 ], [ -74.48711, 41.1878 ], [ -74.48895, 41.18085 ], [ -74.49277, 41.16296 ], [ -74.4936, 41.15462 ], [ -74.49652, 41.14668 ], [ -74.49755, 41.14185 ], [ -74.49752, 41.13616 ], [ -74.4982, 41.13356 ], [ -74.50035, 41.13007 ], [ -74.50422, 41.12605 ], [ -74.50532, 41.12382 ], [ -74.55168, 41.16927 ] ] ] } },
{ "type": "Feature", "properties": { "GEOID": "34037374800", "county_name": "Sussex", "need_score": 7.4, "uninsured_pct": 3.39, "under_200_fpl_pct": 8.74, "total_pop": 4371 }, "geometry": { "type": "Polygon", "coordinates": [ [ [ -74.69761, 40.92776 ], [ -74.69602, 40.93196 ], [ -74.68811, 40.93147 ], [ -74.68545, 40.93278 ], [ -74.68346, 40.93271 ], [ -74.68274, 40.93171 ], [ -74.67801, 40.9372 ], [ -74.67865, 40.93494 ], [ -74.67467, 40.93442 ], [ -74.67799, 40.93027 ], [ -74.67201, 40.92787 ], [ -74.66775, 40.92901 ], [ -74.66717, 40.92788 ], [ -74.6623, 40.93345 ], [ -74.65354, 40.92904 ], [ -74.65386, 40.92632 ], [ -74.65159, 40.92375 ], [ -74.65172, 40.92279 ], [ -74.65321, 40.92131 ], [ -74.65796, 40.91841 ], [ -74.66531, 40.91747 ], [ -74.66993, 40.91394 ], [ -74.67192, 40.91348 ], [ -74.67522, 40.911 ], [ -74.67722, 40.91062 ], [ -74.6795, 40.90916 ], [ -74.68233, 40.90923 ], [ -74.69274, 40.9254 ], [ -74.6973, 40.9253 ], [ -74.69761, 40.92776 ] ] ] } },
{ "type": "Feature", "properties": { "GEOID": "34037373400", "county_name": "Sussex", "need_score": 6.8, "uninsured_pct": 1.57, "under_200_fpl_pct": 6.48, "total_pop": 6273 }, "geometry": { "type": "Polygon", "coordinates": [ [ [ -74.68814, 41.01455 ], [ -74.68704, 41.01472 ], [ -74.68682, 41.01287 ], [ -74.68551, 41.01415 ], [ -74.68404, 41.01732 ], [ -74.68258, 41.01687 ], [ -74.68327, 41.01289 ], [ -74.67916, 41.01523 ], [ -74.6772, 41.01743 ], [ -74.67526, 41.0172 ], [ -74.66905, 41.02104 ], [ -74.66824, 41.0234 ], [ -74.66371, 41.02637 ], [ -74.66404, 41.02762 ], [ -74.66538, 41.02783 ], [ -74.66568, 41.02914 ], [ -74.66486, 41.03188 ], [ -74.6633, 41.03337 ], [ -74.66406, 41.03395 ], [ -74.6626, 41.03405 ], [ -74.65932, 41.03661 ], [ -74.65074, 41.0392 ], [ -74.64324, 41.03967 ], [ -74.63657, 41.03613 ], [ -74.63759, 41.03488 ], [ -74.638, 41.03182 ], [ -74.63239, 41.02896 ], [ -74.63123, 41.02535 ], [ -74.63684, 41.02462 ], [ -74.63741, 41.02265 ], [ -74.6408, 41.01907 ], [ -74.64866, 41.01353 ], [ -74.65408, 41.00476 ], [ -74.65535, 41.00094 ], [ -74.68852, 41.00929 ], [ -74.68814, 41.01455 ] ] ] } },
{ "type": "Feature", "properties": { "GEOID": "34037371400", "county_name": "Sussex", "need_score": 7.6, "uninsured_pct": 2.35, "under_200_fpl_pct": 13.56, "total_pop": 2936 }, "geometry": { "type": "Polygon", "coordinates": [ [ [ -74.525, 41.22376 ], [ -74.52235, 41.23129 ], [ -74.52047, 41.23402 ], [ -74.51642, 41.23529 ], [ -74.51072, 41.24083 ], [ -74.50852, 41.24024 ], [ -74.49575, 41.24979 ], [ -74.49108, 41.25005 ], [ -74.4883, 41.25163 ], [ -74.4788, 41.2511 ], [ -74.47696, 41.25704 ], [ -74.42375, 41.23176 ], [ -74.42825, 41.23227 ], [ -74.43335, 41.23192 ], [ -74.43478, 41.23124 ], [ -74.43655, 41.22787 ], [ -74.44366, 41.22424 ], [ -74.45461, 41.22015 ], [ -74.45583, 41.21847 ], [ -74.45652, 41.21549 ], [ -74.4607, 41.21201 ], [ -74.46465, 41.20968 ], [ -74.46925, 41.20822 ], [ -74.47113, 41.20695 ], [ -74.47218, 41.20513 ], [ -74.47498, 41.20489 ], [ -74.47882, 41.20274 ], [ -74.48124, 41.20036 ], [ -74.48064, 41.20293 ], [ -74.48258, 41.20674 ], [ -74.48985, 41.21146 ], [ -74.49519, 41.21607 ], [ -74.49638, 41.21494 ], [ -74.4975, 41.21531 ], [ -74.50026, 41.21439 ], [ -74.50724, 41.21542 ], [ -74.51065, 41.21384 ], [ -74.51429, 41.2095 ], [ -74.51782, 41.20735 ], [ -74.51865, 41.20916 ], [ -74.52153, 41.21229 ], [ -74.52186, 41.21468 ], [ -74.52137, 41.2171 ], [ -74.52564, 41.22345 ], [ -74.525, 41.22376 ] ] ] } },
{ "type": "Feature", "properties": { "GEOID": "34037372600", "county_name": "Sussex", "need_score": 11.9, "uninsured_pct": 0.49, "under_200_fpl_pct": 15.07, "total_pop": 4881 }, "geometry": { "type": "Polygon", "coordinates": [ [ [ -74.58424, 41.08843 ], [ -74.57892, 41.09217 ], [ -74.57599, 41.09579 ], [ -74.5757, 41.106 ], [ -74.57007, 41.13696 ], [ -74.56097, 41.13954 ], [ -74.56871, 41.14922 ], [ -74.56889, 41.1529 ], [ -74.56678, 41.15435 ], [ -74.56892, 41.15523 ], [ -74.56897, 41.15956 ], [ -74.57958, 41.1613 ], [ -74.58107, 41.16288 ], [ -74.58555, 41.16454 ], [ -74.58671, 41.16701 ], [ -74.5839, 41.17316 ], [ -74.57769, 41.18014 ], [ -74.57764, 41.18163 ], [ -74.57906, 41.18318 ], [ -74.57822, 41.18655 ], [ -74.57925, 41.18876 ], [ -74.57825, 41.19153 ], [ -74.5755, 41.19351 ], [ -74.56731, 41.18464 ], [ -74.50423, 41.12275 ], [ -74.48314, 41.10439 ], [ -74.50168, 41.08718 ], [ -74.53586, 41.05851 ], [ -74.57707, 41.07876 ], [ -74.58791, 41.08487 ], [ -74.58424, 41.08843 ] ] ] } },
{ "type": "Feature", "properties": { "GEOID": "34037372500", "county_name": "Sussex", "need_score": 10.8, "uninsured_pct": 3.16, "under_200_fpl_pct": 18.79, "total_pop": 3358 }, "geometry": { "type": "Polygon", "coordinates": [ [ [ -74.63854, 41.11867 ], [ -74.62447, 41.16134 ], [ -74.58515, 41.16068 ], [ -74.58734, 41.16334 ], [ -74.58671, 41.16701 ], [ -74.58555, 41.16454 ], [ -74.58107, 41.16288 ], [ -74.57958, 41.1613 ], [ -74.58312, 41.15719 ], [ -74.58142, 41.15244 ], [ -74.58014, 41.14451 ], [ -74.57767, 41.13808 ], [ -74.57846, 41.13437 ], [ -74.59815, 41.12306 ], [ -74.60778, 41.11273 ], [ -74.60721, 41.09609 ], [ -74.63854, 41.11867 ] ] ] } },
{ "type": "Feature", "properties": { "GEOID": "34037372000", "county_name": "Sussex", "need_score": 13.0, "uninsured_pct": 3.47, "under_200_fpl_pct": 20.75, "total_pop": 3055 }, "geometry": { "type": "Polygon", "coordinates": [ [ [ -74.84953, 41.14666 ], [ -74.84604, 41.14853 ], [ -74.83903, 41.14573 ], [ -74.74682, 41.11968 ], [ -74.74695, 41.11758 ], [ -74.75455, 41.11136 ], [ -74.75564, 41.10699 ], [ -74.75506, 41.10542 ], [ -74.75788, 41.10319 ], [ -74.75964, 41.1028 ], [ -74.76292, 41.09986 ], [ -74.76557, 41.09548 ], [ -74.76733, 41.09415 ], [ -74.76874, 41.09114 ], [ -74.77176, 41.09077 ], [ -74.77481, 41.08667 ], [ -74.77951, 41.08344 ], [ -74.78077, 41.08437 ], [ -74.78182, 41.0838 ], [ -74.78315, 41.08164 ], [ -74.78956, 41.0771 ], [ -74.79563, 41.07387 ], [ -74.80026, 41.0703 ], [ -74.80419, 41.06603 ], [ -74.80605, 41.06279 ], [ -74.81097, 41.06108 ], [ -74.81619, 41.07329 ], [ -74.81827, 41.07219 ], [ -74.82544, 41.08894 ], [ -74.83088, 41.10421 ], [ -74.8355, 41.1033 ], [ -74.84282, 41.12474 ], [ -74.84241, 41.12528 ], [ -74.84363, 41.12823 ], [ -74.84469, 41.12883 ], [ -74.84364, 41.13034 ], [ -74.8458, 41.13285 ], [ -74.84953, 41.14666 ] ] ] } },
{ "type": "Feature", "properties": { "GEOID": "34037374500", "county_name": "Sussex", "need_score": 5.7, "uninsured_pct": 0.99, "under_200_fpl_pct": 7.28, "total_pop": 1716 }, "geometry": { "type": "Polygon", "coordinates": [ [ [ -74.69602, 40.93196 ], [ -74.68566, 40.94667 ], [ -74.68481, 40.95005 ], [ -74.68527, 40.95215 ], [ -74.68825, 40.95567 ], [ -74.68608, 40.95685 ], [ -74.68543, 40.95958 ], [ -74.68296, 40.96238 ], [ -74.67455, 40.9642 ], [ -74.67211, 40.96606 ], [ -74.67399, 40.96754 ], [ -74.67315, 40.97174 ], [ -74.67233, 40.97113 ], [ -74.67023, 40.97255 ], [ -74.66904, 40.97256 ], [ -74.66742, 40.97382 ], [ -74.66666, 40.97546 ], [ -74.66451, 40.97619 ], [ -74.66146, 40.97908 ], [ -74.65967, 40.98178 ], [ -74.661, 40.9847 ], [ -74.6616, 40.98808 ], [ -74.65955, 40.99118 ], [ -74.65072, 40.99471 ], [ -74.64772, 40.99684 ], [ -74.6478, 40.99904 ], [ -74.61451, 40.99065 ], [ -74.63238, 40.97372 ], [ -74.63249, 40.97206 ], [ -74.63952, 40.96499 ], [ -74.64162, 40.96138 ], [ -74.64729, 40.96168 ], [ -74.65148, 40.96111 ], [ -74.65538, 40.96 ], [ -74.65811, 40.95818 ], [ -74.66118, 40.95493 ], [ -74.65896, 40.95605 ], [ -74.65616, 40.95647 ], [ -74.65799, 40.95455 ], [ -74.65914, 40.95021 ], [ -74.66351, 40.94782 ], [ -74.66822, 40.94349 ], [ -74.66813, 40.94523 ], [ -74.66985, 40.94515 ], [ -74.67108, 40.9423 ], [ -74.67436, 40.93852 ], [ -74.67476, 40.93444 ], [ -74.67865, 40.93494 ], [ -74.67801, 40.9372 ], [ -74.68274, 40.93171 ], [ -74.68346, 40.93271 ], [ -74.68545, 40.93278 ], [ -74.68811, 40.93147 ], [ -74.69602, 40.93196 ] ] ] } },
{ "type": "Feature", "properties": { "GEOID": "34037371100", "county_name": "Sussex", "need_score": 12.7, "uninsured_pct": 5.01, "under_200_fpl_pct": 16.08, "total_pop": 3674 }, "geometry": { "type": "Polygon", "coordinates": [ [ [ -74.67161, 41.30743 ], [ -74.66685, 41.30872 ], [ -74.66392, 41.31725 ], [ -74.64937, 41.33648 ], [ -74.60735, 41.31777 ], [ -74.53669, 41.2847 ], [ -74.53642, 41.28061 ], [ -74.53925, 41.27847 ], [ -74.53838, 41.27627 ], [ -74.54649, 41.26976 ], [ -74.54905, 41.26879 ], [ -74.54706, 41.26575 ], [ -74.54878, 41.26103 ], [ -74.54788, 41.25682 ], [ -74.55104, 41.25751 ], [ -74.55385, 41.25555 ], [ -74.554, 41.25433 ], [ -74.55741, 41.25218 ], [ -74.55979, 41.24954 ], [ -74.56074, 41.24762 ], [ -74.55979, 41.24477 ], [ -74.56152, 41.24259 ], [ -74.56424, 41.24153 ], [ -74.56468, 41.24049 ], [ -74.5638, 41.23923 ], [ -74.56439, 41.23656 ], [ -74.56384, 41.23474 ], [ -74.56267, 41.23376 ], [ -74.56401, 41.22964 ], [ -74.56373, 41.22742 ], [ -74.56255, 41.22519 ], [ -74.5635, 41.22266 ], [ -74.56154, 41.22191 ], [ -74.56197, 41.2206 ], [ -74.56908, 41.21917 ], [ -74.57099, 41.21784 ], [ -74.57067, 41.21568 ], [ -74.57274, 41.21253 ], [ -74.56953, 41.21041 ], [ -74.57073, 41.20646 ], [ -74.57477, 41.20591 ], [ -74.57694, 41.20248 ], [ -74.57294, 41.19893 ], [ -74.57324, 41.19779 ], [ -74.57521, 41.19794 ], [ -74.5769, 41.19696 ], [ -74.57703, 41.19607 ], [ -74.57509, 41.19388 ], [ -74.57825, 41.19153 ], [ -74.57925, 41.18876 ], [ -74.57822, 41.18655 ], [ -74.57906, 41.18318 ], [ -74.57764, 41.18163 ], [ -74.57769, 41.18014 ], [ -74.5839, 41.17316 ], [ -74.58671, 41.16701 ], [ -74.58713, 41.17115 ], [ -74.58996, 41.17638 ], [ -74.59028, 41.18211 ], [ -74.58686, 41.18715 ], [ -74.58718, 41.19269 ], [ -74.59986, 41.20121 ], [ -74.60277, 41.20436 ], [ -74.60146, 41.20477 ], [ -74.59882, 41.20962 ], [ -74.60128, 41.21405 ], [ -74.60786, 41.21632 ], [ -74.61003, 41.21569 ], [ -74.61347, 41.21965 ], [ -74.61464, 41.22604 ], [ -74.61731, 41.22981 ], [ -74.61901, 41.23669 ], [ -74.62068, 41.24 ], [ -74.6238, 41.24171 ], [ -74.62476, 41.24358 ], [ -74.62479, 41.2467 ], [ -74.62674, 41.25168 ], [ -74.63007, 41.25718 ], [ -74.63008, 41.26047 ], [ -74.63088, 41.2618 ], [ -74.64334, 41.26587 ], [ -74.6472, 41.26963 ], [ -74.64795, 41.27408 ], [ -74.65286, 41.27699 ], [ -74.6554, 41.28172 ], [ -74.65556, 41.28408 ], [ -74.65296, 41.28924 ], [ -74.653, 41.29207 ], [ -74.656, 41.2974 ], [ -74.66211, 41.29938 ], [ -74.66534, 41.30312 ], [ -74.6698, 41.30491 ], [ -74.67161, 41.30743 ] ] ] } },
{ "type": "Feature", "properties": { "GEOID": "34037372800", "county_name": "Sussex", "need_score": 10.9, "uninsured_pct": 2.96, "under_200_fpl_pct": 16.71, "total_pop": 1688 }, "geometry": { "type": "Polygon", "coordinates": [ [ [ -74.59327, 41.10047 ], [ -74.58954, 41.10449 ], [ -74.5886, 41.10696 ], [ -74.59026, 41.11078 ], [ -74.58992, 41.1122 ], [ -74.58827, 41.11208 ], [ -74.58579, 41.11075 ], [ -74.58472, 41.10924 ], [ -74.58096, 41.10744 ], [ -74.57994, 41.11163 ], [ -74.58114, 41.11474 ], [ -74.57958, 41.12208 ], [ -74.5752, 41.13079 ], [ -74.57444, 41.13389 ], [ -74.57179, 41.13737 ], [ -74.57007, 41.13696 ], [ -74.5757, 41.106 ], [ -74.57599, 41.09579 ], [ -74.57892, 41.09217 ], [ -74.58424, 41.08843 ], [ -74.58791, 41.08487 ], [ -74.59849, 41.09085 ], [ -74.59327, 41.10047 ] ] ] } },
{ "type": "Feature", "properties": { "GEOID": "34027041000", "county_name": "Morris", "need_score": 9.8, "uninsured_pct": 5.55, "under_200_fpl_pct": 14.95, "total_pop": 4982 }, "geometry": { "type": "Polygon", "coordinates": [ [ [ -74.41756, 40.89677 ], [ -74.41258, 40.90192 ], [ -74.40804, 40.90328 ], [ -74.41217, 40.90552 ], [ -74.40383, 40.91573 ], [ -74.4024, 40.91029 ], [ -74.3935, 40.91741 ], [ -74.39086, 40.9098 ], [ -74.38695, 40.90975 ], [ -74.38368, 40.90342 ], [ -74.38317, 40.89972 ], [ -74.38778, 40.89951 ], [ -74.38974, 40.8977 ], [ -74.39389, 40.8976 ], [ -74.39572, 40.89419 ], [ -74.39965, 40.89415 ], [ -74.4035, 40.8923 ], [ -74.40714, 40.8925 ], [ -74.41475, 40.89678 ], [ -74.41709, 40.89628 ], [ -74.41756, 40.89677 ] ] ] } },
{ "type": "Feature", "properties": { "GEOID": "34027040500", "county_name": "Morris", "need_score": 16.2, "uninsured_pct": 5.99, "under_200_fpl_pct": 25.95, "total_pop": 3641 }, "geometry": { "type": "Polygon", "coordinates": [ [ [ -74.35195, 40.99676 ], [ -74.35127, 41.00266 ], [ -74.34807, 41.00318 ], [ -74.34803, 41.00446 ], [ -74.3457, 41.00492 ], [ -74.34199, 41.00693 ], [ -74.34062, 41.00579 ], [ -74.3368, 41.0076 ], [ -74.33519, 41.00672 ], [ -74.33488, 41.00381 ], [ -74.33107, 41.0028 ], [ -74.32846, 41.00126 ], [ -74.33048, 40.99753 ], [ -74.33437, 40.99852 ], [ -74.33534, 40.9974 ], [ -74.33754, 40.99817 ], [ -74.33926, 40.9956 ], [ -74.34255, 40.99579 ], [ -74.34527, 40.99695 ], [ -74.3487, 40.99617 ], [ -74.35195, 40.99676 ] ] ] } },
{ "type": "Feature", "properties": { "GEOID": "34027042800", "county_name": "Morris", "need_score": 4.6, "uninsured_pct": 2.2, "under_200_fpl_pct": 3.95, "total_pop": 4762 }, "geometry": { "type": "Polygon", "coordinates": [ [ [ -74.39972, 40.72753 ], [ -74.39449, 40.7365 ], [ -74.3989, 40.74458 ], [ -74.3838, 40.73974 ], [ -74.38074, 40.73776 ], [ -74.37924, 40.7396 ], [ -74.37156, 40.73922 ], [ -74.37066, 40.73607 ], [ -74.37113, 40.73458 ], [ -74.375, 40.73353 ], [ -74.37775, 40.73435 ], [ -74.37999, 40.73373 ], [ -74.37998, 40.73278 ], [ -74.37747, 40.73004 ], [ -74.38427, 40.72449 ], [ -74.38817, 40.72624 ], [ -74.38997, 40.72607 ], [ -74.39078, 40.72539 ], [ -74.39688, 40.72588 ], [ -74.39972, 40.72753 ] ] ] } },
{ "type": "Feature", "properties": { "GEOID": "34027044701", "county_name": "Morris", "need_score": 10.5, "uninsured_pct": 3.12, "under_200_fpl_pct": 10.91, "total_pop": 4771 }, "geometry": { "type": "Polygon", "coordinates": [ [ [ -74.64162, 40.96138 ], [ -74.63952, 40.96499 ], [ -74.63249, 40.97206 ], [ -74.63238, 40.97372 ], [ -74.60667, 40.99809 ], [ -74.60213, 40.99646 ], [ -74.60056, 40.99484 ], [ -74.60009, 40.99314 ], [ -74.60092, 40.98974 ], [ -74.60406, 40.98352 ], [ -74.6039, 40.98141 ], [ -74.60583, 40.97908 ], [ -74.6044, 40.97805 ], [ -74.6055, 40.97746 ], [ -74.60769, 40.97832 ], [ -74.60826, 40.98071 ], [ -74.60999, 40.98149 ], [ -74.61074, 40.98291 ], [ -74.6111, 40.98614 ], [ -74.61364, 40.98568 ], [ -74.61424, 40.98648 ], [ -74.61615, 40.98642 ], [ -74.61551, 40.98447 ], [ -74.61653, 40.98209 ], [ -74.61599, 40.97974 ], [ -74.61785, 40.97633 ], [ -74.61228, 40.97737 ], [ -74.61076, 40.97183 ], [ -74.61106, 40.97047 ], [ -74.61698, 40.96501 ], [ -74.61835, 40.96237 ], [ -74.61275, 40.96216 ], [ -74.61415, 40.95768 ], [ -74.61412, 40.95413 ], [ -74.61625, 40.95167 ], [ -74.61799, 40.94678 ], [ -74.61088, 40.94545 ], [ -74.60829, 40.94556 ], [ -74.6102, 40.94217 ], [ -74.61162, 40.94323 ], [ -74.61402, 40.94225 ], [ -74.61383, 40.94123 ], [ -74.61776, 40.93855 ], [ -74.61833, 40.94114 ], [ -74.61988, 40.94297 ], [ -74.62145, 40.94162 ], [ -74.62229, 40.93956 ], [ -74.62423, 40.94268 ], [ -74.63644, 40.94264 ], [ -74.6352, 40.94628 ], [ -74.63507, 40.95065 ], [ -74.63641, 40.95402 ], [ -74.64135, 40.95939 ], [ -74.64162, 40.96138 ] ] ] } },
{ "type": "Feature", "properties": { "GEOID": "34027041400", "county_name": "Morris", "need_score": 7.4, "uninsured_pct": 5.0, "under_200_fpl_pct": 5.97, "total_pop": 6032 }, "geometry": { "type": "Polygon", "coordinates": [ [ [ -74.5212, 40.88366 ], [ -74.51963, 40.8839 ], [ -74.513, 40.88887 ], [ -74.49739, 40.89534 ], [ -74.49683, 40.89742 ], [ -74.49923, 40.90127 ], [ -74.49663, 40.90167 ], [ -74.4899, 40.89913 ], [ -74.48583, 40.89915 ], [ -74.47965, 40.89807 ], [ -74.47604, 40.8983 ], [ -74.47465, 40.8974 ], [ -74.47466, 40.89438 ], [ -74.46256, 40.89424 ], [ -74.45971, 40.89243 ], [ -74.4579, 40.89202 ], [ -74.46588, 40.88505 ], [ -74.46749, 40.88552 ], [ -74.49426, 40.88341 ], [ -74.49806, 40.88259 ], [ -74.50501, 40.87839 ], [ -74.50763, 40.87746 ], [ -74.51207, 40.87843 ], [ -74.51625, 40.88071 ], [ -74.51928, 40.88077 ], [ -74.52458, 40.87973 ], [ -74.5212, 40.88366 ] ] ] } },
{ "type": "Feature", "properties": { "GEOID": "34027044702", "county_name": "Morris", "need_score": 8.6, "uninsured_pct": 4.1, "under_200_fpl_pct": 7.91, "total_pop": 5612 }, "geometry": { "type": "Polygon", "coordinates": [ [ [ -74.62229, 40.93956 ], [ -74.62145, 40.94162 ], [ -74.61988, 40.94297 ], [ -74.61833, 40.94114 ], [ -74.61776, 40.93855 ], [ -74.61383, 40.94123 ], [ -74.61402, 40.94225 ], [ -74.61162, 40.94323 ], [ -74.6102, 40.94217 ], [ -74.60829, 40.94556 ], [ -74.61088, 40.94545 ], [ -74.61799, 40.94678 ], [ -74.61625, 40.95167 ], [ -74.61412, 40.95413 ], [ -74.61415, 40.95768 ], [ -74.61275, 40.96216 ], [ -74.61835, 40.96237 ], [ -74.61698, 40.96501 ], [ -74.61106, 40.97047 ], [ -74.61076, 40.97183 ], [ -74.61228, 40.97737 ], [ -74.61785, 40.97633 ], [ -74.61599, 40.97974 ], [ -74.61653, 40.98209 ], [ -74.61551, 40.98447 ], [ -74.61615, 40.98642 ], [ -74.61424, 40.98648 ], [ -74.61364, 40.98568 ], [ -74.6111, 40.98614 ], [ -74.61074, 40.98291 ], [ -74.60999, 40.98149 ], [ -74.60826, 40.98071 ], [ -74.60769, 40.97832 ], [ -74.6055, 40.97746 ], [ -74.6044, 40.97805 ], [ -74.60583, 40.97908 ], [ -74.6039, 40.98141 ], [ -74.60406, 40.98352 ], [ -74.60092, 40.98974 ], [ -74.60009, 40.99314 ], [ -74.60056, 40.99484 ], [ -74.60213, 40.99646 ], [ -74.60667, 40.99809 ], [ -74.58419, 41.01709 ], [ -74.58444, 41.01608 ], [ -74.58303, 41.01452 ], [ -74.58275, 41.01139 ], [ -74.5868, 41.00793 ], [ -74.58682, 41.00438 ], [ -74.58899, 41.00157 ], [ -74.58483, 40.99917 ], [ -74.5831, 40.99524 ], [ -74.58055, 40.99377 ], [ -74.58217, 40.99061 ], [ -74.58141, 40.99021 ], [ -74.58327, 40.98938 ], [ -74.58377, 40.98753 ], [ -74.58575, 40.98682 ], [ -74.57054, 40.984 ], [ -74.54932, 40.98831 ], [ -74.53926, 40.98496 ], [ -74.53223, 40.97982 ], [ -74.58327, 40.93479 ], [ -74.59085, 40.927 ], [ -74.59435, 40.90746 ], [ -74.59404, 40.90317 ], [ -74.59486, 40.90241 ], [ -74.59798, 40.90466 ], [ -74.60546, 40.91697 ], [ -74.62229, 40.93956 ] ] ] } },
{ "type": "Feature", "properties": { "GEOID": "34027044800", "county_name": "Morris", "need_score": 30.0, "uninsured_pct": 30.34, "under_200_fpl_pct": 56.27, "total_pop": 7148 }, "geometry": { "type": "Polygon", "coordinates": [ [ [ -74.55748, 40.88428 ], [ -74.55557, 40.88447 ], [ -74.55615, 40.88926 ], [ -74.55497, 40.89243 ], [ -74.553, 40.89436 ], [ -74.53822, 40.88769 ], [ -74.54184, 40.88041 ], [ -74.55178, 40.8741 ], [ -74.55245, 40.87607 ], [ -74.55726, 40.88095 ], [ -74.55748, 40.88428 ] ] ] } },
{ "type": "Feature", "properties": { "GEOID": "34027041901", "county_name": "Morris", "need_score": 10.2, "uninsured_pct": 2.27, "under_200_fpl_pct": 4.91, "total_pop": 5647 }, "geometry": { "type": "Polygon", "coordinates": [ [ [ -74.38388, 40.82497 ], [ -74.37063, 40.836 ], [ -74.3674, 40.83606 ], [ -74.36458, 40.83772 ], [ -74.3617, 40.8405 ], [ -74.35466, 40.84146 ], [ -74.35336, 40.84353 ], [ -74.34292, 40.8464 ], [ -74.34079, 40.84589 ], [ -74.33777, 40.84385 ], [ -74.3361, 40.84488 ], [ -74.33566, 40.84786 ], [ -74.33443, 40.84657 ], [ -74.33125, 40.84673 ], [ -74.332, 40.84935 ], [ -74.32985, 40.8493 ], [ -74.33028, 40.84889 ], [ -74.32845, 40.84427 ], [ -74.32551, 40.84366 ], [ -74.32742, 40.84136 ], [ -74.32928, 40.84175 ], [ -74.32904, 40.83852 ], [ -74.32985, 40.83416 ], [ -74.3288, 40.83192 ], [ -74.3299, 40.83022 ], [ -74.3329, 40.82946 ], [ -74.3349, 40.82781 ], [ -74.33415, 40.82477 ], [ -74.3322, 40.8217 ], [ -74.33429, 40.81841 ], [ -74.38731, 40.82055 ], [ -74.38388, 40.82497 ] ] ] } },
{ "type": "Feature", "properties": { "GEOID": "34027042000", "county_name": "Morris", "need_score": 9.4, "uninsured_pct": 1.99, "under_200_fpl_pct": 9.61, "total_pop": 4633 }, "geometry": { "type": "Polygon", "coordinates": [ [ [ -74.45138, 40.83846 ], [ -74.42291, 40.84431 ], [ -74.40564, 40.83893 ], [ -74.39169, 40.82914 ], [ -74.38873, 40.82599 ], [ -74.38388, 40.82497 ], [ -74.39332, 40.81277 ], [ -74.39434, 40.81217 ], [ -74.3946, 40.81065 ], [ -74.39674, 40.80948 ], [ -74.3988, 40.8131 ], [ -74.40084, 40.81311 ], [ -74.40332, 40.81497 ], [ -74.40676, 40.81898 ], [ -74.40972, 40.82108 ], [ -74.41422, 40.82136 ], [ -74.41625, 40.82281 ], [ -74.42003, 40.82218 ], [ -74.42213, 40.82046 ], [ -74.42767, 40.8213 ], [ -74.43489, 40.82013 ], [ -74.43887, 40.8186 ], [ -74.44011, 40.81949 ], [ -74.43302, 40.82971 ], [ -74.44012, 40.83367 ], [ -74.45138, 40.83846 ] ] ] } },
{ "type": "Feature", "properties": { "GEOID": "34027042100", "county_name": "Morris", "need_score": 6.1, "uninsured_pct": 1.6, "under_200_fpl_pct": 2.51, "total_pop": 4092 }, "geometry": { "type": "Polygon", "coordinates": [ [ [ -74.44405, 40.81498 ], [ -74.44011, 40.81949 ], [ -74.43887, 40.8186 ], [ -74.43489, 40.82013 ], [ -74.42767, 40.8213 ], [ -74.42213, 40.82046 ], [ -74.42003, 40.82218 ], [ -74.41625, 40.82281 ], [ -74.41422, 40.82136 ], [ -74.40972, 40.82108 ], [ -74.40676, 40.81898 ], [ -74.40332, 40.81497 ], [ -74.40084, 40.81311 ], [ -74.3988, 40.8131 ], [ -74.39674, 40.80948 ], [ -74.39459, 40.8106 ], [ -74.39486, 40.80893 ], [ -74.40007, 40.80475 ], [ -74.40209, 40.80415 ], [ -74.40353, 40.80208 ], [ -74.40355, 40.80087 ], [ -74.41084, 40.79265 ], [ -74.43424, 40.79114 ], [ -74.4346, 40.79714 ], [ -74.43308, 40.79946 ], [ -74.43271, 40.80156 ], [ -74.43342, 40.80334 ], [ -74.44102, 40.80829 ], [ -74.44405, 40.81498 ] ] ] } },
{ "type": "Feature", "properties": { "GEOID": "34027046104", "county_name": "Morris", "need_score": 9.7, "uninsured_pct": 0.72, "under_200_fpl_pct": 9.81, "total_pop": 5812 }, "geometry": { "type": "Polygon", "coordinates": [ [ [ -74.78376, 40.84918 ], [ -74.76949, 40.85431 ], [ -74.75805, 40.85912 ], [ -74.73449, 40.85396 ], [ -74.71053, 40.86409 ], [ -74.70907, 40.86601 ], [ -74.70542, 40.86742 ], [ -74.69519, 40.87065 ], [ -74.6945, 40.86836 ], [ -74.69523, 40.8679 ], [ -74.69566, 40.86448 ], [ -74.70158, 40.85472 ], [ -74.70074, 40.84925 ], [ -74.69946, 40.84824 ], [ -74.69537, 40.84036 ], [ -74.69527, 40.83624 ], [ -74.70938, 40.83283 ], [ -74.70842, 40.82469 ], [ -74.71255, 40.81286 ], [ -74.72548, 40.80552 ], [ -74.72376, 40.81846 ], [ -74.73603, 40.82574 ], [ -74.73908, 40.82561 ], [ -74.74512, 40.82809 ], [ -74.75151, 40.82752 ], [ -74.75553, 40.82878 ], [ -74.76054, 40.83135 ], [ -74.76382, 40.83552 ], [ -74.76742, 40.83866 ], [ -74.77077, 40.84 ], [ -74.77542, 40.8451 ], [ -74.78376, 40.84918 ] ] ] } },
{ "type": "Feature", "properties": { "GEOID": "34027040804", "county_name": "Morris", "need_score": 12.6, "uninsured_pct": 2.37, "under_200_fpl_pct": 6.75, "total_pop": 3889 }, "geometry": { "type": "Polygon", "coordinates": [ [ [ -74.3922, 40.91293 ], [ -74.38505, 40.91789 ], [ -74.37738, 40.92167 ], [ -74.37546, 40.92204 ], [ -74.37109, 40.92104 ], [ -74.36312, 40.91617 ], [ -74.36251, 40.9163 ], [ -74.3611, 40.90785 ], [ -74.36471, 40.90261 ], [ -74.3645, 40.898 ], [ -74.36589, 40.89312 ], [ -74.36588, 40.89097 ], [ -74.37592, 40.88966 ], [ -74.37595, 40.89109 ], [ -74.37458, 40.89308 ], [ -74.37399, 40.89896 ], [ -74.37529, 40.90157 ], [ -74.37823, 40.90196 ], [ -74.37831, 40.90049 ], [ -74.38317, 40.89972 ], [ -74.38368, 40.90342 ], [ -74.38695, 40.90975 ], [ -74.39086, 40.9098 ], [ -74.3922, 40.91293 ] ] ] } },
{ "type": "Feature", "properties": { "GEOID": "34027046201", "county_name": "Morris", "need_score": 8.0, "uninsured_pct": 1.49, "under_200_fpl_pct": 7.92, "total_pop": 6104 }, "geometry": { "type": "Polygon", "coordinates": [ [ [ -74.82222, 40.84553 ], [ -74.82166, 40.8485 ], [ -74.81326, 40.84829 ], [ -74.80724, 40.85077 ], [ -74.80092, 40.84998 ], [ -74.79945, 40.84748 ], [ -74.79725, 40.84769 ], [ -74.7907, 40.85066 ], [ -74.7872, 40.8506 ], [ -74.77542, 40.8451 ], [ -74.77077, 40.84 ], [ -74.76742, 40.83866 ], [ -74.76382, 40.83552 ], [ -74.76054, 40.83135 ], [ -74.76724, 40.82818 ], [ -74.78113, 40.81973 ], [ -74.78217, 40.81807 ], [ -74.78562, 40.81618 ], [ -74.78709, 40.81769 ], [ -74.78824, 40.8229 ], [ -74.79072, 40.8225 ], [ -74.7931, 40.82402 ], [ -74.79579, 40.82202 ], [ -74.79727, 40.81918 ], [ -74.79836, 40.8149 ], [ -74.79718, 40.81261 ], [ -74.79923, 40.81118 ], [ -74.80463, 40.80916 ], [ -74.81463, 40.80229 ], [ -74.8159, 40.80642 ], [ -74.81773, 40.8075 ], [ -74.81936, 40.81081 ], [ -74.81845, 40.81257 ], [ -74.81886, 40.81413 ], [ -74.82161, 40.81701 ], [ -74.82296, 40.8346 ], [ -74.81843, 40.83695 ], [ -74.81985, 40.83935 ], [ -74.81978, 40.84101 ], [ -74.82383, 40.84411 ], [ -74.82222, 40.84553 ] ] ] } },
{ "type": "Feature", "properties": { "GEOID": "34027041704", "county_name": "Morris", "need_score": 11.1, "uninsured_pct": 3.73, "under_200_fpl_pct": 13.83, "total_pop": 5249 }, "geometry": { "type": "Polygon", "coordinates": [ [ [ -74.38508, 40.86078 ], [ -74.38426, 40.86535 ], [ -74.3832, 40.8674 ], [ -74.38273, 40.87648 ], [ -74.37949, 40.87679 ], [ -74.37186, 40.87573 ], [ -74.37223, 40.87336 ], [ -74.36966, 40.87117 ], [ -74.3706, 40.87082 ], [ -74.36985, 40.8698 ], [ -74.36646, 40.86998 ], [ -74.36598, 40.87156 ], [ -74.36236, 40.87045 ], [ -74.3623, 40.86767 ], [ -74.35748, 40.86666 ], [ -74.35562, 40.86712 ], [ -74.35417, 40.86551 ], [ -74.35232, 40.86608 ], [ -74.35012, 40.86451 ], [ -74.34723, 40.85909 ], [ -74.3479, 40.85708 ], [ -74.34636, 40.85615 ], [ -74.34566, 40.85744 ], [ -74.34361, 40.85605 ], [ -74.34352, 40.85503 ], [ -74.34112, 40.85208 ], [ -74.34462, 40.85081 ], [ -74.34243, 40.84957 ], [ -74.34131, 40.84765 ], [ -74.3421, 40.84662 ], [ -74.34079, 40.84589 ], [ -74.34292, 40.8464 ], [ -74.34896, 40.84474 ], [ -74.35792, 40.85477 ], [ -74.36476, 40.85881 ], [ -74.36739, 40.8595 ], [ -74.37431, 40.85911 ], [ -74.38508, 40.86078 ] ] ] } },
{ "type": "Feature", "properties": { "GEOID": "34027040400", "county_name": "Morris", "need_score": 14.2, "uninsured_pct": 3.92, "under_200_fpl_pct": 18.19, "total_pop": 4084 }, "geometry": { "type": "Polygon", "coordinates": [ [ [ -74.33198, 40.99065 ], [ -74.32802, 40.99248 ], [ -74.33011, 40.99418 ], [ -74.33048, 40.99753 ], [ -74.32846, 41.00126 ], [ -74.32676, 41.00091 ], [ -74.31555, 41.00237 ], [ -74.3123, 40.99953 ], [ -74.30949, 40.99841 ], [ -74.30143, 40.99925 ], [ -74.30152, 41.00209 ], [ -74.30003, 41.00312 ], [ -74.29767, 41.00125 ], [ -74.29784, 40.99662 ], [ -74.29555, 40.9947 ], [ -74.29578, 40.99101 ], [ -74.29422, 40.99048 ], [ -74.29283, 40.98795 ], [ -74.29745, 40.98358 ], [ -74.31357, 40.98222 ], [ -74.32061, 40.98436 ], [ -74.32102, 40.98601 ], [ -74.32321, 40.9856 ], [ -74.32386, 40.987 ], [ -74.32584, 40.98624 ], [ -74.3314, 40.98826 ], [ -74.33198, 40.99065 ] ] ] } },
{ "type": "Feature", "properties": { "GEOID": "34027044502", "county_name": "Morris", "need_score": 9.2, "uninsured_pct": 4.84, "under_200_fpl_pct": 11.57, "total_pop": 4373 }, "geometry": { "type": "Polygon", "coordinates": [ [ [ -74.55158, 40.89622 ], [ -74.54753, 40.89762 ], [ -74.54587, 40.90093 ], [ -74.54581, 40.90254 ], [ -74.54102, 40.90235 ], [ -74.53752, 40.90146 ], [ -74.5332, 40.90192 ], [ -74.52684, 40.90076 ], [ -74.5247, 40.90113 ], [ -74.53641, 40.89071 ], [ -74.52982, 40.88644 ], [ -74.52275, 40.88345 ], [ -74.5212, 40.88366 ], [ -74.52536, 40.87883 ], [ -74.52505, 40.88044 ], [ -74.53128, 40.87955 ], [ -74.53548, 40.88204 ], [ -74.54016, 40.88378 ], [ -74.53822, 40.88769 ], [ -74.553, 40.89436 ], [ -74.55158, 40.89622 ] ] ] } },
{ "type": "Feature", "properties": { "GEOID": "34027045300", "county_name": "Morris", "need_score": 11.3, "uninsured_pct": 7.3, "under_200_fpl_pct": 11.71, "total_pop": 4436 }, "geometry": { "type": "Polygon", "coordinates": [ [ [ -74.66408, 40.89162 ], [ -74.66032, 40.89229 ], [ -74.65224, 40.89178 ], [ -74.63903, 40.89482 ], [ -74.63664, 40.89398 ], [ -74.63347, 40.89465 ], [ -74.63389, 40.89613 ], [ -74.6299, 40.89727 ], [ -74.62993, 40.89836 ], [ -74.63242, 40.89802 ], [ -74.63339, 40.90139 ], [ -74.63586, 40.90378 ], [ -74.63481, 40.90441 ], [ -74.63597, 40.90784 ], [ -74.63757, 40.90901 ], [ -74.63773, 40.91016 ], [ -74.63615, 40.91168 ], [ -74.63595, 40.9133 ], [ -74.6343, 40.91356 ], [ -74.63462, 40.91525 ], [ -74.63708, 40.91638 ], [ -74.6322, 40.92359 ], [ -74.6338, 40.92498 ], [ -74.62776, 40.92972 ], [ -74.61994, 40.93125 ], [ -74.62228, 40.93954 ], [ -74.60546, 40.91697 ], [ -74.59798, 40.90466 ], [ -74.59486, 40.90241 ], [ -74.61697, 40.87519 ], [ -74.62033, 40.87248 ], [ -74.62035, 40.86991 ], [ -74.62364, 40.86683 ], [ -74.6236, 40.86588 ], [ -74.62787, 40.86146 ], [ -74.63302, 40.86299 ], [ -74.6471, 40.87341 ], [ -74.64971, 40.87572 ], [ -74.65125, 40.87948 ], [ -74.65625, 40.88286 ], [ -74.66367, 40.88934 ], [ -74.66408, 40.89162 ] ] ] } },
{ "type": "Feature", "properties": { "GEOID": "34027045703", "county_name": "Morris", "need_score": 10.8, "uninsured_pct": 6.68, "under_200_fpl_pct": 12.08, "total_pop": 4342 }, "geometry": { "type": "Polygon", "coordinates": [ [ [ -74.58208, 40.8291 ], [ -74.5748, 40.82999 ], [ -74.57354, 40.82655 ], [ -74.56884, 40.82624 ], [ -74.56767, 40.82738 ], [ -74.55628, 40.83112 ], [ -74.553, 40.8315 ], [ -74.54802, 40.83008 ], [ -74.54172, 40.83047 ], [ -74.53403, 40.83312 ], [ -74.53613, 40.8222 ], [ -74.57784, 40.81447 ], [ -74.58067, 40.81699 ], [ -74.58029, 40.82096 ], [ -74.58114, 40.82278 ], [ -74.58095, 40.8261 ], [ -74.58308, 40.82764 ], [ -74.58208, 40.8291 ] ] ] } },
{ "type": "Feature", "properties": { "GEOID": "34013023200", "county_name": "Essex", "need_score": 28.3, "uninsured_pct": 13.84, "under_200_fpl_pct": 64.04, "total_pop": 3410 }, "geometry": { "type": "Polygon", "coordinates": [ [ [ -74.19864, 40.72516 ], [ -74.18708, 40.72331 ], [ -74.19069, 40.72238 ], [ -74.19273, 40.71741 ], [ -74.19158, 40.71714 ], [ -74.19347, 40.71311 ], [ -74.19434, 40.71242 ], [ -74.19667, 40.71407 ], [ -74.19361, 40.72163 ], [ -74.19705, 40.72075 ], [ -74.2002, 40.72145 ], [ -74.19864, 40.72516 ] ] ] } },
{ "type": "Feature", "properties": { "GEOID": "34023007911", "county_name": "Middlesex", "need_score": 8.3, "uninsured_pct": 10.33, "under_200_fpl_pct": 13.17, "total_pop": 4075 }, "geometry": { "type": "Polygon", "coordinates": [ [ [ -74.29427, 40.37659 ], [ -74.29068, 40.3766 ], [ -74.2871, 40.37848 ], [ -74.28966, 40.38147 ], [ -74.28186, 40.38472 ], [ -74.28109, 40.39367 ], [ -74.28441, 40.3935 ], [ -74.28474, 40.39659 ], [ -74.28605, 40.39985 ], [ -74.28755, 40.40199 ], [ -74.29039, 40.40421 ], [ -74.25931, 40.40986 ], [ -74.2479, 40.40723 ], [ -74.24789, 40.4066 ], [ -74.29088, 40.37298 ], [ -74.29489, 40.37358 ], [ -74.29427, 40.37659 ] ] ] } },
{ "type": "Feature", "properties": { "GEOID": "34023008606", "county_name": "Middlesex", "need_score": 8.9, "uninsured_pct": 1.38, "under_200_fpl_pct": 15.51, "total_pop": 4339 }, "geometry": { "type": "Polygon", "coordinates": [ [ [ -74.57171, 40.33074 ], [ -74.5719, 40.33645 ], [ -74.5576, 40.33673 ], [ -74.55871, 40.3265 ], [ -74.56425, 40.32713 ], [ -74.56368, 40.3302 ], [ -74.56447, 40.33093 ], [ -74.56726, 40.33156 ], [ -74.57242, 40.32877 ], [ -74.57171, 40.33074 ] ] ] } },
{ "type": "Feature", "properties": { "GEOID": "34023009200", "county_name": "Middlesex", "need_score": 9.8, "uninsured_pct": 7.63, "under_200_fpl_pct": 9.45, "total_pop": 4677 }, "geometry": { "type": "Polygon", "coordinates": [ [ [ -74.35609, 40.48101 ], [ -74.35379, 40.4828 ], [ -74.33889, 40.48251 ], [ -74.33389, 40.4845 ], [ -74.32529, 40.48971 ], [ -74.32209, 40.4937 ], [ -74.31829, 40.50061 ], [ -74.31419, 40.5038 ], [ -74.30649, 40.50751 ], [ -74.30097, 40.50898 ], [ -74.29667, 40.50931 ], [ -74.2917, 40.50783 ], [ -74.28914, 40.50558 ], [ -74.28836, 40.50319 ], [ -74.28898, 40.4994 ], [ -74.28779, 40.4984 ], [ -74.29129, 40.49645 ], [ -74.29789, 40.4816 ], [ -74.29229, 40.47596 ], [ -74.29612, 40.47115 ], [ -74.29981, 40.47656 ], [ -74.31159, 40.47825 ], [ -74.32586, 40.47292 ], [ -74.33235, 40.47305 ], [ -74.34415, 40.47137 ], [ -74.35476, 40.47108 ], [ -74.35599, 40.47581 ], [ -74.35609, 40.48101 ] ] ] } },
{ "type": "Feature", "properties": { "GEOID": "34023001505", "county_name": "Middlesex", "need_score": 8.0, "uninsured_pct": 2.55, "under_200_fpl_pct": 9.29, "total_pop": 2121 }, "geometry": { "type": "Polygon", "coordinates": [ [ [ -74.4118, 40.53549 ], [ -74.40674, 40.53673 ], [ -74.39767, 40.54042 ], [ -74.39387, 40.53248 ], [ -74.39232, 40.53064 ], [ -74.40219, 40.52457 ], [ -74.41022, 40.5308 ], [ -74.41335, 40.5314 ], [ -74.4118, 40.53549 ] ] ] } },
{ "type": "Feature", "properties": { "GEOID": "34023006002", "county_name": "Middlesex", "need_score": 21.6, "uninsured_pct": 8.62, "under_200_fpl_pct": 43.7, "total_pop": 5907 }, "geometry": { "type": "Polygon", "coordinates": [ [ [ -74.44379, 40.48121 ], [ -74.44223, 40.48026 ], [ -74.43868, 40.48363 ], [ -74.44025, 40.4846 ], [ -74.438, 40.48769 ], [ -74.4389, 40.4882 ], [ -74.43719, 40.48969 ], [ -74.43528, 40.48809 ], [ -74.433, 40.48744 ], [ -74.43206, 40.48917 ], [ -74.42838, 40.48805 ], [ -74.42388, 40.48815 ], [ -74.42093, 40.48891 ], [ -74.41918, 40.49076 ], [ -74.41484, 40.49316 ], [ -74.41306, 40.49344 ], [ -74.41416, 40.48862 ], [ -74.42377, 40.47794 ], [ -74.44147, 40.47662 ], [ -74.43974, 40.47836 ], [ -74.4422, 40.47779 ], [ -74.4452, 40.47997 ], [ -74.44379, 40.48121 ] ] ] } },
{ "type": "Feature", "properties": { "GEOID": "34035053402", "county_name": "Somerset", "need_score": 7.1, "uninsured_pct": 3.44, "under_200_fpl_pct": 8.34, "total_pop": 6682 }, "geometry": { "type": "Polygon", "coordinates": [ [ [ -74.63718, 40.41026 ], [ -74.63442, 40.41453 ], [ -74.63339, 40.41479 ], [ -74.6321, 40.41756 ], [ -74.63267, 40.42038 ], [ -74.63169, 40.42106 ], [ -74.62772, 40.41958 ], [ -74.62602, 40.42269 ], [ -74.62445, 40.42397 ], [ -74.62314, 40.4284 ], [ -74.62022, 40.43092 ], [ -74.61707, 40.43163 ], [ -74.61533, 40.43527 ], [ -74.61542, 40.437 ], [ -74.61916, 40.43666 ], [ -74.61859, 40.43833 ], [ -74.61387, 40.44404 ], [ -74.60786, 40.4472 ], [ -74.60172, 40.4489 ], [ -74.59606, 40.45343 ], [ -74.59358, 40.45673 ], [ -74.5917, 40.45794 ], [ -74.58808, 40.45763 ], [ -74.58289, 40.46084 ], [ -74.58209, 40.4608 ], [ -74.57587, 40.45757 ], [ -74.57599, 40.45609 ], [ -74.55745, 40.44823 ], [ -74.55956, 40.44507 ], [ -74.55977, 40.44377 ], [ -74.55803, 40.4375 ], [ -74.5587, 40.43572 ], [ -74.55719, 40.43439 ], [ -74.55569, 40.42974 ], [ -74.57616, 40.4223 ], [ -74.58417, 40.41869 ], [ -74.58562, 40.41748 ], [ -74.58598, 40.41561 ], [ -74.58529, 40.41013 ], [ -74.58624, 40.40649 ], [ -74.58579, 40.4034 ], [ -74.58767, 40.39818 ], [ -74.58786, 40.39414 ], [ -74.58876, 40.39314 ], [ -74.59184, 40.39203 ], [ -74.59584, 40.38573 ], [ -74.60257, 40.38072 ], [ -74.61298, 40.37576 ], [ -74.62024, 40.37375 ], [ -74.61748, 40.3776 ], [ -74.61837, 40.38022 ], [ -74.62311, 40.38494 ], [ -74.62412, 40.38665 ], [ -74.62427, 40.38871 ], [ -74.62575, 40.38929 ], [ -74.62635, 40.39392 ], [ -74.62792, 40.39838 ], [ -74.63004, 40.40067 ], [ -74.63123, 40.40026 ], [ -74.63383, 40.40172 ], [ -74.63632, 40.40627 ], [ -74.63718, 40.41026 ] ] ] } },
{ "type": "Feature", "properties": { "GEOID": "34035053707", "county_name": "Somerset", "need_score": 5.7, "uninsured_pct": 1.78, "under_200_fpl_pct": 2.72, "total_pop": 4180 }, "geometry": { "type": "Polygon", "coordinates": [ [ [ -74.72933, 40.51699 ], [ -74.72686, 40.52066 ], [ -74.72444, 40.52004 ], [ -74.72126, 40.518 ], [ -74.71573, 40.51734 ], [ -74.7125, 40.51743 ], [ -74.70539, 40.52002 ], [ -74.70421, 40.52099 ], [ -74.70357, 40.52475 ], [ -74.70698, 40.52712 ], [ -74.70768, 40.53063 ], [ -74.70533, 40.53162 ], [ -74.70532, 40.53257 ], [ -74.70605, 40.53386 ], [ -74.70958, 40.53584 ], [ -74.70932, 40.5374 ], [ -74.70275, 40.53974 ], [ -74.69827, 40.54231 ], [ -74.69834, 40.54337 ], [ -74.69617, 40.54671 ], [ -74.68741, 40.55535 ], [ -74.68639, 40.55519 ], [ -74.68033, 40.54947 ], [ -74.67731, 40.54771 ], [ -74.67407, 40.54787 ], [ -74.66815, 40.54965 ], [ -74.66193, 40.55052 ], [ -74.66756, 40.54921 ], [ -74.66938, 40.54405 ], [ -74.67286, 40.50478 ], [ -74.68354, 40.50904 ], [ -74.69204, 40.50349 ], [ -74.7166, 40.51252 ], [ -74.72658, 40.50892 ], [ -74.72907, 40.51383 ], [ -74.72933, 40.51699 ] ] ] } },
{ "type": "Feature", "properties": { "GEOID": "34035053904", "county_name": "Somerset", "need_score": 4.5, "uninsured_pct": 0.88, "under_200_fpl_pct": 1.49, "total_pop": 3503 }, "geometry": { "type": "Polygon", "coordinates": [ [ [ -74.66363, 40.44407 ], [ -74.65828, 40.45925 ], [ -74.64214, 40.45266 ], [ -74.64361, 40.45042 ], [ -74.64276, 40.44965 ], [ -74.61913, 40.43769 ], [ -74.61874, 40.43858 ], [ -74.61795, 40.43912 ], [ -74.61916, 40.43666 ], [ -74.61581, 40.43722 ], [ -74.61533, 40.43527 ], [ -74.61707, 40.43163 ], [ -74.62022, 40.43092 ], [ -74.62314, 40.4284 ], [ -74.62445, 40.42397 ], [ -74.62602, 40.42269 ], [ -74.62772, 40.41958 ], [ -74.63389, 40.42204 ], [ -74.63906, 40.4199 ], [ -74.64058, 40.41728 ], [ -74.64305, 40.41542 ], [ -74.64752, 40.41569 ], [ -74.6503, 40.41449 ], [ -74.65493, 40.41993 ], [ -74.66363, 40.44407 ] ] ] } },
{ "type": "Feature", "properties": { "GEOID": "34035054100", "county_name": "Somerset", "need_score": 6.9, "uninsured_pct": 2.38, "under_200_fpl_pct": 6.61, "total_pop": 8269 }, "geometry": { "type": "Polygon", "coordinates": [ [ [ -74.57973, 40.66953 ], [ -74.5747, 40.67096 ], [ -74.57717, 40.67874 ], [ -74.57551, 40.68549 ], [ -74.57834, 40.69255 ], [ -74.57263, 40.6976 ], [ -74.57084, 40.70092 ], [ -74.5713, 40.69997 ], [ -74.56929, 40.69471 ], [ -74.56715, 40.69301 ], [ -74.56724, 40.69246 ], [ -74.5656, 40.69316 ], [ -74.55131, 40.69407 ], [ -74.5512, 40.68698 ], [ -74.54979, 40.68514 ], [ -74.54733, 40.68569 ], [ -74.54573, 40.68187 ], [ -74.54086, 40.67618 ], [ -74.54043, 40.67369 ], [ -74.54092, 40.66768 ], [ -74.54024, 40.66617 ], [ -74.54662, 40.66554 ], [ -74.55075, 40.66366 ], [ -74.54615, 40.65147 ], [ -74.54866, 40.65145 ], [ -74.5503, 40.65021 ], [ -74.55477, 40.64975 ], [ -74.5569, 40.65046 ], [ -74.55975, 40.64868 ], [ -74.56205, 40.64816 ], [ -74.56608, 40.64847 ], [ -74.56927, 40.64998 ], [ -74.56899, 40.65277 ], [ -74.56994, 40.65499 ], [ -74.57443, 40.656 ], [ -74.57617, 40.65441 ], [ -74.57789, 40.66044 ], [ -74.57765, 40.66497 ], [ -74.58025, 40.66855 ], [ -74.57973, 40.66953 ] ] ] } },
{ "type": "Feature", "properties": { "GEOID": "34035054201", "county_name": "Somerset", "need_score": 10.0, "uninsured_pct": 1.14, "under_200_fpl_pct": 8.49, "total_pop": 7096 }, "geometry": { "type": "Polygon", "coordinates": [ [ [ -74.73499, 40.39905 ], [ -74.72871, 40.4027 ], [ -74.71929, 40.4042 ], [ -74.71081, 40.40637 ], [ -74.69424, 40.40865 ], [ -74.68946, 40.40874 ], [ -74.67928, 40.40552 ], [ -74.67558, 40.40666 ], [ -74.66978, 40.4069 ], [ -74.64956, 40.40306 ], [ -74.6498, 40.41332 ], [ -74.6503, 40.41449 ], [ -74.64752, 40.41569 ], [ -74.64305, 40.41542 ], [ -74.64058, 40.41728 ], [ -74.63906, 40.4199 ], [ -74.63389, 40.42204 ], [ -74.63169, 40.42106 ], [ -74.63278, 40.41968 ], [ -74.6321, 40.41756 ], [ -74.63339, 40.41479 ], [ -74.63442, 40.41453 ], [ -74.63718, 40.41026 ], [ -74.63632, 40.40627 ], [ -74.63973, 40.40698 ], [ -74.64624, 40.40568 ], [ -74.64974, 40.39536 ], [ -74.64527, 40.39434 ], [ -74.64283, 40.39435 ], [ -74.64152, 40.39513 ], [ -74.63887, 40.39388 ], [ -74.62914, 40.39921 ], [ -74.62792, 40.39838 ], [ -74.62635, 40.39392 ], [ -74.62575, 40.38929 ], [ -74.62427, 40.38871 ], [ -74.62412, 40.38665 ], [ -74.62268, 40.38434 ], [ -74.65415, 40.39098 ], [ -74.67142, 40.38577 ], [ -74.67374, 40.38447 ], [ -74.70786, 40.37936 ], [ -74.71816, 40.37678 ], [ -74.72206, 40.37521 ], [ -74.73499, 40.39905 ] ] ] } },
{ "type": "Feature", "properties": { "GEOID": "34037371502", "county_name": "Sussex", "need_score": 8.4, "uninsured_pct": 6.18, "under_200_fpl_pct": 9.5, "total_pop": 4758 }, "geometry": { "type": "Polygon", "coordinates": [ [ [ -74.50532, 41.12382 ], [ -74.50422, 41.12605 ], [ -74.50035, 41.13007 ], [ -74.4982, 41.13356 ], [ -74.49752, 41.13616 ], [ -74.49755, 41.14185 ], [ -74.49652, 41.14668 ], [ -74.4936, 41.15462 ], [ -74.49277, 41.16296 ], [ -74.48895, 41.18085 ], [ -74.48711, 41.1878 ], [ -74.48517, 41.19053 ], [ -74.47906, 41.18678 ], [ -74.47854, 41.18586 ], [ -74.47536, 41.18507 ], [ -74.47285, 41.18346 ], [ -74.46914, 41.18561 ], [ -74.46909, 41.18469 ], [ -74.46572, 41.18689 ], [ -74.4646, 41.18494 ], [ -74.46094, 41.18655 ], [ -74.45962, 41.1856 ], [ -74.46207, 41.18451 ], [ -74.46367, 41.18141 ], [ -74.46366, 41.17936 ], [ -74.46232, 41.18098 ], [ -74.46029, 41.18114 ], [ -74.45966, 41.17911 ], [ -74.45653, 41.18046 ], [ -74.45558, 41.17918 ], [ -74.4529, 41.17855 ], [ -74.45182, 41.17876 ], [ -74.45018, 41.18124 ], [ -74.45088, 41.18183 ], [ -74.44515, 41.18256 ], [ -74.44083, 41.18436 ], [ -74.43685, 41.18755 ], [ -74.42962, 41.19019 ], [ -74.42725, 41.18816 ], [ -74.42363, 41.18807 ], [ -74.42212, 41.18662 ], [ -74.42195, 41.18492 ], [ -74.41767, 41.18419 ], [ -74.41493, 41.1811 ], [ -74.41464, 41.17954 ], [ -74.41128, 41.17734 ], [ -74.40732, 41.17636 ], [ -74.40547, 41.17717 ], [ -74.4018, 41.17626 ], [ -74.42126, 41.16053 ], [ -74.48314, 41.10439 ], [ -74.50532, 41.12382 ] ] ] } },
{ "type": "Feature", "properties": { "GEOID": "34035052400", "county_name": "Somerset", "need_score": 9.2, "uninsured_pct": 1.33, "under_200_fpl_pct": 10.62, "total_pop": 5790 }, "geometry": { "type": "Polygon", "coordinates": [ [ [ -74.5713, 40.69997 ], [ -74.56937, 40.70297 ], [ -74.5683, 40.70645 ], [ -74.55608, 40.71793 ], [ -74.55334, 40.71907 ], [ -74.55535, 40.72152 ], [ -74.55303, 40.72259 ], [ -74.56377, 40.72907 ], [ -74.56301, 40.73029 ], [ -74.55655, 40.73478 ], [ -74.55805, 40.73604 ], [ -74.55164, 40.74041 ], [ -74.5511, 40.74159 ], [ -74.549, 40.74094 ], [ -74.54768, 40.73699 ], [ -74.54884, 40.73372 ], [ -74.5434, 40.73448 ], [ -74.53996, 40.73379 ], [ -74.53447, 40.73031 ], [ -74.53089, 40.72985 ], [ -74.53076, 40.72772 ], [ -74.52977, 40.72651 ], [ -74.5315, 40.72127 ], [ -74.53123, 40.71968 ], [ -74.52881, 40.71912 ], [ -74.52876, 40.71764 ], [ -74.52607, 40.71579 ], [ -74.52412, 40.71564 ], [ -74.52419, 40.71337 ], [ -74.52681, 40.71093 ], [ -74.52598, 40.70933 ], [ -74.52363, 40.70843 ], [ -74.52202, 40.70868 ], [ -74.51871, 40.7063 ], [ -74.51387, 40.70106 ], [ -74.51372, 40.69775 ], [ -74.51487, 40.69484 ], [ -74.51425, 40.69452 ], [ -74.53984, 40.69356 ], [ -74.5359, 40.68748 ], [ -74.54979, 40.68514 ], [ -74.55157, 40.68854 ], [ -74.55131, 40.69407 ], [ -74.5656, 40.69316 ], [ -74.56724, 40.69246 ], [ -74.56715, 40.69301 ], [ -74.56929, 40.69471 ], [ -74.5713, 40.69997 ] ] ] } },
{ "type": "Feature", "properties": { "GEOID": "34035050902", "county_name": "Somerset", "need_score": 7.9, "uninsured_pct": 0.94, "under_200_fpl_pct": 7.44, "total_pop": 3518 }, "geometry": { "type": "Polygon", "coordinates": [ [ [ -74.60897, 40.60604 ], [ -74.60662, 40.60553 ], [ -74.60338, 40.60605 ], [ -74.59003, 40.59434 ], [ -74.58692, 40.59306 ], [ -74.58486, 40.59073 ], [ -74.57957, 40.58919 ], [ -74.56541, 40.59114 ], [ -74.56345, 40.58883 ], [ -74.56254, 40.59247 ], [ -74.55799, 40.59191 ], [ -74.55168, 40.58798 ], [ -74.54472, 40.58722 ], [ -74.54605, 40.59181 ], [ -74.53717, 40.59334 ], [ -74.53168, 40.59532 ], [ -74.51569, 40.58612 ], [ -74.51215, 40.58208 ], [ -74.51635, 40.58075 ], [ -74.51544, 40.57938 ], [ -74.52071, 40.57425 ], [ -74.5227, 40.57338 ], [ -74.52193, 40.57255 ], [ -74.52392, 40.56967 ], [ -74.52906, 40.57066 ], [ -74.5247, 40.58184 ], [ -74.53636, 40.57927 ], [ -74.53676, 40.57761 ], [ -74.55297, 40.57509 ], [ -74.55815, 40.575 ], [ -74.57615, 40.5773 ], [ -74.57701, 40.57687 ], [ -74.60431, 40.58024 ], [ -74.605, 40.5783 ], [ -74.60633, 40.57844 ], [ -74.60613, 40.58174 ], [ -74.60816, 40.58354 ], [ -74.60926, 40.59363 ], [ -74.60889, 40.60216 ], [ -74.61151, 40.6039 ], [ -74.60897, 40.60604 ] ] ] } },
{ "type": "Feature", "properties": { "GEOID": "34035053300", "county_name": "Somerset", "need_score": 20.8, "uninsured_pct": 21.45, "under_200_fpl_pct": 31.75, "total_pop": 6353 }, "geometry": { "type": "Polygon", "coordinates": [ [ [ -74.51055, 40.48655 ], [ -74.50799, 40.48897 ], [ -74.49617, 40.48659 ], [ -74.49004, 40.48621 ], [ -74.48293, 40.48769 ], [ -74.46079, 40.49599 ], [ -74.45904, 40.49607 ], [ -74.45986, 40.49105 ], [ -74.46821, 40.48685 ], [ -74.4785, 40.48392 ], [ -74.48431, 40.48017 ], [ -74.50775, 40.48559 ], [ -74.51055, 40.48655 ] ] ] } },
{ "type": "Feature", "properties": { "GEOID": "34035053704", "county_name": "Somerset", "need_score": 5.4, "uninsured_pct": 3.88, "under_200_fpl_pct": 1.79, "total_pop": 3121 }, "geometry": { "type": "Polygon", "coordinates": [ [ [ -74.68692, 40.5036 ], [ -74.68376, 40.50496 ], [ -74.67912, 40.50485 ], [ -74.66503, 40.49927 ], [ -74.66735, 40.49395 ], [ -74.6594, 40.49364 ], [ -74.65587, 40.4922 ], [ -74.65358, 40.4938 ], [ -74.65156, 40.4939 ], [ -74.64829, 40.4965 ], [ -74.64739, 40.49655 ], [ -74.65429, 40.48044 ], [ -74.6657, 40.4821 ], [ -74.67077, 40.48381 ], [ -74.6749, 40.4842 ], [ -74.6828, 40.4871 ], [ -74.6837, 40.4881 ], [ -74.68692, 40.5036 ] ] ] } },
{ "type": "Feature", "properties": { "GEOID": "34035051600", "county_name": "Somerset", "need_score": 15.4, "uninsured_pct": 9.81, "under_200_fpl_pct": 16.9, "total_pop": 3119 }, "geometry": { "type": "Polygon", "coordinates": [ [ [ -74.60518, 40.54217 ], [ -74.60063, 40.54302 ], [ -74.60062, 40.55194 ], [ -74.60258, 40.55221 ], [ -74.60249, 40.55459 ], [ -74.60103, 40.55483 ], [ -74.59862, 40.55767 ], [ -74.5968, 40.55668 ], [ -74.59358, 40.55112 ], [ -74.58642, 40.55069 ], [ -74.5848, 40.55555 ], [ -74.57245, 40.55195 ], [ -74.5689, 40.54973 ], [ -74.60472, 40.53938 ], [ -74.60518, 40.54217 ] ] ] } },
{ "type": "Feature", "properties": { "GEOID": "34035052300", "county_name": "Somerset", "need_score": 9.3, "uninsured_pct": 1.07, "under_200_fpl_pct": 5.72, "total_pop": 6429 }, "geometry": { "type": "Polygon", "coordinates": [ [ [ -74.48232, 40.62118 ], [ -74.44839, 40.65363 ], [ -74.44869, 40.65523 ], [ -74.44308, 40.65765 ], [ -74.43592, 40.66346 ], [ -74.42976, 40.66497 ], [ -74.42802, 40.66318 ], [ -74.42547, 40.66215 ], [ -74.42239, 40.65892 ], [ -74.41978, 40.65772 ], [ -74.41706, 40.66009 ], [ -74.41672, 40.66125 ], [ -74.41302, 40.66213 ], [ -74.40949, 40.66559 ], [ -74.405, 40.66773 ], [ -74.40175, 40.66428 ], [ -74.40275, 40.66143 ], [ -74.40274, 40.65643 ], [ -74.4036, 40.65516 ], [ -74.4037, 40.65358 ], [ -74.40469, 40.65326 ], [ -74.40674, 40.64932 ], [ -74.4065, 40.64732 ], [ -74.40853, 40.64435 ], [ -74.40819, 40.64309 ], [ -74.41204, 40.64238 ], [ -74.4138, 40.64101 ], [ -74.41448, 40.64138 ], [ -74.44168, 40.62938 ], [ -74.44655, 40.63382 ], [ -74.45161, 40.62875 ], [ -74.45053, 40.628 ], [ -74.45904, 40.61988 ], [ -74.47947, 40.61748 ], [ -74.48232, 40.62118 ] ] ] } },
{ "type": "Feature", "properties": { "GEOID": "34023009101", "county_name": "Middlesex", "need_score": 8.2, "uninsured_pct": 2.98, "under_200_fpl_pct": 13.19, "total_pop": 2570 }, "geometry": { "type": "Polygon", "coordinates": [ [ [ -74.25398, 40.56883 ], [ -74.24439, 40.57937 ], [ -74.22885, 40.57096 ], [ -74.22957, 40.57084 ], [ -74.22864, 40.56728 ], [ -74.22788, 40.56705 ], [ -74.22932, 40.56533 ], [ -74.2273, 40.56356 ], [ -74.22808, 40.56139 ], [ -74.23182, 40.56231 ], [ -74.23471, 40.56042 ], [ -74.23516, 40.56081 ], [ -74.23445, 40.56178 ], [ -74.24204, 40.56524 ], [ -74.24828, 40.56761 ], [ -74.25398, 40.56883 ] ] ] } },
{ "type": "Feature", "properties": { "GEOID": "34023980200", "county_name": "Middlesex", "need_score": 28.9, "uninsured_pct": 2.6, "under_200_fpl_pct": 26.89, "total_pop": 5751 }, "geometry": { "type": "Polygon", "coordinates": [ [ [ -74.47206, 40.52341 ], [ -74.47082, 40.52686 ], [ -74.47099, 40.52867 ], [ -74.46727, 40.52961 ], [ -74.46496, 40.5284 ], [ -74.45987, 40.52835 ], [ -74.45328, 40.52635 ], [ -74.45094, 40.52417 ], [ -74.45069, 40.52143 ], [ -74.45331, 40.51799 ], [ -74.45727, 40.51536 ], [ -74.45899, 40.51203 ], [ -74.4655, 40.51195 ], [ -74.47029, 40.51284 ], [ -74.46776, 40.51445 ], [ -74.46552, 40.51768 ], [ -74.46225, 40.51663 ], [ -74.46172, 40.51899 ], [ -74.46321, 40.52162 ], [ -74.46604, 40.52278 ], [ -74.46929, 40.52295 ], [ -74.47405, 40.52059 ], [ -74.47206, 40.52341 ] ] ] } },
{ "type": "Feature", "properties": { "GEOID": "34027045903", "county_name": "Morris", "need_score": 6.4, "uninsured_pct": 1.6, "under_200_fpl_pct": 6.62, "total_pop": 3264 }, "geometry": { "type": "Polygon", "coordinates": [ [ [ -74.74062, 40.76454 ], [ -74.73272, 40.78319 ], [ -74.72901, 40.78266 ], [ -74.72412, 40.77999 ], [ -74.71886, 40.77849 ], [ -74.70937, 40.7805 ], [ -74.69934, 40.77738 ], [ -74.67767, 40.78589 ], [ -74.67413, 40.78457 ], [ -74.66933, 40.7811 ], [ -74.66785, 40.77877 ], [ -74.66192, 40.77353 ], [ -74.65504, 40.7729 ], [ -74.64092, 40.7739 ], [ -74.63691, 40.77357 ], [ -74.65322, 40.75904 ], [ -74.65674, 40.75673 ], [ -74.65865, 40.75399 ], [ -74.65988, 40.75139 ], [ -74.65913, 40.75098 ], [ -74.65726, 40.73521 ], [ -74.72567, 40.71953 ], [ -74.72959, 40.72179 ], [ -74.7277, 40.72406 ], [ -74.72906, 40.7246 ], [ -74.731, 40.72949 ], [ -74.7307, 40.73099 ], [ -74.72871, 40.73366 ], [ -74.72923, 40.73414 ], [ -74.72785, 40.73616 ], [ -74.72776, 40.73749 ], [ -74.73098, 40.73953 ], [ -74.73103, 40.74462 ], [ -74.72945, 40.74579 ], [ -74.72598, 40.74678 ], [ -74.72544, 40.74789 ], [ -74.73121, 40.75113 ], [ -74.732, 40.75382 ], [ -74.73174, 40.75767 ], [ -74.73456, 40.75901 ], [ -74.73596, 40.76128 ], [ -74.73815, 40.76248 ], [ -74.73978, 40.76461 ], [ -74.74062, 40.76454 ] ] ] } },
{ "type": "Feature", "properties": { "GEOID": "34027045404", "county_name": "Morris", "need_score": 11.7, "uninsured_pct": 0.43, "under_200_fpl_pct": 24.54, "total_pop": 2543 }, "geometry": { "type": "Polygon", "coordinates": [ [ [ -74.65386, 40.92632 ], [ -74.65354, 40.92904 ], [ -74.65156, 40.93089 ], [ -74.64158, 40.93365 ], [ -74.63644, 40.94264 ], [ -74.62423, 40.94268 ], [ -74.62229, 40.93956 ], [ -74.61994, 40.93125 ], [ -74.62776, 40.92972 ], [ -74.6338, 40.92498 ], [ -74.6322, 40.92359 ], [ -74.63669, 40.917 ], [ -74.64323, 40.91972 ], [ -74.64395, 40.92146 ], [ -74.64598, 40.92138 ], [ -74.65386, 40.92632 ] ] ] } },
{ "type": "Feature", "properties": { "GEOID": "34027046108", "county_name": "Morris", "need_score": 10.9, "uninsured_pct": 5.06, "under_200_fpl_pct": 22.02, "total_pop": 3974 }, "geometry": { "type": "Polygon", "coordinates": [ [ [ -74.75211, 40.88565 ], [ -74.75073, 40.88793 ], [ -74.74689, 40.89079 ], [ -74.74033, 40.89174 ], [ -74.73247, 40.89446 ], [ -74.72972, 40.89662 ], [ -74.72731, 40.90044 ], [ -74.72589, 40.90086 ], [ -74.72728, 40.89555 ], [ -74.72585, 40.89325 ], [ -74.72069, 40.89239 ], [ -74.72043, 40.89039 ], [ -74.73099, 40.88271 ], [ -74.73409, 40.8715 ], [ -74.73584, 40.86996 ], [ -74.74022, 40.86792 ], [ -74.73731, 40.87412 ], [ -74.73754, 40.87547 ], [ -74.73969, 40.87817 ], [ -74.74484, 40.8814 ], [ -74.74455, 40.88373 ], [ -74.74733, 40.88622 ], [ -74.75211, 40.88565 ] ] ] } },
{ "type": "Feature", "properties": { "GEOID": "34027042601", "county_name": "Morris", "need_score": 5.3, "uninsured_pct": 0.54, "under_200_fpl_pct": 5.24, "total_pop": 3393 }, "geometry": { "type": "Polygon", "coordinates": [ [ [ -74.43424, 40.79114 ], [ -74.39366, 40.79375 ], [ -74.39856, 40.79116 ], [ -74.39789, 40.79016 ], [ -74.39189, 40.7866 ], [ -74.39638, 40.78443 ], [ -74.3991, 40.78078 ], [ -74.40074, 40.77376 ], [ -74.40026, 40.77 ], [ -74.4054, 40.77069 ], [ -74.40482, 40.77114 ], [ -74.40533, 40.77283 ], [ -74.4107, 40.77701 ], [ -74.41005, 40.77408 ], [ -74.41266, 40.77387 ], [ -74.41193, 40.77353 ], [ -74.41243, 40.77162 ], [ -74.41942, 40.77255 ], [ -74.42481, 40.77207 ], [ -74.42614, 40.77345 ], [ -74.4295, 40.77136 ], [ -74.44073, 40.77743 ], [ -74.43424, 40.79114 ] ] ] } },
{ "type": "Feature", "properties": { "GEOID": "34027046107", "county_name": "Morris", "need_score": 14.6, "uninsured_pct": 9.32, "under_200_fpl_pct": 25.58, "total_pop": 3776 }, "geometry": { "type": "Polygon", "coordinates": [ [ [ -74.76223, 40.86751 ], [ -74.75724, 40.87481 ], [ -74.75659, 40.87725 ], [ -74.75396, 40.88024 ], [ -74.7542, 40.88283 ], [ -74.75328, 40.88419 ], [ -74.7517, 40.88534 ], [ -74.74733, 40.88622 ], [ -74.74455, 40.88373 ], [ -74.74484, 40.8814 ], [ -74.73969, 40.87817 ], [ -74.73754, 40.87547 ], [ -74.73731, 40.87412 ], [ -74.74022, 40.86792 ], [ -74.73584, 40.86996 ], [ -74.73409, 40.8715 ], [ -74.73489, 40.86617 ], [ -74.73603, 40.86551 ], [ -74.73569, 40.863 ], [ -74.73896, 40.85964 ], [ -74.7364, 40.85732 ], [ -74.73449, 40.85396 ], [ -74.75865, 40.85904 ], [ -74.76492, 40.86492 ], [ -74.76223, 40.86751 ] ] ] } },
{ "type": "Feature", "properties": { "GEOID": "34019010600", "county_name": "Hunterdon", "need_score": 9.6, "uninsured_pct": 1.05, "under_200_fpl_pct": 9.68, "total_pop": 6121 }, "geometry": { "type": "Polygon", "coordinates": [ [ [ -75.10433, 40.57808 ], [ -75.08695, 40.57767 ], [ -75.07865, 40.56858 ], [ -75.08358, 40.55959 ], [ -75.08278, 40.55886 ], [ -75.07999, 40.55914 ], [ -75.07669, 40.55713 ], [ -75.0727, 40.55778 ], [ -75.07055, 40.55933 ], [ -75.06387, 40.56126 ], [ -75.06164, 40.56115 ], [ -75.0629, 40.56451 ], [ -75.06216, 40.56781 ], [ -75.055, 40.57914 ], [ -75.05251, 40.58058 ], [ -75.05885, 40.59126 ], [ -75.06847, 40.59567 ], [ -75.07324, 40.60258 ], [ -75.07701, 40.60668 ], [ -75.07773, 40.60945 ], [ -75.07718, 40.61164 ], [ -75.07544, 40.61265 ], [ -75.07628, 40.61801 ], [ -75.07821, 40.61968 ], [ -75.0806, 40.62552 ], [ -75.08366, 40.6281 ], [ -75.08661, 40.62955 ], [ -75.09448, 40.63053 ], [ -75.09708, 40.63159 ], [ -75.09899, 40.63387 ], [ -75.10083, 40.63833 ], [ -75.09135, 40.64098 ], [ -75.07882, 40.64673 ], [ -75.07993, 40.64483 ], [ -75.07902, 40.64334 ], [ -75.07658, 40.64274 ], [ -75.07079, 40.64338 ], [ -75.0604, 40.6409 ], [ -75.05688, 40.63849 ], [ -75.05106, 40.63259 ], [ -75.04588, 40.63111 ], [ -75.03685, 40.62321 ], [ -75.02624, 40.62144 ], [ -75.01994, 40.6227 ], [ -75.01818, 40.62233 ], [ -75.01226, 40.61709 ], [ -75.00917, 40.61639 ], [ -75.00344, 40.61655 ], [ -74.9878, 40.61054 ], [ -74.98611, 40.60961 ], [ -74.9793, 40.60133 ], [ -74.97532, 40.59926 ], [ -74.97039, 40.59389 ], [ -74.96291, 40.58894 ], [ -74.95776, 40.58341 ], [ -74.95924, 40.58205 ], [ -74.96531, 40.57931 ], [ -74.97514, 40.5669 ], [ -74.98427, 40.56202 ], [ -74.99083, 40.55987 ], [ -75.01239, 40.55048 ], [ -75.04967, 40.5361 ], [ -75.05401, 40.53776 ], [ -75.0664, 40.53652 ], [ -75.06861, 40.54222 ], [ -75.0785, 40.5483 ], [ -75.0957, 40.5644 ], [ -75.10032, 40.56781 ], [ -75.10389, 40.56877 ], [ -75.10559, 40.57328 ], [ -75.10433, 40.57808 ] ] ] } },
{ "type": "Feature", "properties": { "GEOID": "34019011800", "county_name": "Hunterdon", "need_score": 8.2, "uninsured_pct": 4.82, "under_200_fpl_pct": 8.8, "total_pop": 3010 }, "geometry": { "type": "Polygon", "coordinates": [ [ [ -74.94905, 40.37863 ], [ -74.94751, 40.38481 ], [ -74.94628, 40.38621 ], [ -74.94268, 40.38819 ], [ -74.93763, 40.39233 ], [ -74.92794, 40.39766 ], [ -74.92102, 40.40587 ], [ -74.91789, 40.41178 ], [ -74.91297, 40.41896 ], [ -74.91099, 40.42047 ], [ -74.90241, 40.42342 ], [ -74.89402, 40.42517 ], [ -74.89157, 40.40763 ], [ -74.88847, 40.40833 ], [ -74.88113, 40.41277 ], [ -74.87661, 40.41865 ], [ -74.87301, 40.42074 ], [ -74.86949, 40.42395 ], [ -74.86871, 40.41994 ], [ -74.86734, 40.41934 ], [ -74.86412, 40.42108 ], [ -74.86177, 40.41767 ], [ -74.86098, 40.4143 ], [ -74.86187, 40.41092 ], [ -74.86091, 40.40872 ], [ -74.86161, 40.4065 ], [ -74.86002, 40.40481 ], [ -74.84469, 40.39589 ], [ -74.83537, 40.39292 ], [ -74.83385, 40.39069 ], [ -74.83257, 40.38495 ], [ -74.83036, 40.38208 ], [ -74.86968, 40.37777 ], [ -74.85626, 40.3467 ], [ -74.93228, 40.33943 ], [ -74.94295, 40.34164 ], [ -74.94378, 40.34256 ], [ -74.94509, 40.34733 ], [ -74.94597, 40.35539 ], [ -74.9403, 40.35569 ], [ -74.93969, 40.35903 ], [ -74.9317, 40.361 ], [ -74.93063, 40.36407 ], [ -74.93274, 40.3659 ], [ -74.94658, 40.38565 ], [ -74.94761, 40.38412 ], [ -74.94792, 40.37916 ], [ -74.94905, 40.37863 ] ] ] } },
{ "type": "Feature", "properties": { "GEOID": "34019011305", "county_name": "Hunterdon", "need_score": 6.0, "uninsured_pct": 1.15, "under_200_fpl_pct": 5.43, "total_pop": 3404 }, "geometry": { "type": "Polygon", "coordinates": [ [ [ -74.86391, 40.48373 ], [ -74.86171, 40.49216 ], [ -74.85583, 40.49937 ], [ -74.85001, 40.49749 ], [ -74.84586, 40.49714 ], [ -74.84434, 40.49657 ], [ -74.84152, 40.48838 ], [ -74.8352, 40.48288 ], [ -74.82923, 40.47514 ], [ -74.82793, 40.47434 ], [ -74.82595, 40.47033 ], [ -74.8268, 40.4673 ], [ -74.82926, 40.46492 ], [ -74.82989, 40.46045 ], [ -74.83447, 40.45674 ], [ -74.84084, 40.45326 ], [ -74.85625, 40.44168 ], [ -74.85787, 40.44349 ], [ -74.85979, 40.45713 ], [ -74.85921, 40.46004 ], [ -74.85991, 40.46482 ], [ -74.86358, 40.47672 ], [ -74.86391, 40.48373 ] ] ] } },
{ "type": "Feature", "properties": { "GEOID": "34019011004", "county_name": "Hunterdon", "need_score": 11.0, "uninsured_pct": 4.12, "under_200_fpl_pct": 11.06, "total_pop": 1664 }, "geometry": { "type": "Polygon", "coordinates": [ [ [ -74.88396, 40.63805 ], [ -74.8746, 40.64143 ], [ -74.85703, 40.64578 ], [ -74.84651, 40.64671 ], [ -74.84584, 40.64324 ], [ -74.84267, 40.6399 ], [ -74.843, 40.63875 ], [ -74.8412, 40.63836 ], [ -74.83672, 40.63508 ], [ -74.83385, 40.63465 ], [ -74.83356, 40.63702 ], [ -74.82208, 40.64012 ], [ -74.82128, 40.64371 ], [ -74.82767, 40.64705 ], [ -74.80961, 40.64684 ], [ -74.79096, 40.65079 ], [ -74.80134, 40.63921 ], [ -74.79971, 40.62637 ], [ -74.80084, 40.61804 ], [ -74.79659, 40.61114 ], [ -74.79691, 40.60685 ], [ -74.79759, 40.60559 ], [ -74.80507, 40.59974 ], [ -74.81293, 40.59647 ], [ -74.82014, 40.59616 ], [ -74.82528, 40.59482 ], [ -74.83306, 40.58848 ], [ -74.84269, 40.57796 ], [ -74.86086, 40.57608 ], [ -74.86223, 40.58296 ], [ -74.86398, 40.58547 ], [ -74.86814, 40.58926 ], [ -74.87221, 40.59562 ], [ -74.87873, 40.61103 ], [ -74.88153, 40.62941 ], [ -74.88244, 40.63152 ], [ -74.88755, 40.63796 ], [ -74.88396, 40.63805 ] ] ] } },
{ "type": "Feature", "properties": { "GEOID": "34019011204", "county_name": "Hunterdon", "need_score": 6.4, "uninsured_pct": 1.23, "under_200_fpl_pct": 3.12, "total_pop": 2432 }, "geometry": { "type": "Polygon", "coordinates": [ [ [ -74.8684, 40.5753 ], [ -74.84269, 40.57796 ], [ -74.83306, 40.58848 ], [ -74.82528, 40.59482 ], [ -74.82014, 40.59616 ], [ -74.81293, 40.59647 ], [ -74.80507, 40.59974 ], [ -74.80127, 40.60237 ], [ -74.79691, 40.60685 ], [ -74.79659, 40.61114 ], [ -74.80084, 40.61804 ], [ -74.79983, 40.62731 ], [ -74.79082, 40.62237 ], [ -74.79058, 40.6209 ], [ -74.79152, 40.61879 ], [ -74.78597, 40.61234 ], [ -74.7756, 40.60793 ], [ -74.79154, 40.5861 ], [ -74.79534, 40.58522 ], [ -74.79961, 40.5831 ], [ -74.81149, 40.57113 ], [ -74.81392, 40.56981 ], [ -74.82194, 40.55808 ], [ -74.82272, 40.54762 ], [ -74.8354, 40.53805 ], [ -74.84266, 40.53837 ], [ -74.85101, 40.54702 ], [ -74.85251, 40.54923 ], [ -74.85249, 40.55065 ], [ -74.85337, 40.55136 ], [ -74.85291, 40.55262 ], [ -74.85344, 40.55412 ], [ -74.85535, 40.55487 ], [ -74.85664, 40.55638 ], [ -74.85661, 40.55828 ], [ -74.85811, 40.56189 ], [ -74.85635, 40.56288 ], [ -74.8559, 40.56612 ], [ -74.85797, 40.56727 ], [ -74.86498, 40.56767 ], [ -74.86686, 40.56844 ], [ -74.8684, 40.5753 ] ] ] } },
{ "type": "Feature", "properties": { "GEOID": "34037371801", "county_name": "Sussex", "need_score": 8.6, "uninsured_pct": 4.43, "under_200_fpl_pct": 11.14, "total_pop": 3906 }, "geometry": { "type": "Polygon", "coordinates": [ [ [ -74.71216, 41.22566 ], [ -74.70769, 41.22834 ], [ -74.69314, 41.24292 ], [ -74.67747, 41.26235 ], [ -74.67515, 41.30079 ], [ -74.67265, 41.30715 ], [ -74.67161, 41.30743 ], [ -74.6698, 41.30491 ], [ -74.66534, 41.30312 ], [ -74.66211, 41.29938 ], [ -74.656, 41.2974 ], [ -74.653, 41.29207 ], [ -74.65296, 41.28924 ], [ -74.65556, 41.28408 ], [ -74.6554, 41.28172 ], [ -74.65286, 41.27699 ], [ -74.64795, 41.27408 ], [ -74.6472, 41.26963 ], [ -74.64334, 41.26587 ], [ -74.63088, 41.2618 ], [ -74.63008, 41.26047 ], [ -74.63007, 41.25718 ], [ -74.62674, 41.25168 ], [ -74.62479, 41.2467 ], [ -74.62476, 41.24358 ], [ -74.6238, 41.24171 ], [ -74.62785, 41.23933 ], [ -74.6311, 41.23578 ], [ -74.63481, 41.23472 ], [ -74.64661, 41.22185 ], [ -74.65097, 41.21574 ], [ -74.65108, 41.21389 ], [ -74.64864, 41.21287 ], [ -74.64758, 41.21173 ], [ -74.64793, 41.209 ], [ -74.64523, 41.2061 ], [ -74.64366, 41.20548 ], [ -74.64217, 41.20373 ], [ -74.63732, 41.20286 ], [ -74.63425, 41.19993 ], [ -74.63119, 41.19918 ], [ -74.63023, 41.19804 ], [ -74.63651, 41.19369 ], [ -74.64374, 41.18751 ], [ -74.64769, 41.18199 ], [ -74.6501, 41.18105 ], [ -74.65338, 41.18103 ], [ -74.65627, 41.18016 ], [ -74.66153, 41.17756 ], [ -74.66787, 41.17214 ], [ -74.71601, 41.22207 ], [ -74.71216, 41.22566 ] ] ] } },
{ "type": "Feature", "properties": { "GEOID": "34023008214", "county_name": "Middlesex", "need_score": 11.9, "uninsured_pct": 0.91, "under_200_fpl_pct": 8.85, "total_pop": 10232 }, "geometry": { "type": "Polygon", "coordinates": [ [ [ -74.49056, 40.30353 ], [ -74.47326, 40.30202 ], [ -74.46685, 40.30275 ], [ -74.46374, 40.30124 ], [ -74.45642, 40.30374 ], [ -74.45352, 40.30311 ], [ -74.44761, 40.30376 ], [ -74.4385, 40.30301 ], [ -74.43914, 40.291 ], [ -74.43625, 40.28383 ], [ -74.4372, 40.27203 ], [ -74.4365, 40.26158 ], [ -74.46078, 40.25136 ], [ -74.46328, 40.25211 ], [ -74.48496, 40.25332 ], [ -74.48203, 40.27392 ], [ -74.48687, 40.27501 ], [ -74.48897, 40.27708 ], [ -74.48922, 40.29105 ], [ -74.49044, 40.29164 ], [ -74.49124, 40.30261 ], [ -74.49056, 40.30353 ] ] ] } },
{ "type": "Feature", "properties": { "GEOID": "34023008801", "county_name": "Middlesex", "need_score": 8.9, "uninsured_pct": 2.06, "under_200_fpl_pct": 12.65, "total_pop": 4793 }, "geometry": { "type": "Polygon", "coordinates": [ [ [ -74.48815, 40.52188 ], [ -74.48257, 40.51693 ], [ -74.47791, 40.51476 ], [ -74.47405, 40.52059 ], [ -74.46929, 40.52295 ], [ -74.46604, 40.52278 ], [ -74.46321, 40.52162 ], [ -74.46172, 40.51899 ], [ -74.46225, 40.51663 ], [ -74.46552, 40.51768 ], [ -74.46776, 40.51445 ], [ -74.47029, 40.51284 ], [ -74.4655, 40.51195 ], [ -74.45899, 40.51203 ], [ -74.45727, 40.51536 ], [ -74.45331, 40.51799 ], [ -74.45069, 40.52143 ], [ -74.45062, 40.52338 ], [ -74.45206, 40.52555 ], [ -74.45701, 40.52764 ], [ -74.45218, 40.53428 ], [ -74.45286, 40.53554 ], [ -74.44775, 40.53739 ], [ -74.44454, 40.53298 ], [ -74.43242, 40.52699 ], [ -74.42808, 40.52387 ], [ -74.4383, 40.51555 ], [ -74.44014, 40.51511 ], [ -74.44627, 40.50568 ], [ -74.44868, 40.5071 ], [ -74.45426, 40.50854 ], [ -74.46695, 40.5089 ], [ -74.48168, 40.51186 ], [ -74.48555, 40.51591 ], [ -74.48924, 40.52139 ], [ -74.48815, 40.52188 ] ] ] } },
{ "type": "Feature", "properties": { "GEOID": "34023000101", "county_name": "Middlesex", "need_score": 6.9, "uninsured_pct": 3.33, "under_200_fpl_pct": 4.03, "total_pop": 3601 }, "geometry": { "type": "Polygon", "coordinates": [ [ [ -74.52589, 40.56823 ], [ -74.52364, 40.56873 ], [ -74.52392, 40.56967 ], [ -74.52193, 40.57255 ], [ -74.5227, 40.57338 ], [ -74.52071, 40.57425 ], [ -74.51544, 40.57938 ], [ -74.51635, 40.58075 ], [ -74.51215, 40.58208 ], [ -74.50972, 40.58422 ], [ -74.50512, 40.58628 ], [ -74.49924, 40.58072 ], [ -74.50594, 40.5783 ], [ -74.51261, 40.57084 ], [ -74.51638, 40.56851 ], [ -74.52553, 40.56654 ], [ -74.52589, 40.56823 ] ] ] } },
{ "type": "Feature", "properties": { "GEOID": "34023008212", "county_name": "Middlesex", "need_score": 2.4, "uninsured_pct": 0.46, "under_200_fpl_pct": 3.25, "total_pop": 4554 }, "geometry": { "type": "Polygon", "coordinates": [ [ [ -74.44109, 40.33913 ], [ -74.44041, 40.34021 ], [ -74.44041, 40.34308 ], [ -74.43512, 40.34717 ], [ -74.42967, 40.34273 ], [ -74.42467, 40.34314 ], [ -74.42346, 40.34472 ], [ -74.42737, 40.3476 ], [ -74.42619, 40.34955 ], [ -74.41801, 40.35134 ], [ -74.41304, 40.35386 ], [ -74.40601, 40.35512 ], [ -74.39455, 40.35519 ], [ -74.3863, 40.35635 ], [ -74.38697, 40.36034 ], [ -74.37766, 40.36266 ], [ -74.36768, 40.35984 ], [ -74.36771, 40.35678 ], [ -74.36622, 40.35537 ], [ -74.36653, 40.35431 ], [ -74.36793, 40.35494 ], [ -74.3697, 40.3531 ], [ -74.36865, 40.35165 ], [ -74.37168, 40.35076 ], [ -74.37209, 40.34989 ], [ -74.37085, 40.34935 ], [ -74.37212, 40.34881 ], [ -74.37342, 40.34681 ], [ -74.3728, 40.34609 ], [ -74.37387, 40.34437 ], [ -74.37197, 40.34319 ], [ -74.37174, 40.34189 ], [ -74.37308, 40.34094 ], [ -74.37262, 40.33918 ], [ -74.37342, 40.33863 ], [ -74.37194, 40.33624 ], [ -74.37232, 40.33528 ], [ -74.37127, 40.33295 ], [ -74.36992, 40.33261 ], [ -74.37069, 40.33118 ], [ -74.3681, 40.33169 ], [ -74.36422, 40.33054 ], [ -74.36397, 40.33152 ], [ -74.36109, 40.33119 ], [ -74.36102, 40.33039 ], [ -74.36158, 40.32798 ], [ -74.36673, 40.32948 ], [ -74.38266, 40.32826 ], [ -74.38908, 40.32939 ], [ -74.39268, 40.32857 ], [ -74.39424, 40.32726 ], [ -74.40029, 40.33539 ], [ -74.41981, 40.32712 ], [ -74.42673, 40.32731 ], [ -74.4382, 40.32651 ], [ -74.44109, 40.33913 ] ] ] } },
{ "type": "Feature", "properties": { "GEOID": "34023980100", "county_name": "Middlesex", "need_score": 18.6, "uninsured_pct": 15.69, "under_200_fpl_pct": 35.29, "total_pop": 51 }, "geometry": { "type": "Polygon", "coordinates": [ [ [ -74.33138, 40.51187 ], [ -74.32989, 40.51553 ], [ -74.32665, 40.51954 ], [ -74.32626, 40.52437 ], [ -74.32045, 40.52477 ], [ -74.31907, 40.52543 ], [ -74.31203, 40.52358 ], [ -74.305, 40.52012 ], [ -74.301, 40.51921 ], [ -74.30097, 40.50898 ], [ -74.30649, 40.50751 ], [ -74.31419, 40.5038 ], [ -74.31829, 40.50061 ], [ -74.32209, 40.4937 ], [ -74.32529, 40.48971 ], [ -74.32819, 40.48789 ], [ -74.33138, 40.51187 ] ] ] } },
{ "type": "Feature", "properties": { "GEOID": "34023008210", "county_name": "Middlesex", "need_score": 7.7, "uninsured_pct": 2.91, "under_200_fpl_pct": 6.95, "total_pop": 3741 }, "geometry": { "type": "Polygon", "coordinates": [ [ [ -74.4791, 40.34536 ], [ -74.46154, 40.36647 ], [ -74.45808, 40.37162 ], [ -74.45186, 40.37756 ], [ -74.42842, 40.36667 ], [ -74.42754, 40.3676 ], [ -74.42881, 40.37208 ], [ -74.42734, 40.37238 ], [ -74.42672, 40.37445 ], [ -74.42476, 40.37474 ], [ -74.42395, 40.37551 ], [ -74.42141, 40.37509 ], [ -74.42059, 40.376 ], [ -74.4181, 40.37528 ], [ -74.41717, 40.37606 ], [ -74.41529, 40.37471 ], [ -74.41749, 40.37092 ], [ -74.42545, 40.3513 ], [ -74.43288, 40.34908 ], [ -74.43708, 40.3528 ], [ -74.43589, 40.35664 ], [ -74.44456, 40.35659 ], [ -74.44615, 40.36109 ], [ -74.45342, 40.36022 ], [ -74.44749, 40.35838 ], [ -74.44508, 40.35529 ], [ -74.44779, 40.35279 ], [ -74.45066, 40.34532 ], [ -74.45047, 40.34436 ], [ -74.45632, 40.34161 ], [ -74.45936, 40.34151 ], [ -74.4791, 40.34536 ] ] ] } },
{ "type": "Feature", "properties": { "GEOID": "34023003802", "county_name": "Middlesex", "need_score": 25.0, "uninsured_pct": 8.63, "under_200_fpl_pct": 56.51, "total_pop": 4091 }, "geometry": { "type": "Polygon", "coordinates": [ [ [ -74.22957, 40.57084 ], [ -74.22281, 40.57227 ], [ -74.21693, 40.57641 ], [ -74.22054, 40.57043 ], [ -74.2211, 40.56776 ], [ -74.22347, 40.56826 ], [ -74.22864, 40.56728 ], [ -74.22957, 40.57084 ] ] ] } },
{ "type": "Feature", "properties": { "GEOID": "34035054301", "county_name": "Somerset", "need_score": 18.6, "uninsured_pct": 3.24, "under_200_fpl_pct": 3.98, "total_pop": 3091 }, "geometry": { "type": "Polygon", "coordinates": [ [ [ -74.55492, 40.49976 ], [ -74.54716, 40.51464 ], [ -74.54628, 40.52086 ], [ -74.54374, 40.52532 ], [ -74.54076, 40.5283 ], [ -74.53979, 40.53035 ], [ -74.53427, 40.52706 ], [ -74.51777, 40.54301 ], [ -74.51957, 40.5463 ], [ -74.51587, 40.54498 ], [ -74.51412, 40.54203 ], [ -74.51175, 40.53981 ], [ -74.50706, 40.53687 ], [ -74.51953, 40.52378 ], [ -74.53424, 40.51088 ], [ -74.5419, 40.49761 ], [ -74.55492, 40.49976 ] ] ] } },
{ "type": "Feature", "properties": { "GEOID": "34035052604", "county_name": "Somerset", "need_score": 9.8, "uninsured_pct": 2.42, "under_200_fpl_pct": 3.66, "total_pop": 4006 }, "geometry": { "type": "Polygon", "coordinates": [ [ [ -74.62147, 40.66862 ], [ -74.61358, 40.67054 ], [ -74.60481, 40.67148 ], [ -74.59787, 40.67099 ], [ -74.5942, 40.67377 ], [ -74.60137, 40.67718 ], [ -74.60908, 40.68525 ], [ -74.61009, 40.68816 ], [ -74.60947, 40.69138 ], [ -74.60864, 40.69223 ], [ -74.61055, 40.69281 ], [ -74.60786, 40.69447 ], [ -74.5683, 40.70645 ], [ -74.56937, 40.70297 ], [ -74.57263, 40.6976 ], [ -74.57834, 40.69255 ], [ -74.57551, 40.68549 ], [ -74.57717, 40.67874 ], [ -74.5747, 40.67096 ], [ -74.57973, 40.66953 ], [ -74.58025, 40.66855 ], [ -74.57765, 40.66497 ], [ -74.57789, 40.66044 ], [ -74.57617, 40.65441 ], [ -74.57704, 40.65303 ], [ -74.57556, 40.65244 ], [ -74.57493, 40.64942 ], [ -74.57561, 40.64529 ], [ -74.57424, 40.6419 ], [ -74.57286, 40.63445 ], [ -74.57308, 40.63165 ], [ -74.57162, 40.62834 ], [ -74.56898, 40.6251 ], [ -74.56538, 40.62268 ], [ -74.56259, 40.6187 ], [ -74.56377, 40.61529 ], [ -74.56284, 40.6121 ], [ -74.56323, 40.61051 ], [ -74.58485, 40.62172 ], [ -74.61322, 40.64231 ], [ -74.60905, 40.64262 ], [ -74.60072, 40.64461 ], [ -74.59848, 40.65104 ], [ -74.59395, 40.6543 ], [ -74.59264, 40.65612 ], [ -74.59291, 40.66099 ], [ -74.5898, 40.6659 ], [ -74.59669, 40.66614 ], [ -74.60494, 40.66522 ], [ -74.60881, 40.66211 ], [ -74.61436, 40.66025 ], [ -74.61572, 40.66254 ], [ -74.61765, 40.66375 ], [ -74.61991, 40.66345 ], [ -74.62378, 40.66723 ], [ -74.62147, 40.66862 ] ] ] } },
{ "type": "Feature", "properties": { "GEOID": "34035053905", "county_name": "Somerset", "need_score": 6.6, "uninsured_pct": 0.23, "under_200_fpl_pct": 3.61, "total_pop": 6868 }, "geometry": { "type": "Polygon", "coordinates": [ [ [ -74.66276, 40.46719 ], [ -74.65915, 40.47035 ], [ -74.63605, 40.46556 ], [ -74.63674, 40.46417 ], [ -74.63155, 40.46283 ], [ -74.59497, 40.45497 ], [ -74.59606, 40.45343 ], [ -74.60172, 40.4489 ], [ -74.60786, 40.4472 ], [ -74.61387, 40.44404 ], [ -74.61913, 40.43769 ], [ -74.64276, 40.44965 ], [ -74.64361, 40.45042 ], [ -74.64214, 40.45266 ], [ -74.65828, 40.45925 ], [ -74.65982, 40.46347 ], [ -74.66192, 40.4652 ], [ -74.66276, 40.46719 ] ] ] } },
{ "type": "Feature", "properties": { "GEOID": "34027045704", "county_name": "Morris", "need_score": 8.0, "uninsured_pct": 2.4, "under_200_fpl_pct": 5.43, "total_pop": 5281 }, "geometry": { "type": "Polygon", "coordinates": [ [ [ -74.58927, 40.84557 ], [ -74.57823, 40.85135 ], [ -74.57044, 40.85385 ], [ -74.56694, 40.85384 ], [ -74.56242, 40.85204 ], [ -74.56098, 40.85058 ], [ -74.55873, 40.85096 ], [ -74.5553, 40.85034 ], [ -74.54838, 40.85179 ], [ -74.54044, 40.8573 ], [ -74.53844, 40.85939 ], [ -74.53646, 40.85844 ], [ -74.5291, 40.85912 ], [ -74.53403, 40.83312 ], [ -74.54172, 40.83047 ], [ -74.54802, 40.83008 ], [ -74.553, 40.8315 ], [ -74.55628, 40.83112 ], [ -74.56767, 40.82738 ], [ -74.56884, 40.82624 ], [ -74.57354, 40.82655 ], [ -74.57486, 40.83099 ], [ -74.57728, 40.83386 ], [ -74.59077, 40.84302 ], [ -74.58927, 40.84557 ] ] ] } },
{ "type": "Feature", "properties": { "GEOID": "34027041300", "county_name": "Morris", "need_score": 9.0, "uninsured_pct": 2.54, "under_200_fpl_pct": 7.23, "total_pop": 4983 }, "geometry": { "type": "Polygon", "coordinates": [ [ [ -74.4995, 40.91025 ], [ -74.49401, 40.91231 ], [ -74.49488, 40.9126 ], [ -74.49384, 40.91492 ], [ -74.4947, 40.91585 ], [ -74.49173, 40.91697 ], [ -74.49182, 40.92043 ], [ -74.4899, 40.9215 ], [ -74.48829, 40.92132 ], [ -74.48619, 40.92306 ], [ -74.48543, 40.92297 ], [ -74.48293, 40.9258 ], [ -74.48253, 40.92768 ], [ -74.48023, 40.92935 ], [ -74.47957, 40.93146 ], [ -74.4773, 40.9293 ], [ -74.47697, 40.92824 ], [ -74.47501, 40.92714 ], [ -74.47179, 40.92695 ], [ -74.46994, 40.9274 ], [ -74.46674, 40.93097 ], [ -74.46279, 40.9338 ], [ -74.45843, 40.93404 ], [ -74.45655, 40.93504 ], [ -74.45251, 40.93494 ], [ -74.45153, 40.93426 ], [ -74.46577, 40.92341 ], [ -74.43843, 40.90937 ], [ -74.4579, 40.89202 ], [ -74.45971, 40.89243 ], [ -74.46256, 40.89424 ], [ -74.47466, 40.89438 ], [ -74.47465, 40.8974 ], [ -74.47604, 40.8983 ], [ -74.47965, 40.89807 ], [ -74.48583, 40.89915 ], [ -74.4899, 40.89913 ], [ -74.49663, 40.90167 ], [ -74.49923, 40.90127 ], [ -74.50337, 40.90782 ], [ -74.4995, 40.91025 ] ] ] } },
{ "type": "Feature", "properties": { "GEOID": "34027044102", "county_name": "Morris", "need_score": 10.0, "uninsured_pct": 5.03, "under_200_fpl_pct": 10.37, "total_pop": 5886 }, "geometry": { "type": "Polygon", "coordinates": [ [ [ -74.51787, 40.67766 ], [ -74.50653, 40.67841 ], [ -74.50967, 40.68436 ], [ -74.51356, 40.6875 ], [ -74.51398, 40.69449 ], [ -74.51487, 40.69484 ], [ -74.51372, 40.69775 ], [ -74.47987, 40.70755 ], [ -74.44945, 40.71739 ], [ -74.44376, 40.68804 ], [ -74.44528, 40.68804 ], [ -74.44781, 40.68561 ], [ -74.45033, 40.68604 ], [ -74.4519, 40.6854 ], [ -74.453, 40.68288 ], [ -74.45156, 40.67968 ], [ -74.4534, 40.67709 ], [ -74.45258, 40.67624 ], [ -74.45418, 40.67409 ], [ -74.45976, 40.67426 ], [ -74.46103, 40.6735 ], [ -74.46214, 40.67163 ], [ -74.46966, 40.66793 ], [ -74.47377, 40.66931 ], [ -74.47641, 40.66647 ], [ -74.48481, 40.66545 ], [ -74.48413, 40.66333 ], [ -74.48538, 40.66244 ], [ -74.48908, 40.66365 ], [ -74.49072, 40.66341 ], [ -74.49193, 40.66143 ], [ -74.49402, 40.66104 ], [ -74.49343, 40.66371 ], [ -74.4941, 40.66774 ], [ -74.49765, 40.66749 ], [ -74.49894, 40.67388 ], [ -74.51087, 40.67239 ], [ -74.51774, 40.67237 ], [ -74.51849, 40.67614 ], [ -74.51787, 40.67766 ] ] ] } },
{ "type": "Feature", "properties": { "GEOID": "34027041604", "county_name": "Morris", "need_score": 6.3, "uninsured_pct": 0.41, "under_200_fpl_pct": 2.43, "total_pop": 5306 }, "geometry": { "type": "Polygon", "coordinates": [ [ [ -74.477, 40.86711 ], [ -74.4732, 40.8664 ], [ -74.4716, 40.86704 ], [ -74.46515, 40.86754 ], [ -74.46618, 40.87535 ], [ -74.46204, 40.87123 ], [ -74.45856, 40.86915 ], [ -74.45536, 40.86829 ], [ -74.44858, 40.86797 ], [ -74.43973, 40.86651 ], [ -74.44092, 40.86461 ], [ -74.43873, 40.86486 ], [ -74.43897, 40.85806 ], [ -74.43792, 40.85631 ], [ -74.43975, 40.85603 ], [ -74.44103, 40.85769 ], [ -74.44351, 40.85867 ], [ -74.44442, 40.8564 ], [ -74.4473, 40.85754 ], [ -74.44834, 40.85662 ], [ -74.4477, 40.85251 ], [ -74.45424, 40.85264 ], [ -74.46386, 40.84377 ], [ -74.47607, 40.85296 ], [ -74.47201, 40.86241 ], [ -74.47201, 40.86364 ], [ -74.47307, 40.86498 ], [ -74.47685, 40.8665 ], [ -74.477, 40.86711 ] ] ] } },
{ "type": "Feature", "properties": { "GEOID": "34041031800", "county_name": "Warren", "need_score": 9.9, "uninsured_pct": 2.39, "under_200_fpl_pct": 15.61, "total_pop": 2515 }, "geometry": { "type": "Polygon", "coordinates": [ [ [ -75.19653, 40.75163 ], [ -75.1918, 40.75583 ], [ -75.18304, 40.75934 ], [ -75.17904, 40.7619 ], [ -75.17748, 40.76423 ], [ -75.17562, 40.77292 ], [ -75.17159, 40.77775 ], [ -75.16952, 40.77847 ], [ -75.16365, 40.77839 ], [ -75.14938, 40.77479 ], [ -75.13911, 40.77361 ], [ -75.1344, 40.77376 ], [ -75.13147, 40.77595 ], [ -75.12587, 40.78403 ], [ -75.12309, 40.78675 ], [ -75.11684, 40.78935 ], [ -75.11133, 40.7899 ], [ -75.09747, 40.78231 ], [ -75.04205, 40.7683 ], [ -75.10323, 40.71943 ], [ -75.13836, 40.72211 ], [ -75.13838, 40.72368 ], [ -75.145, 40.72253 ], [ -75.15129, 40.72276 ], [ -75.15116, 40.7242 ], [ -75.1527, 40.723 ], [ -75.15853, 40.72428 ], [ -75.15966, 40.72343 ], [ -75.18571, 40.7254 ], [ -75.18559, 40.72637 ], [ -75.1825, 40.72992 ], [ -75.18208, 40.73152 ], [ -75.1828, 40.73365 ], [ -75.18578, 40.73727 ], [ -75.19535, 40.74547 ], [ -75.19633, 40.74714 ], [ -75.19653, 40.75163 ] ] ] } },
{ "type": "Feature", "properties": { "GEOID": "34035052203", "county_name": "Somerset", "need_score": 7.3, "uninsured_pct": 0.31, "under_200_fpl_pct": 3.56, "total_pop": 4938 }, "geometry": { "type": "Polygon", "coordinates": [ [ [ -74.56377, 40.61529 ], [ -74.56259, 40.6187 ], [ -74.55948, 40.61911 ], [ -74.55625, 40.62046 ], [ -74.55345, 40.6195 ], [ -74.54103, 40.62011 ], [ -74.53367, 40.62186 ], [ -74.52577, 40.62245 ], [ -74.52189, 40.62418 ], [ -74.51744, 40.62356 ], [ -74.50107, 40.62629 ], [ -74.49775, 40.62467 ], [ -74.4946, 40.61518 ], [ -74.492, 40.6119 ], [ -74.51772, 40.58725 ], [ -74.53168, 40.59532 ], [ -74.53295, 40.59888 ], [ -74.53262, 40.60052 ], [ -74.53522, 40.60346 ], [ -74.53527, 40.60563 ], [ -74.5448, 40.60405 ], [ -74.55424, 40.60514 ], [ -74.56323, 40.61051 ], [ -74.56284, 40.6121 ], [ -74.56377, 40.61529 ] ] ] } },
{ "type": "Feature", "properties": { "GEOID": "34013021702", "county_name": "Essex", "need_score": 10.0, "uninsured_pct": 3.86, "under_200_fpl_pct": 11.1, "total_pop": 5030 }, "geometry": { "type": "Polygon", "coordinates": [ [ [ -74.29132, 40.83869 ], [ -74.28977, 40.83856 ], [ -74.28775, 40.84045 ], [ -74.29062, 40.84178 ], [ -74.28713, 40.84573 ], [ -74.28361, 40.84495 ], [ -74.27976, 40.84154 ], [ -74.27657, 40.8401 ], [ -74.27056, 40.83584 ], [ -74.26512, 40.83531 ], [ -74.26719, 40.83236 ], [ -74.26623, 40.83126 ], [ -74.26893, 40.82974 ], [ -74.27489, 40.83248 ], [ -74.27687, 40.83116 ], [ -74.28253, 40.83518 ], [ -74.28516, 40.83357 ], [ -74.28778, 40.83346 ], [ -74.28786, 40.83441 ], [ -74.28926, 40.83537 ], [ -74.29352, 40.83397 ], [ -74.29132, 40.83869 ] ] ] } },
{ "type": "Feature", "properties": { "GEOID": "34023006207", "county_name": "Middlesex", "need_score": 14.4, "uninsured_pct": 11.01, "under_200_fpl_pct": 22.17, "total_pop": 7796 }, "geometry": { "type": "Polygon", "coordinates": [ [ [ -74.49413, 40.44977 ], [ -74.48621, 40.45487 ], [ -74.45543, 40.46278 ], [ -74.45525, 40.45951 ], [ -74.45915, 40.45246 ], [ -74.46721, 40.44567 ], [ -74.4782, 40.44014 ], [ -74.48143, 40.44332 ], [ -74.48407, 40.44494 ], [ -74.48535, 40.44433 ], [ -74.49413, 40.44977 ] ] ] } },
{ "type": "Feature", "properties": { "GEOID": "34023002701", "county_name": "Middlesex", "need_score": 12.9, "uninsured_pct": 7.16, "under_200_fpl_pct": 17.5, "total_pop": 4696 }, "geometry": { "type": "Polygon", "coordinates": [ [ [ -74.29453, 40.57659 ], [ -74.29297, 40.58424 ], [ -74.29048, 40.59022 ], [ -74.29085, 40.59195 ], [ -74.27285, 40.59506 ], [ -74.27796, 40.58798 ], [ -74.29271, 40.57153 ], [ -74.29392, 40.57317 ], [ -74.29453, 40.57659 ] ] ] } },
{ "type": "Feature", "properties": { "GEOID": "34023006607", "county_name": "Middlesex", "need_score": 6.8, "uninsured_pct": 0.86, "under_200_fpl_pct": 3.74, "total_pop": 2911 }, "geometry": { "type": "Polygon", "coordinates": [ [ [ -74.41115, 40.41742 ], [ -74.38908, 40.41957 ], [ -74.3874, 40.40739 ], [ -74.40287, 40.40248 ], [ -74.40692, 40.41017 ], [ -74.41054, 40.41437 ], [ -74.41115, 40.41742 ] ] ] } },
{ "type": "Feature", "properties": { "GEOID": "34023002102", "county_name": "Middlesex", "need_score": 6.6, "uninsured_pct": 1.35, "under_200_fpl_pct": 8.31, "total_pop": 4072 }, "geometry": { "type": "Polygon", "coordinates": [ [ [ -74.36087, 40.54069 ], [ -74.35214, 40.54393 ], [ -74.35678, 40.55328 ], [ -74.35683, 40.55443 ], [ -74.34601, 40.55537 ], [ -74.34461, 40.55288 ], [ -74.34595, 40.54871 ], [ -74.34779, 40.5468 ], [ -74.34518, 40.54007 ], [ -74.35001, 40.53441 ], [ -74.36012, 40.53675 ], [ -74.36087, 40.54069 ] ] ] } },
{ "type": "Feature", "properties": { "GEOID": "34013002100", "county_name": "Essex", "need_score": 24.4, "uninsured_pct": 18.13, "under_200_fpl_pct": 50.36, "total_pop": 2791 }, "geometry": { "type": "Polygon", "coordinates": [ [ [ -74.24043, 40.74085 ], [ -74.23846, 40.74472 ], [ -74.23686, 40.74555 ], [ -74.22778, 40.74637 ], [ -74.22898, 40.74323 ], [ -74.23228, 40.74397 ], [ -74.23535, 40.73875 ], [ -74.24043, 40.74085 ] ] ] } },
{ "type": "Feature", "properties": { "GEOID": "34013005700", "county_name": "Essex", "need_score": 30.0, "uninsured_pct": 26.81, "under_200_fpl_pct": 49.54, "total_pop": 2783 }, "geometry": { "type": "Polygon", "coordinates": [ [ [ -74.19347, 40.71311 ], [ -74.19158, 40.71714 ], [ -74.19079, 40.71695 ], [ -74.18974, 40.7189 ], [ -74.18797, 40.71829 ], [ -74.18604, 40.72163 ], [ -74.18265, 40.72307 ], [ -74.18287, 40.72043 ], [ -74.18138, 40.71996 ], [ -74.17862, 40.72453 ], [ -74.17696, 40.72396 ], [ -74.1752, 40.72709 ], [ -74.17279, 40.72626 ], [ -74.18397, 40.7154 ], [ -74.18583, 40.71269 ], [ -74.18956, 40.71176 ], [ -74.19347, 40.71311 ] ] ] } },
{ "type": "Feature", "properties": { "GEOID": "34013009600", "county_name": "Essex", "need_score": 30.3, "uninsured_pct": 11.8, "under_200_fpl_pct": 47.99, "total_pop": 5245 }, "geometry": { "type": "Polygon", "coordinates": [ [ [ -74.16523, 40.76537 ], [ -74.16176, 40.77221 ], [ -74.15703, 40.77784 ], [ -74.16098, 40.77982 ], [ -74.15916, 40.78311 ], [ -74.15279, 40.78061 ], [ -74.14834, 40.77989 ], [ -74.14899, 40.778 ], [ -74.15224, 40.77521 ], [ -74.1558, 40.77081 ], [ -74.15769, 40.7661 ], [ -74.16215, 40.76137 ], [ -74.16302, 40.76162 ], [ -74.16066, 40.76586 ], [ -74.16523, 40.76537 ] ] ] } },
{ "type": "Feature", "properties": { "GEOID": "34013011600", "county_name": "Essex", "need_score": 14.4, "uninsured_pct": 14.42, "under_200_fpl_pct": 37.14, "total_pop": 3612 }, "geometry": { "type": "Polygon", "coordinates": [ [ [ -74.22408, 40.75532 ], [ -74.22191, 40.75963 ], [ -74.21446, 40.75449 ], [ -74.21562, 40.75243 ], [ -74.22408, 40.75532 ] ] ] } },
{ "type": "Feature", "properties": { "GEOID": "34013009300", "county_name": "Essex", "need_score": 31.8, "uninsured_pct": 21.6, "under_200_fpl_pct": 50.99, "total_pop": 5162 }, "geometry": { "type": "Polygon", "coordinates": [ [ [ -74.17212, 40.76255 ], [ -74.16997, 40.76657 ], [ -74.16807, 40.76599 ], [ -74.1645, 40.77303 ], [ -74.16176, 40.77221 ], [ -74.16523, 40.76537 ], [ -74.16066, 40.76586 ], [ -74.16302, 40.76162 ], [ -74.1664, 40.76239 ], [ -74.16824, 40.76136 ], [ -74.17212, 40.76255 ] ] ] } },
{ "type": "Feature", "properties": { "GEOID": "34013017700", "county_name": "Essex", "need_score": 22.3, "uninsured_pct": 24.59, "under_200_fpl_pct": 38.82, "total_pop": 5120 }, "geometry": { "type": "Polygon", "coordinates": [ [ [ -74.23723, 40.78122 ], [ -74.23656, 40.78543 ], [ -74.23828, 40.78596 ], [ -74.23634, 40.78878 ], [ -74.23111, 40.78804 ], [ -74.229, 40.78977 ], [ -74.22792, 40.79182 ], [ -74.22451, 40.79082 ], [ -74.22377, 40.79224 ], [ -74.22056, 40.78978 ], [ -74.22673, 40.78466 ], [ -74.23673, 40.77842 ], [ -74.23856, 40.77905 ], [ -74.23723, 40.78122 ] ] ] } },
{ "type": "Feature", "properties": { "GEOID": "34037373900", "county_name": "Sussex", "need_score": 12.7, "uninsured_pct": 4.12, "under_200_fpl_pct": 18.61, "total_pop": 4030 }, "geometry": { "type": "Polygon", "coordinates": [ [ [ -74.90914, 41.08752 ], [ -74.89954, 41.09421 ], [ -74.89893, 41.09571 ], [ -74.89009, 41.10136 ], [ -74.88426, 41.10697 ], [ -74.88571, 41.10769 ], [ -74.88609, 41.11033 ], [ -74.88329, 41.10981 ], [ -74.8817, 41.11082 ], [ -74.88008, 41.10992 ], [ -74.87949, 41.11054 ], [ -74.88159, 41.11215 ], [ -74.88051, 41.11285 ], [ -74.88191, 41.11428 ], [ -74.87093, 41.12164 ], [ -74.87041, 41.12064 ], [ -74.86805, 41.12222 ], [ -74.8667, 41.12616 ], [ -74.86541, 41.12617 ], [ -74.86422, 41.1277 ], [ -74.85956, 41.13021 ], [ -74.85753, 41.13205 ], [ -74.85847, 41.13432 ], [ -74.84953, 41.14666 ], [ -74.8458, 41.13285 ], [ -74.84364, 41.13034 ], [ -74.84469, 41.12883 ], [ -74.84363, 41.12823 ], [ -74.84241, 41.12528 ], [ -74.84282, 41.12474 ], [ -74.8355, 41.1033 ], [ -74.83088, 41.10421 ], [ -74.82544, 41.08894 ], [ -74.81827, 41.07219 ], [ -74.81619, 41.07329 ], [ -74.81082, 41.05993 ], [ -74.83478, 41.04656 ], [ -74.84623, 41.04294 ], [ -74.8563, 41.03592 ], [ -74.85732, 41.03478 ], [ -74.85926, 41.02852 ], [ -74.86067, 41.02695 ], [ -74.86587, 41.02352 ], [ -74.87245, 41.01683 ], [ -74.87992, 41.01381 ], [ -74.93933, 41.06918 ], [ -74.90914, 41.08752 ] ] ] } },
{ "type": "Feature", "properties": { "GEOID": "34035050901", "county_name": "Somerset", "need_score": 8.1, "uninsured_pct": 0.83, "under_200_fpl_pct": 6.51, "total_pop": 5175 }, "geometry": { "type": "Polygon", "coordinates": [ [ [ -74.63696, 40.64135 ], [ -74.63477, 40.64153 ], [ -74.63146, 40.64356 ], [ -74.62967, 40.64695 ], [ -74.62711, 40.64887 ], [ -74.62399, 40.64925 ], [ -74.60917, 40.63972 ], [ -74.58485, 40.62172 ], [ -74.58564, 40.6195 ], [ -74.58652, 40.61884 ], [ -74.58845, 40.61979 ], [ -74.59155, 40.62246 ], [ -74.59869, 40.62655 ], [ -74.60894, 40.61741 ], [ -74.60781, 40.61118 ], [ -74.6094, 40.60927 ], [ -74.60877, 40.60614 ], [ -74.61151, 40.6039 ], [ -74.61682, 40.60587 ], [ -74.62234, 40.61063 ], [ -74.62377, 40.61295 ], [ -74.62586, 40.61388 ], [ -74.62725, 40.62041 ], [ -74.63369, 40.62968 ], [ -74.63602, 40.63986 ], [ -74.63696, 40.64135 ] ] ] } },
{ "type": "Feature", "properties": { "GEOID": "34035051800", "county_name": "Somerset", "need_score": 21.8, "uninsured_pct": 26.25, "under_200_fpl_pct": 30.6, "total_pop": 4921 }, "geometry": { "type": "Polygon", "coordinates": [ [ [ -74.44853, 40.61557 ], [ -74.44656, 40.61726 ], [ -74.44079, 40.61987 ], [ -74.44573, 40.62262 ], [ -74.43808, 40.62668 ], [ -74.43605, 40.62585 ], [ -74.4374, 40.62458 ], [ -74.43078, 40.6205 ], [ -74.42987, 40.61888 ], [ -74.42708, 40.61718 ], [ -74.43139, 40.61571 ], [ -74.43294, 40.61392 ], [ -74.43555, 40.61277 ], [ -74.43751, 40.61028 ], [ -74.44304, 40.61356 ], [ -74.44529, 40.61358 ], [ -74.44853, 40.61557 ] ] ] } },
{ "type": "Feature", "properties": { "GEOID": "34023001806", "county_name": "Middlesex", "need_score": 12.5, "uninsured_pct": 6.96, "under_200_fpl_pct": 22.77, "total_pop": 3777 }, "geometry": { "type": "Polygon", "coordinates": [ [ [ -74.39554, 40.48882 ], [ -74.3771, 40.50528 ], [ -74.35754, 40.5157 ], [ -74.35097, 40.51658 ], [ -74.34842, 40.51754 ], [ -74.34063, 40.52207 ], [ -74.33308, 40.52518 ], [ -74.32852, 40.52942 ], [ -74.31779, 40.52694 ], [ -74.32045, 40.52477 ], [ -74.32626, 40.52437 ], [ -74.32665, 40.51954 ], [ -74.32989, 40.51553 ], [ -74.33138, 40.51187 ], [ -74.32819, 40.48789 ], [ -74.33389, 40.4845 ], [ -74.33889, 40.48251 ], [ -74.35379, 40.4828 ], [ -74.35609, 40.48101 ], [ -74.35599, 40.47581 ], [ -74.35881, 40.47272 ], [ -74.36507, 40.4708 ], [ -74.36657, 40.47118 ], [ -74.36782, 40.47258 ], [ -74.36785, 40.47449 ], [ -74.36628, 40.47942 ], [ -74.36726, 40.48074 ], [ -74.3695, 40.4815 ], [ -74.37158, 40.48135 ], [ -74.37681, 40.4778 ], [ -74.37969, 40.4783 ], [ -74.38219, 40.4798 ], [ -74.38349, 40.48181 ], [ -74.38399, 40.48611 ], [ -74.38508, 40.48721 ], [ -74.38786, 40.48732 ], [ -74.39248, 40.48526 ], [ -74.39228, 40.48631 ], [ -74.39554, 40.48882 ] ] ] } },
{ "type": "Feature", "properties": { "GEOID": "34035052701", "county_name": "Somerset", "need_score": 9.9, "uninsured_pct": 8.33, "under_200_fpl_pct": 2.23, "total_pop": 4537 }, "geometry": { "type": "Polygon", "coordinates": [ [ [ -74.63705, 40.72841 ], [ -74.63586, 40.73096 ], [ -74.63226, 40.73364 ], [ -74.63051, 40.73697 ], [ -74.63096, 40.73858 ], [ -74.62927, 40.73996 ], [ -74.63126, 40.74114 ], [ -74.59008, 40.75053 ], [ -74.58879, 40.74958 ], [ -74.58581, 40.74486 ], [ -74.57673, 40.73779 ], [ -74.57593, 40.73613 ], [ -74.57585, 40.73129 ], [ -74.57843, 40.72732 ], [ -74.57791, 40.72522 ], [ -74.5724, 40.72257 ], [ -74.5694, 40.72196 ], [ -74.56929, 40.71834 ], [ -74.56651, 40.71314 ], [ -74.56828, 40.71173 ], [ -74.57114, 40.71141 ], [ -74.57245, 40.70947 ], [ -74.57216, 40.70675 ], [ -74.5683, 40.70645 ], [ -74.60786, 40.69447 ], [ -74.61055, 40.69281 ], [ -74.61845, 40.69521 ], [ -74.61833, 40.70461 ], [ -74.61879, 40.70731 ], [ -74.62082, 40.71102 ], [ -74.64007, 40.72823 ], [ -74.63705, 40.72841 ] ] ] } },
{ "type": "Feature", "properties": { "GEOID": "34035052702", "county_name": "Somerset", "need_score": 7.0, "uninsured_pct": 3.81, "under_200_fpl_pct": 10.14, "total_pop": 3334 }, "geometry": { "type": "Polygon", "coordinates": [ [ [ -74.59008, 40.75053 ], [ -74.55564, 40.75796 ], [ -74.55521, 40.7569 ], [ -74.55264, 40.7559 ], [ -74.55087, 40.75101 ], [ -74.55291, 40.74968 ], [ -74.55214, 40.7484 ], [ -74.54911, 40.74704 ], [ -74.549, 40.74094 ], [ -74.5511, 40.74159 ], [ -74.55164, 40.74041 ], [ -74.55805, 40.73604 ], [ -74.55655, 40.73478 ], [ -74.56301, 40.73029 ], [ -74.56377, 40.72907 ], [ -74.55303, 40.72259 ], [ -74.55535, 40.72152 ], [ -74.55334, 40.71907 ], [ -74.55608, 40.71793 ], [ -74.56766, 40.70663 ], [ -74.57216, 40.70675 ], [ -74.57245, 40.70947 ], [ -74.57114, 40.71141 ], [ -74.56828, 40.71173 ], [ -74.56651, 40.71314 ], [ -74.56929, 40.71834 ], [ -74.5694, 40.72196 ], [ -74.5724, 40.72257 ], [ -74.57791, 40.72522 ], [ -74.57843, 40.72732 ], [ -74.57585, 40.73129 ], [ -74.57593, 40.73613 ], [ -74.57673, 40.73779 ], [ -74.58581, 40.74486 ], [ -74.58879, 40.74958 ], [ -74.59008, 40.75053 ] ] ] } },
{ "type": "Feature", "properties": { "GEOID": "34023008213", "county_name": "Middlesex", "need_score": 14.4, "uninsured_pct": 0.0, "under_200_fpl_pct": 9.28, "total_pop": 5368 }, "geometry": { "type": "Polygon", "coordinates": [ [ [ -74.43914, 40.291 ], [ -74.43833, 40.3178 ], [ -74.43778, 40.31985 ], [ -74.4382, 40.32651 ], [ -74.42673, 40.32731 ], [ -74.41981, 40.32712 ], [ -74.40029, 40.33539 ], [ -74.39424, 40.32726 ], [ -74.39268, 40.32857 ], [ -74.38908, 40.32939 ], [ -74.38266, 40.32826 ], [ -74.36673, 40.32948 ], [ -74.36158, 40.32798 ], [ -74.36102, 40.33039 ], [ -74.35703, 40.32806 ], [ -74.35781, 40.32624 ], [ -74.35283, 40.32617 ], [ -74.35252, 40.32498 ], [ -74.37754, 40.30543 ], [ -74.39423, 40.28839 ], [ -74.39493, 40.28609 ], [ -74.39412, 40.28289 ], [ -74.39314, 40.28188 ], [ -74.39338, 40.27964 ], [ -74.39791, 40.27821 ], [ -74.39859, 40.27743 ], [ -74.4365, 40.26158 ], [ -74.4372, 40.27203 ], [ -74.43625, 40.28383 ], [ -74.43914, 40.291 ] ] ] } },
{ "type": "Feature", "properties": { "GEOID": "34023008505", "county_name": "Middlesex", "need_score": 9.1, "uninsured_pct": 7.37, "under_200_fpl_pct": 9.02, "total_pop": 4909 }, "geometry": { "type": "Polygon", "coordinates": [ [ [ -74.5389, 40.38307 ], [ -74.52995, 40.39063 ], [ -74.52502, 40.39793 ], [ -74.52243, 40.39886 ], [ -74.51948, 40.39829 ], [ -74.51731, 40.39522 ], [ -74.51571, 40.39418 ], [ -74.51112, 40.3936 ], [ -74.50877, 40.39459 ], [ -74.50627, 40.39372 ], [ -74.50147, 40.37956 ], [ -74.49976, 40.37011 ], [ -74.49817, 40.36565 ], [ -74.50733, 40.36852 ], [ -74.51221, 40.37617 ], [ -74.51694, 40.38205 ], [ -74.52091, 40.38143 ], [ -74.5316, 40.38166 ], [ -74.53734, 40.38226 ], [ -74.5389, 40.38307 ] ] ] } },
{ "type": "Feature", "properties": { "GEOID": "34027046109", "county_name": "Morris", "need_score": 5.8, "uninsured_pct": 1.49, "under_200_fpl_pct": 2.47, "total_pop": 3083 }, "geometry": { "type": "Polygon", "coordinates": [ [ [ -74.73896, 40.85964 ], [ -74.73569, 40.863 ], [ -74.73603, 40.86551 ], [ -74.73489, 40.86617 ], [ -74.73409, 40.8715 ], [ -74.73099, 40.88271 ], [ -74.72963, 40.88397 ], [ -74.72043, 40.89039 ], [ -74.71617, 40.89215 ], [ -74.71594, 40.89134 ], [ -74.71103, 40.89263 ], [ -74.70982, 40.8917 ], [ -74.7016, 40.89137 ], [ -74.69519, 40.87065 ], [ -74.70907, 40.86601 ], [ -74.71053, 40.86409 ], [ -74.73362, 40.85417 ], [ -74.73449, 40.85396 ], [ -74.7364, 40.85732 ], [ -74.73896, 40.85964 ] ] ] } },
{ "type": "Feature", "properties": { "GEOID": "34019011003", "county_name": "Hunterdon", "need_score": 8.6, "uninsured_pct": 2.03, "under_200_fpl_pct": 7.38, "total_pop": 4838 }, "geometry": { "type": "Polygon", "coordinates": [ [ [ -74.91453, 40.61629 ], [ -74.91191, 40.61675 ], [ -74.91004, 40.62122 ], [ -74.91033, 40.62205 ], [ -74.90896, 40.62276 ], [ -74.90958, 40.62548 ], [ -74.906, 40.62551 ], [ -74.90579, 40.627 ], [ -74.90279, 40.62753 ], [ -74.904, 40.63222 ], [ -74.89965, 40.6326 ], [ -74.90019, 40.63705 ], [ -74.89442, 40.63843 ], [ -74.88755, 40.63796 ], [ -74.88244, 40.63152 ], [ -74.88153, 40.62941 ], [ -74.87873, 40.61103 ], [ -74.87221, 40.59562 ], [ -74.86814, 40.58926 ], [ -74.86398, 40.58547 ], [ -74.86223, 40.58296 ], [ -74.86086, 40.57608 ], [ -74.8684, 40.5753 ], [ -74.86901, 40.57823 ], [ -74.87181, 40.58006 ], [ -74.88057, 40.5795 ], [ -74.88611, 40.57825 ], [ -74.88811, 40.57895 ], [ -74.88913, 40.58102 ], [ -74.88777, 40.58398 ], [ -74.89159, 40.58963 ], [ -74.89061, 40.592 ], [ -74.8905, 40.59456 ], [ -74.89305, 40.59661 ], [ -74.89611, 40.59616 ], [ -74.90463, 40.59819 ], [ -74.90542, 40.59934 ], [ -74.90487, 40.60178 ], [ -74.90223, 40.60396 ], [ -74.90102, 40.60557 ], [ -74.90139, 40.60639 ], [ -74.90339, 40.60638 ], [ -74.90485, 40.60714 ], [ -74.90645, 40.60901 ], [ -74.9057, 40.60971 ], [ -74.90717, 40.61153 ], [ -74.91149, 40.6126 ], [ -74.91213, 40.61187 ], [ -74.91368, 40.61219 ], [ -74.9137, 40.61562 ], [ -74.91453, 40.61629 ] ] ] } },
{ "type": "Feature", "properties": { "GEOID": "34027042200", "county_name": "Morris", "need_score": 9.9, "uninsured_pct": 6.25, "under_200_fpl_pct": 5.46, "total_pop": 5902 }, "geometry": { "type": "Polygon", "coordinates": [ [ [ -74.47447, 40.81991 ], [ -74.46587, 40.82961 ], [ -74.46424, 40.83581 ], [ -74.45138, 40.83846 ], [ -74.44012, 40.83367 ], [ -74.43302, 40.82971 ], [ -74.44011, 40.81949 ], [ -74.44405, 40.81498 ], [ -74.44102, 40.80829 ], [ -74.44239, 40.80821 ], [ -74.44659, 40.80585 ], [ -74.45552, 40.80569 ], [ -74.46022, 40.80633 ], [ -74.46816, 40.8107 ], [ -74.47211, 40.81447 ], [ -74.47361, 40.81669 ], [ -74.47447, 40.81991 ] ] ] } },
{ "type": "Feature", "properties": { "GEOID": "34027043401", "county_name": "Morris", "need_score": 12.2, "uninsured_pct": 6.99, "under_200_fpl_pct": 19.44, "total_pop": 7543 }, "geometry": { "type": "Polygon", "coordinates": [ [ [ -74.53403, 40.83312 ], [ -74.53011, 40.83176 ], [ -74.52717, 40.83326 ], [ -74.5241, 40.83254 ], [ -74.51595, 40.83294 ], [ -74.50843, 40.83177 ], [ -74.50215, 40.82926 ], [ -74.49777, 40.82556 ], [ -74.47736, 40.82119 ], [ -74.47699, 40.81737 ], [ -74.47772, 40.8135 ], [ -74.48234, 40.81789 ], [ -74.48561, 40.81417 ], [ -74.48664, 40.81541 ], [ -74.49019, 40.81394 ], [ -74.4936, 40.81403 ], [ -74.49265, 40.81242 ], [ -74.49147, 40.81244 ], [ -74.48862, 40.81409 ], [ -74.48626, 40.81332 ], [ -74.48961, 40.80847 ], [ -74.50099, 40.808 ], [ -74.50513, 40.81065 ], [ -74.50926, 40.81135 ], [ -74.53582, 40.82377 ], [ -74.53403, 40.83312 ] ] ] } },
{ "type": "Feature", "properties": { "GEOID": "34027041603", "county_name": "Morris", "need_score": 17.4, "uninsured_pct": 4.92, "under_200_fpl_pct": 17.74, "total_pop": 3597 }, "geometry": { "type": "Polygon", "coordinates": [ [ [ -74.43973, 40.86651 ], [ -74.4374, 40.87458 ], [ -74.43615, 40.87532 ], [ -74.43363, 40.87425 ], [ -74.4334, 40.87751 ], [ -74.42966, 40.88329 ], [ -74.42668, 40.88645 ], [ -74.42447, 40.89186 ], [ -74.41709, 40.89628 ], [ -74.41475, 40.89678 ], [ -74.40714, 40.8925 ], [ -74.4035, 40.8923 ], [ -74.40093, 40.89345 ], [ -74.4027, 40.8917 ], [ -74.4145, 40.86908 ], [ -74.41913, 40.87054 ], [ -74.41739, 40.86664 ], [ -74.41761, 40.8644 ], [ -74.43973, 40.86651 ] ] ] } },
{ "type": "Feature", "properties": { "GEOID": "34027041802", "county_name": "Morris", "need_score": 13.4, "uninsured_pct": 4.98, "under_200_fpl_pct": 16.6, "total_pop": 5337 }, "geometry": { "type": "Polygon", "coordinates": [ [ [ -74.4602, 40.84202 ], [ -74.46386, 40.84377 ], [ -74.45424, 40.85264 ], [ -74.4477, 40.85251 ], [ -74.44834, 40.85662 ], [ -74.4473, 40.85754 ], [ -74.44442, 40.8564 ], [ -74.44351, 40.85867 ], [ -74.44103, 40.85769 ], [ -74.43975, 40.85603 ], [ -74.43792, 40.85631 ], [ -74.43897, 40.85806 ], [ -74.43894, 40.86093 ], [ -74.43447, 40.86211 ], [ -74.43133, 40.86221 ], [ -74.43117, 40.86014 ], [ -74.42855, 40.86103 ], [ -74.42699, 40.85856 ], [ -74.42695, 40.85507 ], [ -74.42573, 40.85268 ], [ -74.42579, 40.85087 ], [ -74.43151, 40.84254 ], [ -74.46424, 40.83581 ], [ -74.4602, 40.84202 ] ] ] } },
{ "type": "Feature", "properties": { "GEOID": "34019011304", "county_name": "Hunterdon", "need_score": 5.4, "uninsured_pct": 1.23, "under_200_fpl_pct": 6.18, "total_pop": 3260 }, "geometry": { "type": "Polygon", "coordinates": [ [ [ -74.82534, 40.50145 ], [ -74.82061, 40.51595 ], [ -74.81344, 40.51911 ], [ -74.8086, 40.51793 ], [ -74.80676, 40.51813 ], [ -74.80367, 40.51693 ], [ -74.80172, 40.51724 ], [ -74.80067, 40.51599 ], [ -74.79788, 40.51567 ], [ -74.78249, 40.48779 ], [ -74.78495, 40.48572 ], [ -74.78786, 40.48497 ], [ -74.80454, 40.48308 ], [ -74.81134, 40.48 ], [ -74.81757, 40.47805 ], [ -74.81992, 40.48028 ], [ -74.82207, 40.4899 ], [ -74.82423, 40.49309 ], [ -74.82534, 40.50145 ] ] ] } },
{ "type": "Feature", "properties": { "GEOID": "34023006205", "county_name": "Middlesex", "need_score": 9.2, "uninsured_pct": 1.88, "under_200_fpl_pct": 8.27, "total_pop": 6799 }, "geometry": { "type": "Polygon", "coordinates": [ [ [ -74.52657, 40.44485 ], [ -74.52034, 40.45128 ], [ -74.51239, 40.45662 ], [ -74.50707, 40.46149 ], [ -74.50126, 40.45797 ], [ -74.49306, 40.45066 ], [ -74.50773, 40.43851 ], [ -74.51379, 40.44209 ], [ -74.51772, 40.4382 ], [ -74.52657, 40.44485 ] ] ] } },
{ "type": "Feature", "properties": { "GEOID": "34023007801", "county_name": "Middlesex", "need_score": 11.8, "uninsured_pct": 6.06, "under_200_fpl_pct": 15.14, "total_pop": 2985 }, "geometry": { "type": "Polygon", "coordinates": [ [ [ -74.36466, 40.41247 ], [ -74.35724, 40.41443 ], [ -74.35777, 40.41626 ], [ -74.36154, 40.4166 ], [ -74.3284, 40.43661 ], [ -74.3248, 40.43918 ], [ -74.31363, 40.45062 ], [ -74.3113, 40.44904 ], [ -74.30892, 40.44555 ], [ -74.30865, 40.44237 ], [ -74.3077, 40.44034 ], [ -74.30007, 40.44028 ], [ -74.30256, 40.43244 ], [ -74.30213, 40.43207 ], [ -74.30299, 40.43086 ], [ -74.30645, 40.40161 ], [ -74.3126, 40.40185 ], [ -74.32936, 40.40529 ], [ -74.33592, 40.40706 ], [ -74.33977, 40.40913 ], [ -74.36194, 40.41071 ], [ -74.36466, 40.41247 ] ] ] } },
{ "type": "Feature", "properties": { "GEOID": "34013011500", "county_name": "Essex", "need_score": 12.7, "uninsured_pct": 12.41, "under_200_fpl_pct": 26.42, "total_pop": 2884 }, "geometry": { "type": "Polygon", "coordinates": [ [ [ -74.23026, 40.75136 ], [ -74.22617, 40.75909 ], [ -74.22385, 40.76096 ], [ -74.22191, 40.75963 ], [ -74.22637, 40.75116 ], [ -74.23026, 40.75136 ] ] ] } },
{ "type": "Feature", "properties": { "GEOID": "34013020901", "county_name": "Essex", "need_score": 4.9, "uninsured_pct": 0.39, "under_200_fpl_pct": 4.09, "total_pop": 2320 }, "geometry": { "type": "Polygon", "coordinates": [ [ [ -74.29895, 40.83308 ], [ -74.29089, 40.83363 ], [ -74.28786, 40.83441 ], [ -74.28778, 40.83346 ], [ -74.28516, 40.83357 ], [ -74.28253, 40.83518 ], [ -74.27687, 40.83116 ], [ -74.27489, 40.83248 ], [ -74.26893, 40.82974 ], [ -74.26623, 40.83126 ], [ -74.26719, 40.83236 ], [ -74.26512, 40.83531 ], [ -74.25928, 40.83483 ], [ -74.26476, 40.82507 ], [ -74.26897, 40.82679 ], [ -74.27643, 40.81457 ], [ -74.2799, 40.81794 ], [ -74.28504, 40.81786 ], [ -74.28495, 40.81918 ], [ -74.28931, 40.82177 ], [ -74.29145, 40.82388 ], [ -74.29033, 40.82498 ], [ -74.30022, 40.83249 ], [ -74.29895, 40.83308 ] ] ] } },
{ "type": "Feature", "properties": { "GEOID": "34013013000", "county_name": "Essex", "need_score": 17.1, "uninsured_pct": 11.71, "under_200_fpl_pct": 29.73, "total_pop": 2459 }, "geometry": { "type": "Polygon", "coordinates": [ [ [ -74.22352, 40.72964 ], [ -74.22138, 40.73244 ], [ -74.21853, 40.73128 ], [ -74.22067, 40.72821 ], [ -74.22188, 40.72793 ], [ -74.22352, 40.72964 ] ] ] } },
{ "type": "Feature", "properties": { "GEOID": "34013020800", "county_name": "Essex", "need_score": 8.8, "uninsured_pct": 1.45, "under_200_fpl_pct": 10.09, "total_pop": 8074 }, "geometry": { "type": "Polygon", "coordinates": [ [ [ -74.37727, 40.76118 ], [ -74.37576, 40.76299 ], [ -74.37351, 40.76305 ], [ -74.37241, 40.76413 ], [ -74.37114, 40.76404 ], [ -74.37001, 40.76656 ], [ -74.37194, 40.7675 ], [ -74.36955, 40.77139 ], [ -74.37089, 40.7749 ], [ -74.37297, 40.77533 ], [ -74.36681, 40.78049 ], [ -74.36696, 40.78928 ], [ -74.36615, 40.79062 ], [ -74.36706, 40.79329 ], [ -74.36544, 40.79551 ], [ -74.364, 40.79928 ], [ -74.36158, 40.8001 ], [ -74.35985, 40.79985 ], [ -74.35897, 40.80065 ], [ -74.35515, 40.79846 ], [ -74.34884, 40.79683 ], [ -74.34106, 40.79583 ], [ -74.32487, 40.7952 ], [ -74.32751, 40.78955 ], [ -74.33089, 40.78649 ], [ -74.33356, 40.78566 ], [ -74.32442, 40.77424 ], [ -74.32743, 40.77245 ], [ -74.31999, 40.76226 ], [ -74.3236, 40.75824 ], [ -74.34941, 40.7591 ], [ -74.36754, 40.76101 ], [ -74.37033, 40.75946 ], [ -74.3724, 40.75945 ], [ -74.37403, 40.75797 ], [ -74.37559, 40.75844 ], [ -74.37493, 40.7594 ], [ -74.37583, 40.76084 ], [ -74.37727, 40.76118 ] ] ] } },
{ "type": "Feature", "properties": { "GEOID": "34023002605", "county_name": "Middlesex", "need_score": 13.4, "uninsured_pct": 4.28, "under_200_fpl_pct": 16.08, "total_pop": 2661 }, "geometry": { "type": "Polygon", "coordinates": [ [ [ -74.31022, 40.58034 ], [ -74.29223, 40.59282 ], [ -74.29085, 40.59195 ], [ -74.29048, 40.59022 ], [ -74.29297, 40.58424 ], [ -74.29453, 40.57566 ], [ -74.29865, 40.57694 ], [ -74.30013, 40.57555 ], [ -74.30468, 40.57866 ], [ -74.2996, 40.58214 ], [ -74.30412, 40.58125 ], [ -74.30415, 40.58352 ], [ -74.31022, 40.58034 ] ] ] } },
{ "type": "Feature", "properties": { "GEOID": "34023002901", "county_name": "Middlesex", "need_score": 6.8, "uninsured_pct": 3.8, "under_200_fpl_pct": 12.85, "total_pop": 3318 }, "geometry": { "type": "Polygon", "coordinates": [ [ [ -74.27639, 40.55741 ], [ -74.27398, 40.56138 ], [ -74.27115, 40.57173 ], [ -74.25398, 40.56883 ], [ -74.26433, 40.55796 ], [ -74.27559, 40.55026 ], [ -74.27631, 40.55161 ], [ -74.27331, 40.55254 ], [ -74.27624, 40.5559 ], [ -74.27639, 40.55741 ] ] ] } },
{ "type": "Feature", "properties": { "GEOID": "34023001200", "county_name": "Middlesex", "need_score": 15.9, "uninsured_pct": 14.24, "under_200_fpl_pct": 19.62, "total_pop": 5555 }, "geometry": { "type": "Polygon", "coordinates": [ [ [ -74.42536, 40.50537 ], [ -74.41969, 40.50681 ], [ -74.4119, 40.5065 ], [ -74.41089, 40.5011 ], [ -74.41344, 40.50126 ], [ -74.41576, 40.49269 ], [ -74.41807, 40.49138 ], [ -74.4198, 40.4934 ], [ -74.42042, 40.49323 ], [ -74.42427, 40.50048 ], [ -74.42536, 40.50537 ] ] ] } },
{ "type": "Feature", "properties": { "GEOID": "34023006703", "county_name": "Middlesex", "need_score": 14.8, "uninsured_pct": 11.33, "under_200_fpl_pct": 20.66, "total_pop": 6321 }, "geometry": { "type": "Polygon", "coordinates": [ [ [ -74.39534, 40.44409 ], [ -74.39263, 40.44365 ], [ -74.37925, 40.42895 ], [ -74.37595, 40.43226 ], [ -74.36533, 40.43322 ], [ -74.36597, 40.42901 ], [ -74.35633, 40.42959 ], [ -74.35747, 40.42834 ], [ -74.35595, 40.42346 ], [ -74.35847, 40.42164 ], [ -74.36227, 40.42111 ], [ -74.3632, 40.41844 ], [ -74.36154, 40.4166 ], [ -74.35777, 40.41626 ], [ -74.35724, 40.41443 ], [ -74.36466, 40.41247 ], [ -74.36612, 40.41357 ], [ -74.36705, 40.41317 ], [ -74.37442, 40.41883 ], [ -74.39334, 40.43919 ], [ -74.39534, 40.44409 ] ] ] } },
{ "type": "Feature", "properties": { "GEOID": "34023001410", "county_name": "Middlesex", "need_score": 22.5, "uninsured_pct": 8.83, "under_200_fpl_pct": 20.37, "total_pop": 4134 }, "geometry": { "type": "Polygon", "coordinates": [ [ [ -74.36132, 40.59701 ], [ -74.34441, 40.59763 ], [ -74.34382, 40.58923 ], [ -74.34502, 40.58918 ], [ -74.34469, 40.58534 ], [ -74.36018, 40.58374 ], [ -74.36132, 40.59701 ] ] ] } },
{ "type": "Feature", "properties": { "GEOID": "34013001900", "county_name": "Essex", "need_score": 26.1, "uninsured_pct": 6.82, "under_200_fpl_pct": 50.64, "total_pop": 2259 }, "geometry": { "type": "Polygon", "coordinates": [ [ [ -74.22008, 40.73955 ], [ -74.21787, 40.74507 ], [ -74.21837, 40.74611 ], [ -74.21669, 40.74894 ], [ -74.20624, 40.74945 ], [ -74.20958, 40.74299 ], [ -74.2144, 40.74114 ], [ -74.21537, 40.74159 ], [ -74.2172, 40.74119 ], [ -74.22008, 40.73955 ] ] ] } },
{ "type": "Feature", "properties": { "GEOID": "34013004400", "county_name": "Essex", "need_score": 17.6, "uninsured_pct": 10.8, "under_200_fpl_pct": 41.11, "total_pop": 1676 }, "geometry": { "type": "Polygon", "coordinates": [ [ [ -74.21708, 40.71719 ], [ -74.21583, 40.717 ], [ -74.21296, 40.7148 ], [ -74.21619, 40.71134 ], [ -74.22066, 40.71346 ], [ -74.21708, 40.71719 ] ] ] } },
{ "type": "Feature", "properties": { "GEOID": "34013005100", "county_name": "Essex", "need_score": 19.6, "uninsured_pct": 14.1, "under_200_fpl_pct": 40.77, "total_pop": 2816 }, "geometry": { "type": "Polygon", "coordinates": [ [ [ -74.21137, 40.71374 ], [ -74.20829, 40.71772 ], [ -74.2025, 40.7159 ], [ -74.2056, 40.71117 ], [ -74.21137, 40.71374 ] ] ] } },
{ "type": "Feature", "properties": { "GEOID": "34013007100", "county_name": "Essex", "need_score": 37.2, "uninsured_pct": 37.23, "under_200_fpl_pct": 42.31, "total_pop": 4040 }, "geometry": { "type": "Polygon", "coordinates": [ [ [ -74.16164, 40.71702 ], [ -74.15764, 40.72463 ], [ -74.15551, 40.72404 ], [ -74.15208, 40.7205 ], [ -74.14971, 40.72187 ], [ -74.1492, 40.72143 ], [ -74.15539, 40.71813 ], [ -74.16164, 40.71702 ] ] ] } },
{ "type": "Feature", "properties": { "GEOID": "34037371900", "county_name": "Sussex", "need_score": 7.2, "uninsured_pct": 4.21, "under_200_fpl_pct": 8.56, "total_pop": 1924 }, "geometry": { "type": "Polygon", "coordinates": [ [ [ -74.99172, 41.09228 ], [ -74.98221, 41.10824 ], [ -74.97987, 41.11042 ], [ -74.97292, 41.11333 ], [ -74.96429, 41.11424 ], [ -74.94791, 41.12356 ], [ -74.94733, 41.12444 ], [ -74.94771, 41.12629 ], [ -74.94507, 41.12905 ], [ -74.93114, 41.13339 ], [ -74.92317, 41.13815 ], [ -74.90526, 41.15567 ], [ -74.8997, 41.16618 ], [ -74.88942, 41.1736 ], [ -74.88214, 41.18084 ], [ -74.87849, 41.1875 ], [ -74.87828, 41.19049 ], [ -74.87403, 41.19854 ], [ -74.85963, 41.21908 ], [ -74.85932, 41.22051 ], [ -74.86084, 41.22232 ], [ -74.86741, 41.22777 ], [ -74.86618, 41.23213 ], [ -74.86205, 41.23761 ], [ -74.86168, 41.24157 ], [ -74.85715, 41.24898 ], [ -74.85467, 41.25051 ], [ -74.84899, 41.25119 ], [ -74.84588, 41.25494 ], [ -74.84503, 41.25805 ], [ -74.84651, 41.26158 ], [ -74.84632, 41.26308 ], [ -74.84114, 41.27098 ], [ -74.83837, 41.27729 ], [ -74.83639, 41.27904 ], [ -74.82943, 41.27675 ], [ -74.82606, 41.27792 ], [ -74.82412, 41.27939 ], [ -74.79901, 41.27556 ], [ -74.71601, 41.22207 ], [ -74.71876, 41.2195 ], [ -74.75458, 41.19738 ], [ -74.77491, 41.1824 ], [ -74.79185, 41.17432 ], [ -74.81009, 41.16298 ], [ -74.81759, 41.15931 ], [ -74.8427, 41.15031 ], [ -74.84953, 41.14666 ], [ -74.85847, 41.13432 ], [ -74.85753, 41.13205 ], [ -74.85956, 41.13021 ], [ -74.86422, 41.1277 ], [ -74.86541, 41.12617 ], [ -74.8667, 41.12616 ], [ -74.86805, 41.12222 ], [ -74.87041, 41.12064 ], [ -74.87093, 41.12164 ], [ -74.88191, 41.11428 ], [ -74.88051, 41.11285 ], [ -74.88159, 41.11215 ], [ -74.87949, 41.11054 ], [ -74.88008, 41.10992 ], [ -74.8817, 41.11082 ], [ -74.88329, 41.10981 ], [ -74.88609, 41.11033 ], [ -74.88571, 41.10769 ], [ -74.88426, 41.10697 ], [ -74.89009, 41.10136 ], [ -74.89893, 41.09571 ], [ -74.89954, 41.09421 ], [ -74.90914, 41.08752 ], [ -74.93933, 41.06918 ], [ -74.9671, 41.09434 ], [ -74.96746, 41.09533 ], [ -74.96943, 41.09607 ], [ -74.97204, 41.09556 ], [ -74.9753, 41.09407 ], [ -74.98131, 41.08986 ], [ -74.98478, 41.08855 ], [ -74.99101, 41.08858 ], [ -74.99182, 41.08913 ], [ -74.99172, 41.09228 ] ] ] } },
{ "type": "Feature", "properties": { "GEOID": "34037373500", "county_name": "Sussex", "need_score": 10.5, "uninsured_pct": 3.77, "under_200_fpl_pct": 10.51, "total_pop": 3648 }, "geometry": { "type": "Polygon", "coordinates": [ [ [ -74.74864, 40.99968 ], [ -74.74622, 40.99976 ], [ -74.74244, 40.99863 ], [ -74.73607, 41.00384 ], [ -74.73507, 41.00505 ], [ -74.73477, 41.00754 ], [ -74.72864, 41.02018 ], [ -74.72333, 41.02486 ], [ -74.719, 41.03121 ], [ -74.71296, 41.03624 ], [ -74.70078, 41.04866 ], [ -74.68861, 41.05596 ], [ -74.68543, 41.05203 ], [ -74.68852, 41.00929 ], [ -74.74093, 40.96908 ], [ -74.75163, 40.97738 ], [ -74.74864, 40.99968 ] ] ] } },
{ "type": "Feature", "properties": { "GEOID": "34037374400", "county_name": "Sussex", "need_score": 5.6, "uninsured_pct": 1.17, "under_200_fpl_pct": 7.21, "total_pop": 2386 }, "geometry": { "type": "Polygon", "coordinates": [ [ [ -74.72572, 40.98081 ], [ -74.68852, 41.00929 ], [ -74.6478, 40.99904 ], [ -74.64772, 40.99684 ], [ -74.65072, 40.99471 ], [ -74.65955, 40.99118 ], [ -74.6616, 40.98808 ], [ -74.661, 40.9847 ], [ -74.65967, 40.98178 ], [ -74.66146, 40.97908 ], [ -74.66451, 40.97619 ], [ -74.66666, 40.97546 ], [ -74.66742, 40.97382 ], [ -74.66904, 40.97256 ], [ -74.67023, 40.97255 ], [ -74.67233, 40.97113 ], [ -74.67315, 40.97174 ], [ -74.67399, 40.96754 ], [ -74.67211, 40.96606 ], [ -74.67455, 40.9642 ], [ -74.68296, 40.96238 ], [ -74.68543, 40.95958 ], [ -74.68608, 40.95685 ], [ -74.68825, 40.95567 ], [ -74.72335, 40.97991 ], [ -74.72572, 40.98081 ] ] ] } },
{ "type": "Feature", "properties": { "GEOID": "34037373000", "county_name": "Sussex", "need_score": 10.2, "uninsured_pct": 3.63, "under_200_fpl_pct": 14.03, "total_pop": 2231 }, "geometry": { "type": "Polygon", "coordinates": [ [ [ -74.61443, 41.07142 ], [ -74.60713, 41.08561 ], [ -74.60752, 41.08639 ], [ -74.60674, 41.08616 ], [ -74.60189, 41.09289 ], [ -74.57707, 41.07876 ], [ -74.58441, 41.06978 ], [ -74.59644, 41.06576 ], [ -74.59679, 41.06325 ], [ -74.60154, 41.06398 ], [ -74.61462, 41.06968 ], [ -74.61443, 41.07142 ] ] ] } },
{ "type": "Feature", "properties": { "GEOID": "34037374600", "county_name": "Sussex", "need_score": 6.4, "uninsured_pct": 4.27, "under_200_fpl_pct": 8.96, "total_pop": 3551 }, "geometry": { "type": "Polygon", "coordinates": [ [ [ -74.71946, 40.91462 ], [ -74.7174, 40.9128 ], [ -74.71685, 40.91546 ], [ -74.71986, 40.91842 ], [ -74.71852, 40.92025 ], [ -74.70418, 40.92554 ], [ -74.69274, 40.9254 ], [ -74.68321, 40.91011 ], [ -74.6861, 40.91 ], [ -74.68953, 40.90732 ], [ -74.69688, 40.90742 ], [ -74.69981, 40.90603 ], [ -74.70335, 40.90179 ], [ -74.70819, 40.90111 ], [ -74.71134, 40.89918 ], [ -74.71379, 40.89995 ], [ -74.71419, 40.90115 ], [ -74.7122, 40.90451 ], [ -74.71287, 40.90767 ], [ -74.71768, 40.91116 ], [ -74.71842, 40.9124 ], [ -74.7202, 40.9132 ], [ -74.71946, 40.91462 ] ] ] } },
{ "type": "Feature", "properties": { "GEOID": "34037373100", "county_name": "Sussex", "need_score": 7.9, "uninsured_pct": 4.53, "under_200_fpl_pct": 9.01, "total_pop": 6418 }, "geometry": { "type": "Polygon", "coordinates": [ [ [ -74.68814, 41.01455 ], [ -74.68543, 41.05203 ], [ -74.66775, 41.09413 ], [ -74.63854, 41.11867 ], [ -74.60721, 41.09609 ], [ -74.60189, 41.09289 ], [ -74.60674, 41.08616 ], [ -74.60752, 41.08639 ], [ -74.60713, 41.08561 ], [ -74.61443, 41.07142 ], [ -74.61462, 41.06968 ], [ -74.60315, 41.06496 ], [ -74.60445, 41.06286 ], [ -74.60492, 41.05985 ], [ -74.60743, 41.05732 ], [ -74.61408, 41.05394 ], [ -74.61695, 41.05333 ], [ -74.62614, 41.04324 ], [ -74.62974, 41.04218 ], [ -74.63657, 41.03613 ], [ -74.64324, 41.03967 ], [ -74.65074, 41.0392 ], [ -74.65932, 41.03661 ], [ -74.6626, 41.03405 ], [ -74.66406, 41.03395 ], [ -74.6633, 41.03337 ], [ -74.66486, 41.03188 ], [ -74.66568, 41.02914 ], [ -74.66538, 41.02783 ], [ -74.66404, 41.02762 ], [ -74.66371, 41.02637 ], [ -74.66824, 41.0234 ], [ -74.66905, 41.02104 ], [ -74.67526, 41.0172 ], [ -74.6772, 41.01743 ], [ -74.67916, 41.01523 ], [ -74.68327, 41.01289 ], [ -74.68258, 41.01687 ], [ -74.68404, 41.01732 ], [ -74.68551, 41.01415 ], [ -74.68682, 41.01287 ], [ -74.68704, 41.01472 ], [ -74.68814, 41.01455 ] ] ] } },
{ "type": "Feature", "properties": { "GEOID": "34037371700", "county_name": "Sussex", "need_score": 8.2, "uninsured_pct": 4.33, "under_200_fpl_pct": 12.81, "total_pop": 5057 }, "geometry": { "type": "Polygon", "coordinates": [ [ [ -74.5755, 41.19351 ], [ -74.57047, 41.19341 ], [ -74.56825, 41.19379 ], [ -74.56611, 41.19831 ], [ -74.5612, 41.20339 ], [ -74.55743, 41.20533 ], [ -74.55285, 41.20913 ], [ -74.54985, 41.21043 ], [ -74.54777, 41.21091 ], [ -74.54404, 41.21061 ], [ -74.53794, 41.21341 ], [ -74.53105, 41.22062 ], [ -74.52564, 41.22345 ], [ -74.52137, 41.2171 ], [ -74.52186, 41.21468 ], [ -74.52153, 41.21229 ], [ -74.51865, 41.20916 ], [ -74.51782, 41.20735 ], [ -74.51429, 41.2095 ], [ -74.51065, 41.21384 ], [ -74.50724, 41.21542 ], [ -74.50026, 41.21439 ], [ -74.4975, 41.21531 ], [ -74.49638, 41.21494 ], [ -74.49519, 41.21607 ], [ -74.48985, 41.21146 ], [ -74.48258, 41.20674 ], [ -74.51082, 41.19528 ], [ -74.52164, 41.19004 ], [ -74.55168, 41.16927 ], [ -74.56731, 41.18464 ], [ -74.5755, 41.19351 ] ] ] } },
{ "type": "Feature", "properties": { "GEOID": "34037374900", "county_name": "Sussex", "need_score": 8.2, "uninsured_pct": 3.0, "under_200_fpl_pct": 16.87, "total_pop": 4469 }, "geometry": { "type": "Polygon", "coordinates": [ [ [ -74.67467, 40.93442 ], [ -74.67436, 40.93852 ], [ -74.67108, 40.9423 ], [ -74.66985, 40.94515 ], [ -74.66813, 40.94523 ], [ -74.66822, 40.94349 ], [ -74.66351, 40.94782 ], [ -74.66056, 40.94932 ], [ -74.659, 40.94926 ], [ -74.65979, 40.94797 ], [ -74.65905, 40.94523 ], [ -74.6599, 40.94331 ], [ -74.66249, 40.94076 ], [ -74.6602, 40.93999 ], [ -74.66402, 40.93554 ], [ -74.66153, 40.93428 ], [ -74.66717, 40.92788 ], [ -74.66775, 40.92901 ], [ -74.67201, 40.92787 ], [ -74.67799, 40.93027 ], [ -74.67467, 40.93442 ] ] ] } },
{ "type": "Feature", "properties": { "GEOID": "34041032300", "county_name": "Warren", "need_score": 11.3, "uninsured_pct": 8.41, "under_200_fpl_pct": 14.98, "total_pop": 3258 }, "geometry": { "type": "Polygon", "coordinates": [ [ [ -75.20181, 40.61719 ], [ -75.20071, 40.61836 ], [ -75.19789, 40.61933 ], [ -75.19069, 40.61996 ], [ -75.18928, 40.62149 ], [ -75.18858, 40.62463 ], [ -75.19069, 40.63589 ], [ -75.19412, 40.63997 ], [ -75.19539, 40.64308 ], [ -75.20047, 40.6469 ], [ -75.20045, 40.64922 ], [ -75.19668, 40.65512 ], [ -75.19085, 40.66194 ], [ -75.18276, 40.66597 ], [ -75.17828, 40.6716 ], [ -75.1732, 40.6704 ], [ -75.17222, 40.67282 ], [ -75.16514, 40.67756 ], [ -75.16289, 40.67833 ], [ -75.16201, 40.67998 ], [ -75.15214, 40.68686 ], [ -75.13142, 40.66675 ], [ -75.1252, 40.65553 ], [ -75.1189, 40.65105 ], [ -75.10939, 40.64178 ], [ -75.10836, 40.63975 ], [ -75.11417, 40.63717 ], [ -75.12748, 40.63444 ], [ -75.13044, 40.63228 ], [ -75.13633, 40.63015 ], [ -75.14531, 40.62898 ], [ -75.14758, 40.62699 ], [ -75.14818, 40.62569 ], [ -75.14782, 40.6225 ], [ -75.14967, 40.6205 ], [ -75.15442, 40.62169 ], [ -75.15677, 40.61972 ], [ -75.1612, 40.6182 ], [ -75.16231, 40.61708 ], [ -75.1615, 40.6148 ], [ -75.16306, 40.61097 ], [ -75.16574, 40.61032 ], [ -75.16696, 40.60801 ], [ -75.16904, 40.60629 ], [ -75.17209, 40.60525 ], [ -75.17369, 40.60321 ], [ -75.17489, 40.59893 ], [ -75.18089, 40.59719 ], [ -75.18099, 40.5942 ], [ -75.1837, 40.59379 ], [ -75.18549, 40.59228 ], [ -75.1875, 40.59282 ], [ -75.19037, 40.59164 ], [ -75.19229, 40.60268 ], [ -75.19592, 40.60679 ], [ -75.1985, 40.61149 ], [ -75.20135, 40.61463 ], [ -75.20181, 40.61719 ] ], [ [ -75.17237, 40.643 ], [ -75.16475, 40.64886 ], [ -75.15573, 40.65181 ], [ -75.15659, 40.65536 ], [ -75.1536, 40.65585 ], [ -75.15408, 40.65784 ], [ -75.1517, 40.6583 ], [ -75.14754, 40.65572 ], [ -75.1475, 40.6564 ], [ -75.14304, 40.65676 ], [ -75.13889, 40.65963 ], [ -75.13416, 40.65974 ], [ -75.1385, 40.6621 ], [ -75.15128, 40.67232 ], [ -75.15833, 40.67155 ], [ -75.16005, 40.67196 ], [ -75.16103, 40.66852 ], [ -75.16044, 40.66655 ], [ -75.16924, 40.6653 ], [ -75.16701, 40.65636 ], [ -75.171, 40.65532 ], [ -75.17052, 40.65327 ], [ -75.17194, 40.65263 ], [ -75.17153, 40.6509 ], [ -75.17345, 40.64995 ], [ -75.1722, 40.64913 ], [ -75.17438, 40.6473 ], [ -75.17237, 40.643 ] ] ] } },
{ "type": "Feature", "properties": { "GEOID": "34041030900", "county_name": "Warren", "need_score": 24.9, "uninsured_pct": 7.09, "under_200_fpl_pct": 52.83, "total_pop": 2752 }, "geometry": { "type": "Polygon", "coordinates": [ [ [ -75.20212, 40.68791 ], [ -75.19423, 40.68795 ], [ -75.18986, 40.68718 ], [ -75.17829, 40.68364 ], [ -75.16788, 40.67573 ], [ -75.17222, 40.67282 ], [ -75.1732, 40.6704 ], [ -75.17828, 40.6716 ], [ -75.17749, 40.6726 ], [ -75.1768, 40.67571 ], [ -75.17759, 40.67773 ], [ -75.18056, 40.67936 ], [ -75.18452, 40.67997 ], [ -75.19058, 40.67938 ], [ -75.19692, 40.6813 ], [ -75.20092, 40.6855 ], [ -75.20212, 40.68791 ] ] ] } },
{ "type": "Feature", "properties": { "GEOID": "34013007900", "county_name": "Essex", "need_score": 40.9, "uninsured_pct": 43.83, "under_200_fpl_pct": 47.4, "total_pop": 4622 }, "geometry": { "type": "Polygon", "coordinates": [ [ [ -74.16945, 40.72958 ], [ -74.16196, 40.73601 ], [ -74.15998, 40.73448 ], [ -74.15528, 40.73354 ], [ -74.15546, 40.73187 ], [ -74.15693, 40.73218 ], [ -74.15943, 40.72973 ], [ -74.16154, 40.73115 ], [ -74.16402, 40.72799 ], [ -74.16945, 40.72958 ] ] ] } },
{ "type": "Feature", "properties": { "GEOID": "34013014000", "county_name": "Essex", "need_score": 8.2, "uninsured_pct": 7.79, "under_200_fpl_pct": 6.28, "total_pop": 3916 }, "geometry": { "type": "Polygon", "coordinates": [ [ [ -74.17946, 40.79479 ], [ -74.1754, 40.80953 ], [ -74.16777, 40.80867 ], [ -74.16907, 40.80682 ], [ -74.16884, 40.80456 ], [ -74.16962, 40.80312 ], [ -74.17022, 40.79517 ], [ -74.17162, 40.79001 ], [ -74.17409, 40.79292 ], [ -74.17946, 40.79479 ] ] ] } },
{ "type": "Feature", "properties": { "GEOID": "34013018700", "county_name": "Essex", "need_score": 26.8, "uninsured_pct": 21.95, "under_200_fpl_pct": 49.39, "total_pop": 5143 }, "geometry": { "type": "Polygon", "coordinates": [ [ [ -74.24379, 40.76617 ], [ -74.23947, 40.76931 ], [ -74.22648, 40.76265 ], [ -74.23313, 40.75672 ], [ -74.23552, 40.75576 ], [ -74.2347, 40.76055 ], [ -74.23688, 40.76128 ], [ -74.24379, 40.76617 ] ] ] } },
{ "type": "Feature", "properties": { "GEOID": "34013011300", "county_name": "Essex", "need_score": 16.9, "uninsured_pct": 15.76, "under_200_fpl_pct": 43.11, "total_pop": 3993 }, "geometry": { "type": "Polygon", "coordinates": [ [ [ -74.22648, 40.76265 ], [ -74.22052, 40.76796 ], [ -74.22026, 40.76904 ], [ -74.21426, 40.76613 ], [ -74.21577, 40.76363 ], [ -74.21682, 40.7642 ], [ -74.22125, 40.75917 ], [ -74.22648, 40.76265 ] ] ] } },
{ "type": "Feature", "properties": { "GEOID": "34013016000", "county_name": "Essex", "need_score": 4.7, "uninsured_pct": 1.42, "under_200_fpl_pct": 3.35, "total_pop": 7827 }, "geometry": { "type": "Polygon", "coordinates": [ [ [ -74.21853, 40.78821 ], [ -74.19443, 40.8289 ], [ -74.19141, 40.82891 ], [ -74.1975, 40.81259 ], [ -74.19548, 40.81262 ], [ -74.197, 40.80455 ], [ -74.20132, 40.79844 ], [ -74.19992, 40.79649 ], [ -74.20406, 40.79436 ], [ -74.21004, 40.78699 ], [ -74.21185, 40.78569 ], [ -74.21853, 40.78821 ] ] ] } },
{ "type": "Feature", "properties": { "GEOID": "34023008001", "county_name": "Middlesex", "need_score": 11.3, "uninsured_pct": 3.13, "under_200_fpl_pct": 20.73, "total_pop": 6130 }, "geometry": { "type": "Polygon", "coordinates": [ [ [ -74.27086, 40.45116 ], [ -74.26831, 40.45233 ], [ -74.26969, 40.45511 ], [ -74.26749, 40.45661 ], [ -74.26499, 40.46001 ], [ -74.25974, 40.46168 ], [ -74.25796, 40.46363 ], [ -74.25012, 40.46148 ], [ -74.24494, 40.45802 ], [ -74.23736, 40.45772 ], [ -74.23141, 40.4524 ], [ -74.22429, 40.45251 ], [ -74.22248, 40.45188 ], [ -74.22327, 40.44933 ], [ -74.22545, 40.44778 ], [ -74.22643, 40.44467 ], [ -74.23073, 40.44568 ], [ -74.23336, 40.44325 ], [ -74.23633, 40.44344 ], [ -74.24748, 40.43153 ], [ -74.26639, 40.44317 ], [ -74.2681, 40.44527 ], [ -74.27086, 40.45116 ] ] ] } },
{ "type": "Feature", "properties": { "GEOID": "34023004200", "county_name": "Middlesex", "need_score": 25.2, "uninsured_pct": 13.87, "under_200_fpl_pct": 32.46, "total_pop": 3349 }, "geometry": { "type": "Polygon", "coordinates": [ [ [ -74.28292, 40.51964 ], [ -74.28144, 40.52212 ], [ -74.27991, 40.52909 ], [ -74.27494, 40.5282 ], [ -74.2763, 40.52156 ], [ -74.27557, 40.51645 ], [ -74.27928, 40.5175 ], [ -74.28292, 40.51964 ] ] ] } },
{ "type": "Feature", "properties": { "GEOID": "34023008504", "county_name": "Middlesex", "need_score": 10.7, "uninsured_pct": 1.0, "under_200_fpl_pct": 12.06, "total_pop": 7330 }, "geometry": { "type": "Polygon", "coordinates": [ [ [ -74.62104, 40.3709 ], [ -74.62024, 40.37375 ], [ -74.61298, 40.37576 ], [ -74.60257, 40.38072 ], [ -74.59551, 40.38094 ], [ -74.58028, 40.37996 ], [ -74.57844, 40.38049 ], [ -74.55732, 40.39777 ], [ -74.55368, 40.39057 ], [ -74.55086, 40.38785 ], [ -74.54566, 40.37777 ], [ -74.5659, 40.36184 ], [ -74.57328, 40.36337 ], [ -74.57794, 40.36064 ], [ -74.58082, 40.35772 ], [ -74.58948, 40.35811 ], [ -74.62441, 40.36523 ], [ -74.62104, 40.3709 ] ] ] } },
{ "type": "Feature", "properties": { "GEOID": "34023002604", "county_name": "Middlesex", "need_score": 14.1, "uninsured_pct": 4.69, "under_200_fpl_pct": 22.89, "total_pop": 6382 }, "geometry": { "type": "Polygon", "coordinates": [ [ [ -74.32077, 40.57317 ], [ -74.31022, 40.58034 ], [ -74.30415, 40.58352 ], [ -74.30412, 40.58125 ], [ -74.2996, 40.58214 ], [ -74.30468, 40.57866 ], [ -74.30013, 40.57555 ], [ -74.29865, 40.57694 ], [ -74.29453, 40.57566 ], [ -74.29392, 40.57317 ], [ -74.28882, 40.5675 ], [ -74.29388, 40.56117 ], [ -74.29575, 40.55999 ], [ -74.29852, 40.55934 ], [ -74.302, 40.55982 ], [ -74.30321, 40.5602 ], [ -74.3006, 40.56309 ], [ -74.3021, 40.5643 ], [ -74.30805, 40.56717 ], [ -74.31448, 40.57208 ], [ -74.32077, 40.57317 ] ] ] } },
{ "type": "Feature", "properties": { "GEOID": "34023007402", "county_name": "Middlesex", "need_score": 11.2, "uninsured_pct": 3.04, "under_200_fpl_pct": 15.03, "total_pop": 5062 }, "geometry": { "type": "Polygon", "coordinates": [ [ [ -74.29229, 40.47596 ], [ -74.28699, 40.47014 ], [ -74.28018, 40.47228 ], [ -74.28159, 40.47412 ], [ -74.26768, 40.48043 ], [ -74.26699, 40.47914 ], [ -74.26609, 40.47113 ], [ -74.26189, 40.46471 ], [ -74.25796, 40.46363 ], [ -74.25974, 40.46168 ], [ -74.26499, 40.46001 ], [ -74.26749, 40.45661 ], [ -74.26969, 40.45511 ], [ -74.26831, 40.45233 ], [ -74.27086, 40.45116 ], [ -74.2742, 40.45536 ], [ -74.28109, 40.46094 ], [ -74.28859, 40.46458 ], [ -74.29612, 40.47115 ], [ -74.29229, 40.47596 ] ] ] } },
{ "type": "Feature", "properties": { "GEOID": "34013019600", "county_name": "Essex", "need_score": 12.1, "uninsured_pct": 9.35, "under_200_fpl_pct": 25.52, "total_pop": 6344 }, "geometry": { "type": "Polygon", "coordinates": [ [ [ -74.26103, 40.72748 ], [ -74.25777, 40.73256 ], [ -74.25765, 40.73575 ], [ -74.25705, 40.73681 ], [ -74.25199, 40.73843 ], [ -74.24965, 40.7348 ], [ -74.2437, 40.7328 ], [ -74.24345, 40.73075 ], [ -74.24722, 40.72733 ], [ -74.24962, 40.72349 ], [ -74.26035, 40.72245 ], [ -74.26054, 40.72304 ], [ -74.25864, 40.7259 ], [ -74.26103, 40.72748 ] ] ] } },
{ "type": "Feature", "properties": { "GEOID": "34013019900", "county_name": "Essex", "need_score": 7.3, "uninsured_pct": 3.19, "under_200_fpl_pct": 5.56, "total_pop": 2519 }, "geometry": { "type": "Polygon", "coordinates": [ [ [ -74.28891, 40.73635 ], [ -74.28624, 40.73904 ], [ -74.28241, 40.73867 ], [ -74.2778, 40.73663 ], [ -74.27923, 40.73458 ], [ -74.27506, 40.73132 ], [ -74.27079, 40.73502 ], [ -74.27213, 40.73247 ], [ -74.27125, 40.73218 ], [ -74.27392, 40.72654 ], [ -74.27917, 40.72304 ], [ -74.28234, 40.72204 ], [ -74.28533, 40.72272 ], [ -74.28891, 40.73635 ] ] ] } },
{ "type": "Feature", "properties": { "GEOID": "34013009700", "county_name": "Essex", "need_score": 27.1, "uninsured_pct": 27.25, "under_200_fpl_pct": 47.39, "total_pop": 5619 }, "geometry": { "type": "Polygon", "coordinates": [ [ [ -74.16481, 40.77746 ], [ -74.16128, 40.78418 ], [ -74.15916, 40.78311 ], [ -74.16098, 40.77982 ], [ -74.15703, 40.77784 ], [ -74.16176, 40.77221 ], [ -74.1645, 40.77303 ], [ -74.16256, 40.77678 ], [ -74.16481, 40.77746 ] ] ] } },
{ "type": "Feature", "properties": { "GEOID": "34013013600", "county_name": "Essex", "need_score": 10.5, "uninsured_pct": 4.03, "under_200_fpl_pct": 14.47, "total_pop": 6968 }, "geometry": { "type": "Polygon", "coordinates": [ [ [ -74.15134, 40.81108 ], [ -74.14902, 40.81543 ], [ -74.14571, 40.81469 ], [ -74.14203, 40.82334 ], [ -74.14088, 40.82293 ], [ -74.13957, 40.82529 ], [ -74.13002, 40.81994 ], [ -74.13597, 40.8183 ], [ -74.13847, 40.81326 ], [ -74.13865, 40.80765 ], [ -74.13957, 40.80541 ], [ -74.15258, 40.80697 ], [ -74.15134, 40.81108 ] ] ] } },
{ "type": "Feature", "properties": { "GEOID": "34013019200", "county_name": "Essex", "need_score": 15.0, "uninsured_pct": 2.16, "under_200_fpl_pct": 34.48, "total_pop": 5049 }, "geometry": { "type": "Polygon", "coordinates": [ [ [ -74.26212, 40.73572 ], [ -74.2602, 40.73922 ], [ -74.25622, 40.74424 ], [ -74.258, 40.74574 ], [ -74.25602, 40.74786 ], [ -74.25149, 40.74617 ], [ -74.25257, 40.745 ], [ -74.2463, 40.74463 ], [ -74.24149, 40.74586 ], [ -74.24451, 40.74221 ], [ -74.24391, 40.74174 ], [ -74.24487, 40.74068 ], [ -74.24837, 40.73965 ], [ -74.25136, 40.73753 ], [ -74.25199, 40.73843 ], [ -74.26212, 40.73572 ] ] ] } },
{ "type": "Feature", "properties": { "GEOID": "34027040600", "county_name": "Morris", "need_score": 8.1, "uninsured_pct": 2.14, "under_200_fpl_pct": 8.37, "total_pop": 4431 }, "geometry": { "type": "Polygon", "coordinates": [ [ [ -74.3666, 41.01079 ], [ -74.36426, 41.01094 ], [ -74.36213, 41.01383 ], [ -74.3554, 41.0139 ], [ -74.35123, 41.01063 ], [ -74.35128, 41.00691 ], [ -74.35244, 41.0057 ], [ -74.35019, 41.00397 ], [ -74.34803, 41.00446 ], [ -74.34807, 41.00318 ], [ -74.35127, 41.00266 ], [ -74.35195, 40.99676 ], [ -74.3487, 40.99617 ], [ -74.34527, 40.99695 ], [ -74.34255, 40.99579 ], [ -74.33926, 40.9956 ], [ -74.33754, 40.99817 ], [ -74.33534, 40.9974 ], [ -74.33437, 40.99852 ], [ -74.33048, 40.99753 ], [ -74.33011, 40.99418 ], [ -74.32868, 40.99289 ], [ -74.34705, 40.98716 ], [ -74.353, 40.98409 ], [ -74.35617, 40.98738 ], [ -74.35783, 40.9902 ], [ -74.35718, 41.00279 ], [ -74.36692, 41.01003 ], [ -74.3666, 41.01079 ] ] ] } },
{ "type": "Feature", "properties": { "GEOID": "34023008403", "county_name": "Middlesex", "need_score": 8.1, "uninsured_pct": 1.93, "under_200_fpl_pct": 8.23, "total_pop": 7663 }, "geometry": { "type": "Polygon", "coordinates": [ [ [ -74.60257, 40.38072 ], [ -74.59584, 40.38573 ], [ -74.59184, 40.39203 ], [ -74.58876, 40.39314 ], [ -74.58786, 40.39414 ], [ -74.58767, 40.39818 ], [ -74.58579, 40.4034 ], [ -74.58624, 40.40649 ], [ -74.58529, 40.41013 ], [ -74.58598, 40.41561 ], [ -74.58562, 40.41748 ], [ -74.58417, 40.41869 ], [ -74.57163, 40.42391 ], [ -74.57053, 40.42175 ], [ -74.56932, 40.41577 ], [ -74.57024, 40.40881 ], [ -74.55732, 40.39777 ], [ -74.57844, 40.38049 ], [ -74.58028, 40.37996 ], [ -74.59551, 40.38094 ], [ -74.60257, 40.38072 ] ] ] } },
{ "type": "Feature", "properties": { "GEOID": "34023001702", "county_name": "Middlesex", "need_score": 13.9, "uninsured_pct": 3.26, "under_200_fpl_pct": 19.55, "total_pop": 3406 }, "geometry": { "type": "Polygon", "coordinates": [ [ [ -74.4038, 40.51428 ], [ -74.39615, 40.51973 ], [ -74.38316, 40.51425 ], [ -74.38234, 40.51215 ], [ -74.39879, 40.50424 ], [ -74.39903, 40.50605 ], [ -74.4038, 40.51428 ] ] ] } },
{ "type": "Feature", "properties": { "GEOID": "34023008300", "county_name": "Middlesex", "need_score": 12.9, "uninsured_pct": 5.6, "under_200_fpl_pct": 17.54, "total_pop": 5763 }, "geometry": { "type": "Polygon", "coordinates": [ [ [ -74.45342, 40.36022 ], [ -74.44615, 40.36109 ], [ -74.44456, 40.35659 ], [ -74.43589, 40.35664 ], [ -74.43708, 40.3528 ], [ -74.43288, 40.34908 ], [ -74.42545, 40.3513 ], [ -74.42737, 40.3476 ], [ -74.42346, 40.34472 ], [ -74.42467, 40.34314 ], [ -74.42967, 40.34273 ], [ -74.43512, 40.34717 ], [ -74.44041, 40.34308 ], [ -74.44996, 40.34227 ], [ -74.45066, 40.34532 ], [ -74.44779, 40.35279 ], [ -74.44508, 40.35529 ], [ -74.44749, 40.35838 ], [ -74.45342, 40.36022 ] ] ] } },
{ "type": "Feature", "properties": { "GEOID": "34023008205", "county_name": "Middlesex", "need_score": 26.7, "uninsured_pct": 0.94, "under_200_fpl_pct": 17.77, "total_pop": 3719 }, "geometry": { "type": "Polygon", "coordinates": [ [ [ -74.45673, 40.31241 ], [ -74.4559, 40.31802 ], [ -74.45303, 40.32102 ], [ -74.43833, 40.3178 ], [ -74.4385, 40.30301 ], [ -74.44761, 40.30376 ], [ -74.45352, 40.30311 ], [ -74.45642, 40.30374 ], [ -74.45673, 40.31241 ] ] ] } },
{ "type": "Feature", "properties": { "GEOID": "34027041706", "county_name": "Morris", "need_score": 11.1, "uninsured_pct": 3.43, "under_200_fpl_pct": 11.03, "total_pop": 5749 }, "geometry": { "type": "Polygon", "coordinates": [ [ [ -74.41913, 40.87054 ], [ -74.4145, 40.86908 ], [ -74.4027, 40.8917 ], [ -74.40093, 40.89345 ], [ -74.39965, 40.89415 ], [ -74.39572, 40.89419 ], [ -74.39389, 40.8976 ], [ -74.38974, 40.8977 ], [ -74.38778, 40.89951 ], [ -74.37831, 40.90049 ], [ -74.37823, 40.90196 ], [ -74.37529, 40.90157 ], [ -74.37399, 40.89896 ], [ -74.37498, 40.89193 ], [ -74.37728, 40.89192 ], [ -74.38808, 40.88803 ], [ -74.39018, 40.88855 ], [ -74.39584, 40.88717 ], [ -74.39648, 40.88293 ], [ -74.39391, 40.87765 ], [ -74.39269, 40.87647 ], [ -74.39083, 40.8713 ], [ -74.39259, 40.87078 ], [ -74.39457, 40.86848 ], [ -74.39445, 40.86525 ], [ -74.39621, 40.86387 ], [ -74.40118, 40.86125 ], [ -74.41761, 40.8644 ], [ -74.41739, 40.86664 ], [ -74.41913, 40.87054 ] ] ] } },
{ "type": "Feature", "properties": { "GEOID": "34027044101", "county_name": "Morris", "need_score": 6.4, "uninsured_pct": 1.65, "under_200_fpl_pct": 5.36, "total_pop": 2723 }, "geometry": { "type": "Polygon", "coordinates": [ [ [ -74.53436, 40.66731 ], [ -74.53328, 40.66792 ], [ -74.53196, 40.667 ], [ -74.52985, 40.66757 ], [ -74.5289, 40.66936 ], [ -74.52568, 40.67062 ], [ -74.52586, 40.67332 ], [ -74.52727, 40.67552 ], [ -74.52874, 40.68008 ], [ -74.52788, 40.68434 ], [ -74.52634, 40.68508 ], [ -74.52577, 40.68702 ], [ -74.52466, 40.68773 ], [ -74.52448, 40.68914 ], [ -74.52295, 40.68946 ], [ -74.52126, 40.68826 ], [ -74.5173, 40.68873 ], [ -74.5169, 40.69085 ], [ -74.51888, 40.69161 ], [ -74.51878, 40.69376 ], [ -74.51663, 40.69301 ], [ -74.51425, 40.69452 ], [ -74.51356, 40.6875 ], [ -74.50967, 40.68436 ], [ -74.50653, 40.67841 ], [ -74.51787, 40.67766 ], [ -74.51849, 40.67614 ], [ -74.51774, 40.67237 ], [ -74.51087, 40.67239 ], [ -74.49894, 40.67388 ], [ -74.49765, 40.66749 ], [ -74.4941, 40.66774 ], [ -74.49343, 40.66371 ], [ -74.49402, 40.66104 ], [ -74.49544, 40.66201 ], [ -74.49737, 40.66119 ], [ -74.49893, 40.66138 ], [ -74.49868, 40.65955 ], [ -74.50107, 40.65882 ], [ -74.5037, 40.65963 ], [ -74.506, 40.65851 ], [ -74.50495, 40.65688 ], [ -74.50644, 40.65528 ], [ -74.5077, 40.65258 ], [ -74.50993, 40.65181 ], [ -74.51035, 40.65046 ], [ -74.51309, 40.64956 ], [ -74.51526, 40.65109 ], [ -74.51622, 40.65011 ], [ -74.51788, 40.65018 ], [ -74.51807, 40.64859 ], [ -74.51943, 40.64961 ], [ -74.52323, 40.64916 ], [ -74.52393, 40.64984 ], [ -74.52284, 40.65183 ], [ -74.52479, 40.65118 ], [ -74.52608, 40.65225 ], [ -74.52438, 40.65294 ], [ -74.52412, 40.65445 ], [ -74.52598, 40.65389 ], [ -74.52582, 40.65583 ], [ -74.52726, 40.65909 ], [ -74.52559, 40.66061 ], [ -74.52855, 40.66248 ], [ -74.52957, 40.66467 ], [ -74.53203, 40.66578 ], [ -74.53388, 40.6654 ], [ -74.53436, 40.66731 ] ] ] } },
{ "type": "Feature", "properties": { "GEOID": "34027041500", "county_name": "Morris", "need_score": 7.7, "uninsured_pct": 5.5, "under_200_fpl_pct": 7.99, "total_pop": 6095 }, "geometry": { "type": "Polygon", "coordinates": [ [ [ -74.53403, 40.83312 ], [ -74.52536, 40.87883 ], [ -74.52458, 40.87973 ], [ -74.51928, 40.88077 ], [ -74.51625, 40.88071 ], [ -74.51207, 40.87843 ], [ -74.50763, 40.87746 ], [ -74.50501, 40.87839 ], [ -74.49806, 40.88259 ], [ -74.49426, 40.88341 ], [ -74.46749, 40.88552 ], [ -74.46588, 40.88505 ], [ -74.48341, 40.87091 ], [ -74.53403, 40.83312 ] ] ] } },
{ "type": "Feature", "properties": { "GEOID": "34027044403", "county_name": "Morris", "need_score": 4.5, "uninsured_pct": 0.72, "under_200_fpl_pct": 3.24, "total_pop": 4880 }, "geometry": { "type": "Polygon", "coordinates": [ [ [ -74.54252, 40.92796 ], [ -74.54081, 40.93091 ], [ -74.53722, 40.93187 ], [ -74.53867, 40.93033 ], [ -74.53655, 40.92925 ], [ -74.53193, 40.92984 ], [ -74.53085, 40.93148 ], [ -74.52561, 40.93271 ], [ -74.50141, 40.94192 ], [ -74.49638, 40.93652 ], [ -74.49439, 40.93274 ], [ -74.48994, 40.93277 ], [ -74.48992, 40.93435 ], [ -74.48574, 40.93202 ], [ -74.48674, 40.93062 ], [ -74.48534, 40.93162 ], [ -74.48106, 40.93241 ], [ -74.47957, 40.93146 ], [ -74.48023, 40.92935 ], [ -74.48253, 40.92768 ], [ -74.48293, 40.9258 ], [ -74.48543, 40.92297 ], [ -74.48619, 40.92306 ], [ -74.48829, 40.92132 ], [ -74.4899, 40.9215 ], [ -74.49182, 40.92043 ], [ -74.49173, 40.91697 ], [ -74.4947, 40.91585 ], [ -74.49384, 40.91492 ], [ -74.49488, 40.9126 ], [ -74.49401, 40.91231 ], [ -74.4995, 40.91025 ], [ -74.50337, 40.90782 ], [ -74.50702, 40.91055 ], [ -74.50353, 40.90937 ], [ -74.50125, 40.91164 ], [ -74.50035, 40.91486 ], [ -74.5038, 40.91655 ], [ -74.50763, 40.92071 ], [ -74.51034, 40.92222 ], [ -74.51026, 40.92159 ], [ -74.51287, 40.92067 ], [ -74.51464, 40.92142 ], [ -74.52051, 40.91822 ], [ -74.52487, 40.91856 ], [ -74.52697, 40.92045 ], [ -74.52886, 40.9212 ], [ -74.53281, 40.91972 ], [ -74.53404, 40.91811 ], [ -74.53294, 40.91651 ], [ -74.53483, 40.91698 ], [ -74.53627, 40.91874 ], [ -74.5384, 40.91928 ], [ -74.53983, 40.92053 ], [ -74.5417, 40.92414 ], [ -74.54252, 40.92796 ] ] ] } },
{ "type": "Feature", "properties": { "GEOID": "34027040701", "county_name": "Morris", "need_score": 6.3, "uninsured_pct": 3.22, "under_200_fpl_pct": 4.35, "total_pop": 5835 }, "geometry": { "type": "Polygon", "coordinates": [ [ [ -74.40881, 40.96222 ], [ -74.40509, 40.96584 ], [ -74.40317, 40.9669 ], [ -74.40021, 40.97212 ], [ -74.39856, 40.97335 ], [ -74.39667, 40.9765 ], [ -74.39646, 40.97803 ], [ -74.39481, 40.97975 ], [ -74.39085, 40.98095 ], [ -74.38879, 40.9823 ], [ -74.38501, 40.98856 ], [ -74.38012, 40.99322 ], [ -74.37842, 40.99626 ], [ -74.37091, 41.00262 ], [ -74.35902, 41.00415 ], [ -74.35718, 41.00279 ], [ -74.35783, 40.9902 ], [ -74.35617, 40.98738 ], [ -74.353, 40.98409 ], [ -74.34705, 40.98716 ], [ -74.32868, 40.99289 ], [ -74.32802, 40.99248 ], [ -74.33198, 40.99065 ], [ -74.3314, 40.98826 ], [ -74.32984, 40.95735 ], [ -74.33275, 40.95708 ], [ -74.33344, 40.95473 ], [ -74.33, 40.95506 ], [ -74.32989, 40.95252 ], [ -74.34122, 40.9464 ], [ -74.36391, 40.95785 ], [ -74.40076, 40.95957 ], [ -74.4095, 40.95861 ], [ -74.40881, 40.96222 ] ] ] } },
{ "type": "Feature", "properties": { "GEOID": "34013016900", "county_name": "Essex", "need_score": 8.8, "uninsured_pct": 1.89, "under_200_fpl_pct": 17.0, "total_pop": 3017 }, "geometry": { "type": "Polygon", "coordinates": [ [ [ -74.23729, 40.80315 ], [ -74.23433, 40.81226 ], [ -74.23281, 40.81286 ], [ -74.22913, 40.81994 ], [ -74.22959, 40.82161 ], [ -74.22791, 40.82505 ], [ -74.22281, 40.8215 ], [ -74.22442, 40.81925 ], [ -74.22361, 40.81861 ], [ -74.22479, 40.81529 ], [ -74.22285, 40.81484 ], [ -74.22271, 40.81117 ], [ -74.22743, 40.79653 ], [ -74.22817, 40.79572 ], [ -74.23729, 40.80315 ] ] ] } },
{ "type": "Feature", "properties": { "GEOID": "34013002300", "county_name": "Essex", "need_score": 12.7, "uninsured_pct": 7.88, "under_200_fpl_pct": 26.25, "total_pop": 5619 }, "geometry": { "type": "Polygon", "coordinates": [ [ [ -74.23807, 40.73365 ], [ -74.23228, 40.74397 ], [ -74.22898, 40.74323 ], [ -74.22991, 40.74075 ], [ -74.22731, 40.7402 ], [ -74.22852, 40.73653 ], [ -74.23171, 40.7349 ], [ -74.23577, 40.73511 ], [ -74.23682, 40.73386 ], [ -74.23807, 40.73365 ] ] ] } },
{ "type": "Feature", "properties": { "GEOID": "34013006900", "county_name": "Essex", "need_score": 42.8, "uninsured_pct": 44.53, "under_200_fpl_pct": 40.98, "total_pop": 5295 }, "geometry": { "type": "Polygon", "coordinates": [ [ [ -74.17323, 40.72545 ], [ -74.17159, 40.72745 ], [ -74.16463, 40.72464 ], [ -74.16409, 40.72579 ], [ -74.16125, 40.72494 ], [ -74.16429, 40.71876 ], [ -74.16712, 40.71974 ], [ -74.16567, 40.72252 ], [ -74.17323, 40.72545 ] ] ] } },
{ "type": "Feature", "properties": { "GEOID": "34041032102", "county_name": "Warren", "need_score": 5.0, "uninsured_pct": 2.61, "under_200_fpl_pct": 5.89, "total_pop": 5481 }, "geometry": { "type": "Polygon", "coordinates": [ [ [ -75.15214, 40.68686 ], [ -75.12747, 40.70324 ], [ -75.12454, 40.70354 ], [ -75.12502, 40.70735 ], [ -75.12184, 40.70772 ], [ -75.12176, 40.70693 ], [ -75.10322, 40.71938 ], [ -75.07912, 40.66013 ], [ -75.082, 40.65769 ], [ -75.08942, 40.65517 ], [ -75.09356, 40.64992 ], [ -75.09578, 40.64825 ], [ -75.10552, 40.64491 ], [ -75.10939, 40.64178 ], [ -75.1189, 40.65105 ], [ -75.1252, 40.65553 ], [ -75.13142, 40.66675 ], [ -75.15214, 40.68686 ] ] ] } },
{ "type": "Feature", "properties": { "GEOID": "34027045200", "county_name": "Morris", "need_score": 13.4, "uninsured_pct": 5.56, "under_200_fpl_pct": 11.72, "total_pop": 3993 }, "geometry": { "type": "Polygon", "coordinates": [ [ [ -74.62364, 40.86683 ], [ -74.62035, 40.86991 ], [ -74.62033, 40.87248 ], [ -74.61697, 40.87519 ], [ -74.59647, 40.90092 ], [ -74.59401, 40.89112 ], [ -74.59318, 40.88992 ], [ -74.5867, 40.88905 ], [ -74.58569, 40.88697 ], [ -74.57782, 40.88602 ], [ -74.57907, 40.8776 ], [ -74.58426, 40.87198 ], [ -74.59179, 40.87349 ], [ -74.59371, 40.86854 ], [ -74.59689, 40.86936 ], [ -74.59767, 40.86799 ], [ -74.59922, 40.86712 ], [ -74.59934, 40.86516 ], [ -74.60232, 40.86259 ], [ -74.60739, 40.86241 ], [ -74.61732, 40.86455 ], [ -74.62364, 40.86683 ] ] ] } },
{ "type": "Feature", "properties": { "GEOID": "34027041702", "county_name": "Morris", "need_score": 12.3, "uninsured_pct": 3.85, "under_200_fpl_pct": 11.3, "total_pop": 3220 }, "geometry": { "type": "Polygon", "coordinates": [ [ [ -74.38273, 40.87648 ], [ -74.38207, 40.88363 ], [ -74.37807, 40.89028 ], [ -74.37802, 40.89147 ], [ -74.37498, 40.89193 ], [ -74.37595, 40.89109 ], [ -74.37688, 40.88647 ], [ -74.37414, 40.88258 ], [ -74.37365, 40.87938 ], [ -74.37105, 40.87874 ], [ -74.36982, 40.87634 ], [ -74.36659, 40.87376 ], [ -74.36574, 40.87165 ], [ -74.36236, 40.87045 ], [ -74.36598, 40.87156 ], [ -74.36646, 40.86998 ], [ -74.36985, 40.8698 ], [ -74.3706, 40.87082 ], [ -74.36966, 40.87117 ], [ -74.37223, 40.87336 ], [ -74.37186, 40.87573 ], [ -74.37949, 40.87679 ], [ -74.38273, 40.87648 ] ] ] } },
{ "type": "Feature", "properties": { "GEOID": "34027045402", "county_name": "Morris", "need_score": 13.5, "uninsured_pct": 5.75, "under_200_fpl_pct": 28.39, "total_pop": 5668 }, "geometry": { "type": "Polygon", "coordinates": [ [ [ -74.69567, 40.89553 ], [ -74.6876, 40.89591 ], [ -74.68773, 40.9006 ], [ -74.68806, 40.90109 ], [ -74.69147, 40.90001 ], [ -74.69283, 40.90726 ], [ -74.68953, 40.90732 ], [ -74.6861, 40.91 ], [ -74.68321, 40.91011 ], [ -74.68233, 40.90923 ], [ -74.6795, 40.90916 ], [ -74.67722, 40.91062 ], [ -74.67522, 40.911 ], [ -74.67192, 40.91348 ], [ -74.66993, 40.91394 ], [ -74.66531, 40.91747 ], [ -74.65796, 40.91841 ], [ -74.65172, 40.92279 ], [ -74.65159, 40.92375 ], [ -74.65386, 40.92632 ], [ -74.64598, 40.92138 ], [ -74.64395, 40.92146 ], [ -74.64323, 40.91972 ], [ -74.63791, 40.9173 ], [ -74.63963, 40.91745 ], [ -74.6443, 40.91596 ], [ -74.64716, 40.91662 ], [ -74.64882, 40.91298 ], [ -74.65153, 40.91208 ], [ -74.64035, 40.91109 ], [ -74.64787, 40.89905 ], [ -74.65501, 40.90171 ], [ -74.65662, 40.89211 ], [ -74.66032, 40.89229 ], [ -74.66408, 40.89162 ], [ -74.66367, 40.88934 ], [ -74.66588, 40.89022 ], [ -74.6778, 40.89008 ], [ -74.68311, 40.89206 ], [ -74.69003, 40.89317 ], [ -74.69567, 40.89553 ] ] ] } },
{ "type": "Feature", "properties": { "GEOID": "34041031101", "county_name": "Warren", "need_score": 8.0, "uninsured_pct": 2.71, "under_200_fpl_pct": 9.99, "total_pop": 5725 }, "geometry": { "type": "Polygon", "coordinates": [ [ [ -75.13552, 40.97686 ], [ -75.13211, 40.98257 ], [ -75.13162, 40.9889 ], [ -75.13057, 40.99109 ], [ -75.1272, 40.99395 ], [ -75.1106, 41.00217 ], [ -75.10911, 41.0041 ], [ -75.09263, 41.00992 ], [ -75.08422, 41.01601 ], [ -75.0811, 41.01684 ], [ -75.075, 41.01713 ], [ -75.04179, 41.0317 ], [ -75.036, 41.03622 ], [ -75.03051, 41.03876 ], [ -75.0271, 41.03953 ], [ -75.02613, 41.04195 ], [ -75.02736, 41.04454 ], [ -75.0264, 41.04644 ], [ -75.01707, 41.05677 ], [ -75.01652, 41.05947 ], [ -75.0131, 41.06649 ], [ -75.01087, 41.06766 ], [ -75.00638, 41.06755 ], [ -74.99962, 41.07394 ], [ -74.99485, 41.07656 ], [ -74.98933, 41.07832 ], [ -74.98259, 41.07917 ], [ -74.97099, 41.08529 ], [ -74.96839, 41.0878 ], [ -74.96676, 41.09343 ], [ -74.9671, 41.09434 ], [ -74.94004, 41.06983 ], [ -74.95261, 41.06277 ], [ -74.95893, 41.05543 ], [ -74.96889, 41.0462 ], [ -74.97573, 41.04174 ], [ -74.95928, 40.99694 ], [ -74.95764, 40.99754 ], [ -74.93749, 40.97544 ], [ -74.93923, 40.97488 ], [ -74.94129, 40.97091 ], [ -74.94594, 40.96624 ], [ -74.94644, 40.96409 ], [ -74.94807, 40.96235 ], [ -74.94168, 40.94464 ], [ -74.98947, 40.9384 ], [ -74.99032, 40.93913 ], [ -75.00633, 40.92095 ], [ -75.02131, 40.93925 ], [ -75.04795, 40.96247 ], [ -75.06217, 40.98955 ], [ -75.11958, 40.96636 ], [ -75.12023, 40.9687 ], [ -75.1226, 40.97015 ], [ -75.12907, 40.96898 ], [ -75.13136, 40.96928 ], [ -75.13378, 40.97097 ], [ -75.13553, 40.97381 ], [ -75.13552, 40.97686 ] ] ] } },
{ "type": "Feature", "properties": { "GEOID": "34041031200", "county_name": "Warren", "need_score": 9.8, "uninsured_pct": 3.33, "under_200_fpl_pct": 13.49, "total_pop": 7430 }, "geometry": { "type": "Polygon", "coordinates": [ [ [ -75.12069, 40.96253 ], [ -75.11958, 40.96636 ], [ -75.06217, 40.98955 ], [ -75.04795, 40.96247 ], [ -75.02131, 40.93925 ], [ -75.00633, 40.92095 ], [ -74.99032, 40.93913 ], [ -74.98947, 40.9384 ], [ -74.94168, 40.94464 ], [ -74.92827, 40.90652 ], [ -74.92633, 40.90282 ], [ -74.91424, 40.85806 ], [ -74.95318, 40.83271 ], [ -75.0024, 40.86061 ], [ -75.01104, 40.8648 ], [ -75.02131, 40.87614 ], [ -75.05259, 40.86141 ], [ -75.05103, 40.86566 ], [ -75.05084, 40.86807 ], [ -75.05366, 40.87366 ], [ -75.05866, 40.87765 ], [ -75.06544, 40.88568 ], [ -75.07392, 40.89218 ], [ -75.07534, 40.89416 ], [ -75.07596, 40.89569 ], [ -75.07519, 40.90015 ], [ -75.07609, 40.90704 ], [ -75.07696, 40.90988 ], [ -75.07928, 40.91389 ], [ -75.09553, 40.92415 ], [ -75.09772, 40.92668 ], [ -75.10552, 40.93629 ], [ -75.10615, 40.93967 ], [ -75.11168, 40.94811 ], [ -75.11776, 40.95302 ], [ -75.1191, 40.95894 ], [ -75.12069, 40.96253 ] ] ] } },
{ "type": "Feature", "properties": { "GEOID": "34041031500", "county_name": "Warren", "need_score": 9.4, "uninsured_pct": 3.45, "under_200_fpl_pct": 12.1, "total_pop": 7804 }, "geometry": { "type": "Polygon", "coordinates": [ [ [ -74.98264, 40.79962 ], [ -74.95578, 40.82663 ], [ -74.95318, 40.83271 ], [ -74.91424, 40.85806 ], [ -74.85546, 40.8362 ], [ -74.85271, 40.83793 ], [ -74.85057, 40.84119 ], [ -74.84045, 40.83454 ], [ -74.83394, 40.83903 ], [ -74.83272, 40.83751 ], [ -74.83149, 40.83823 ], [ -74.83094, 40.83753 ], [ -74.83276, 40.83476 ], [ -74.83263, 40.8303 ], [ -74.83102, 40.829 ], [ -74.83203, 40.82692 ], [ -74.82999, 40.82553 ], [ -74.8346, 40.82218 ], [ -74.83566, 40.81858 ], [ -74.83896, 40.81673 ], [ -74.84282, 40.81139 ], [ -74.84686, 40.8108 ], [ -74.84645, 40.80829 ], [ -74.84744, 40.80792 ], [ -74.85026, 40.80417 ], [ -74.85223, 40.80343 ], [ -74.85487, 40.8042 ], [ -74.85875, 40.80143 ], [ -74.8604, 40.80121 ], [ -74.86182, 40.80334 ], [ -74.86439, 40.80316 ], [ -74.86584, 40.8019 ], [ -74.86553, 40.80097 ], [ -74.86696, 40.79682 ], [ -74.86939, 40.79504 ], [ -74.87347, 40.79472 ], [ -74.8806, 40.79071 ], [ -74.88414, 40.79144 ], [ -74.88923, 40.78883 ], [ -74.88982, 40.78773 ], [ -74.89553, 40.78399 ], [ -74.8998, 40.78291 ], [ -74.90462, 40.78056 ], [ -74.90243, 40.77728 ], [ -74.9035, 40.7759 ], [ -74.90349, 40.77341 ], [ -74.90272, 40.77184 ], [ -74.9077, 40.76878 ], [ -74.9133, 40.76655 ], [ -74.91503, 40.7645 ], [ -74.91523, 40.76244 ], [ -74.92264, 40.75665 ], [ -74.92726, 40.75457 ], [ -74.92813, 40.75227 ], [ -74.92986, 40.75195 ], [ -74.93393, 40.75517 ], [ -74.96355, 40.78283 ], [ -74.97562, 40.79537 ], [ -74.9785, 40.79622 ], [ -74.98122, 40.79793 ], [ -74.98264, 40.79962 ] ] ] } },
{ "type": "Feature", "properties": { "GEOID": "34027045804", "county_name": "Morris", "need_score": 5.3, "uninsured_pct": 0.6, "under_200_fpl_pct": 2.25, "total_pop": 5994 }, "geometry": { "type": "Polygon", "coordinates": [ [ [ -74.65988, 40.75139 ], [ -74.65674, 40.75673 ], [ -74.65322, 40.75904 ], [ -74.63691, 40.77357 ], [ -74.63786, 40.77802 ], [ -74.642, 40.78036 ], [ -74.64316, 40.78185 ], [ -74.64725, 40.78274 ], [ -74.64802, 40.78343 ], [ -74.64694, 40.78515 ], [ -74.64741, 40.78671 ], [ -74.64657, 40.78737 ], [ -74.64574, 40.78968 ], [ -74.64801, 40.79056 ], [ -74.64844, 40.79132 ], [ -74.64678, 40.79274 ], [ -74.6477, 40.7944 ], [ -74.64183, 40.7989 ], [ -74.63678, 40.80044 ], [ -74.63425, 40.79954 ], [ -74.63311, 40.79983 ], [ -74.6303, 40.80174 ], [ -74.63065, 40.80471 ], [ -74.53613, 40.8222 ], [ -74.55009, 40.74733 ], [ -74.55214, 40.7484 ], [ -74.55291, 40.74968 ], [ -74.55087, 40.75101 ], [ -74.55264, 40.7559 ], [ -74.55521, 40.7569 ], [ -74.55564, 40.75796 ], [ -74.57082, 40.75492 ], [ -74.57334, 40.75747 ], [ -74.57747, 40.7636 ], [ -74.58504, 40.78012 ], [ -74.58671, 40.79404 ], [ -74.59268, 40.79205 ], [ -74.61845, 40.78743 ], [ -74.6245, 40.78451 ], [ -74.62495, 40.78071 ], [ -74.62436, 40.77951 ], [ -74.6217, 40.77765 ], [ -74.62168, 40.77616 ], [ -74.6194, 40.77527 ], [ -74.61844, 40.77284 ], [ -74.61852, 40.74405 ], [ -74.65726, 40.73521 ], [ -74.65913, 40.75098 ], [ -74.65988, 40.75139 ] ] ] } },
{ "type": "Feature", "properties": { "GEOID": "34027041605", "county_name": "Morris", "need_score": 9.9, "uninsured_pct": 2.35, "under_200_fpl_pct": 11.54, "total_pop": 4566 }, "geometry": { "type": "Polygon", "coordinates": [ [ [ -74.53403, 40.83312 ], [ -74.48341, 40.87091 ], [ -74.48219, 40.86868 ], [ -74.47307, 40.86498 ], [ -74.47201, 40.86364 ], [ -74.47201, 40.86241 ], [ -74.47604, 40.85303 ], [ -74.47865, 40.85482 ], [ -74.48507, 40.8565 ], [ -74.48964, 40.85897 ], [ -74.49275, 40.85556 ], [ -74.4985, 40.8542 ], [ -74.49789, 40.84882 ], [ -74.49221, 40.84197 ], [ -74.49274, 40.83343 ], [ -74.49527, 40.82993 ], [ -74.49427, 40.82929 ], [ -74.49585, 40.82686 ], [ -74.49548, 40.82525 ], [ -74.49777, 40.82556 ], [ -74.50215, 40.82926 ], [ -74.50843, 40.83177 ], [ -74.51595, 40.83294 ], [ -74.5241, 40.83254 ], [ -74.52717, 40.83326 ], [ -74.53011, 40.83176 ], [ -74.53403, 40.83312 ] ] ] } },
{ "type": "Feature", "properties": { "GEOID": "34013017600", "county_name": "Essex", "need_score": 14.9, "uninsured_pct": 8.42, "under_200_fpl_pct": 23.54, "total_pop": 5523 }, "geometry": { "type": "Polygon", "coordinates": [ [ [ -74.23858, 40.79265 ], [ -74.23538, 40.79276 ], [ -74.23447, 40.79398 ], [ -74.23489, 40.7961 ], [ -74.2345, 40.80083 ], [ -74.22377, 40.79224 ], [ -74.22451, 40.79082 ], [ -74.22792, 40.79182 ], [ -74.229, 40.78977 ], [ -74.23111, 40.78804 ], [ -74.23634, 40.78878 ], [ -74.23886, 40.79107 ], [ -74.23858, 40.79265 ] ] ] } },
{ "type": "Feature", "properties": { "GEOID": "34035052603", "county_name": "Somerset", "need_score": 11.4, "uninsured_pct": 1.03, "under_200_fpl_pct": 14.71, "total_pop": 4564 }, "geometry": { "type": "Polygon", "coordinates": [ [ [ -74.55075, 40.66366 ], [ -74.54662, 40.66554 ], [ -74.54024, 40.66617 ], [ -74.54092, 40.66768 ], [ -74.54043, 40.67369 ], [ -74.54086, 40.67618 ], [ -74.54573, 40.68187 ], [ -74.54733, 40.68569 ], [ -74.5359, 40.68748 ], [ -74.53984, 40.69356 ], [ -74.51425, 40.69452 ], [ -74.51663, 40.69301 ], [ -74.51878, 40.69376 ], [ -74.51888, 40.69161 ], [ -74.5169, 40.69085 ], [ -74.5173, 40.68873 ], [ -74.52126, 40.68826 ], [ -74.52295, 40.68946 ], [ -74.52448, 40.68914 ], [ -74.52466, 40.68773 ], [ -74.52577, 40.68702 ], [ -74.52634, 40.68508 ], [ -74.52788, 40.68434 ], [ -74.52874, 40.68008 ], [ -74.52727, 40.67552 ], [ -74.52586, 40.67332 ], [ -74.52568, 40.67062 ], [ -74.5289, 40.66936 ], [ -74.52985, 40.66757 ], [ -74.53196, 40.667 ], [ -74.53328, 40.66792 ], [ -74.53436, 40.66731 ], [ -74.53388, 40.6654 ], [ -74.53203, 40.66578 ], [ -74.52957, 40.66467 ], [ -74.52855, 40.66248 ], [ -74.52559, 40.66061 ], [ -74.52726, 40.65909 ], [ -74.52582, 40.65583 ], [ -74.52598, 40.65389 ], [ -74.52412, 40.65445 ], [ -74.52438, 40.65294 ], [ -74.52608, 40.65225 ], [ -74.52479, 40.65118 ], [ -74.52284, 40.65183 ], [ -74.52393, 40.64984 ], [ -74.52323, 40.64916 ], [ -74.53055, 40.64796 ], [ -74.5324, 40.64961 ], [ -74.5377, 40.65013 ], [ -74.53997, 40.65182 ], [ -74.54615, 40.65147 ], [ -74.55075, 40.66366 ] ] ] } },
{ "type": "Feature", "properties": { "GEOID": "34035052800", "county_name": "Somerset", "need_score": 9.6, "uninsured_pct": 12.45, "under_200_fpl_pct": 6.02, "total_pop": 2547 }, "geometry": { "type": "Polygon", "coordinates": [ [ [ -74.67945, 40.73013 ], [ -74.63126, 40.74114 ], [ -74.62927, 40.73996 ], [ -74.63096, 40.73858 ], [ -74.63051, 40.73697 ], [ -74.63226, 40.73364 ], [ -74.63586, 40.73096 ], [ -74.63705, 40.72841 ], [ -74.64261, 40.7276 ], [ -74.64358, 40.72571 ], [ -74.64151, 40.72533 ], [ -74.6401, 40.72426 ], [ -74.63828, 40.71993 ], [ -74.63799, 40.71772 ], [ -74.63272, 40.71542 ], [ -74.63332, 40.71287 ], [ -74.63664, 40.70904 ], [ -74.63612, 40.70523 ], [ -74.63524, 40.7034 ], [ -74.63619, 40.70225 ], [ -74.6359, 40.70059 ], [ -74.63828, 40.69888 ], [ -74.64053, 40.69871 ], [ -74.6429, 40.69758 ], [ -74.64707, 40.70072 ], [ -74.64785, 40.69995 ], [ -74.65043, 40.69958 ], [ -74.65116, 40.69789 ], [ -74.6506, 40.69644 ], [ -74.66798, 40.69468 ], [ -74.67556, 40.69768 ], [ -74.67501, 40.6994 ], [ -74.67618, 40.70365 ], [ -74.67693, 40.71264 ], [ -74.67934, 40.71912 ], [ -74.67945, 40.73013 ] ] ] } },
{ "type": "Feature", "properties": { "GEOID": "34035052201", "county_name": "Somerset", "need_score": 7.7, "uninsured_pct": 1.18, "under_200_fpl_pct": 8.46, "total_pop": 5592 }, "geometry": { "type": "Polygon", "coordinates": [ [ [ -74.52323, 40.64916 ], [ -74.51943, 40.64961 ], [ -74.51807, 40.64859 ], [ -74.51788, 40.65018 ], [ -74.51622, 40.65011 ], [ -74.51526, 40.65109 ], [ -74.51309, 40.64956 ], [ -74.51035, 40.65046 ], [ -74.50993, 40.65181 ], [ -74.5077, 40.65258 ], [ -74.50644, 40.65528 ], [ -74.50495, 40.65688 ], [ -74.506, 40.65851 ], [ -74.5037, 40.65963 ], [ -74.50107, 40.65882 ], [ -74.49868, 40.65955 ], [ -74.49893, 40.66138 ], [ -74.49737, 40.66119 ], [ -74.49544, 40.66201 ], [ -74.49402, 40.66104 ], [ -74.49193, 40.66143 ], [ -74.49072, 40.66341 ], [ -74.48908, 40.66365 ], [ -74.48538, 40.66244 ], [ -74.48413, 40.66333 ], [ -74.48481, 40.66545 ], [ -74.47641, 40.66647 ], [ -74.47377, 40.66931 ], [ -74.46966, 40.66793 ], [ -74.46214, 40.67163 ], [ -74.46103, 40.6735 ], [ -74.45085, 40.65415 ], [ -74.44869, 40.65523 ], [ -74.44839, 40.65363 ], [ -74.492, 40.6119 ], [ -74.4946, 40.61518 ], [ -74.49775, 40.62467 ], [ -74.49831, 40.62918 ], [ -74.50313, 40.63357 ], [ -74.51082, 40.6353 ], [ -74.51394, 40.63768 ], [ -74.51541, 40.64207 ], [ -74.51988, 40.64541 ], [ -74.52323, 40.64916 ] ] ] } },
{ "type": "Feature", "properties": { "GEOID": "34035053706", "county_name": "Somerset", "need_score": 5.4, "uninsured_pct": 2.16, "under_200_fpl_pct": 8.77, "total_pop": 4632 }, "geometry": { "type": "Polygon", "coordinates": [ [ [ -74.67228, 40.50737 ], [ -74.66938, 40.54405 ], [ -74.66756, 40.54921 ], [ -74.65392, 40.55209 ], [ -74.64872, 40.5562 ], [ -74.64584, 40.56038 ], [ -74.63712, 40.56476 ], [ -74.63573, 40.56463 ], [ -74.63447, 40.55867 ], [ -74.63841, 40.55798 ], [ -74.64047, 40.55626 ], [ -74.64221, 40.5528 ], [ -74.64162, 40.55065 ], [ -74.64021, 40.54926 ], [ -74.63964, 40.54667 ], [ -74.64152, 40.52595 ], [ -74.64387, 40.52498 ], [ -74.64222, 40.51968 ], [ -74.64248, 40.51828 ], [ -74.64869, 40.51873 ], [ -74.6497, 40.50639 ], [ -74.67228, 40.50737 ] ] ] } },
{ "type": "Feature", "properties": { "GEOID": "34019011600", "county_name": "Hunterdon", "need_score": 9.1, "uninsured_pct": 2.71, "under_200_fpl_pct": 5.2, "total_pop": 4984 }, "geometry": { "type": "Polygon", "coordinates": [ [ [ -75.04435, 40.41259 ], [ -75.00806, 40.4479 ], [ -74.95376, 40.50319 ], [ -74.93645, 40.51939 ], [ -74.9305, 40.51163 ], [ -74.93079, 40.50891 ], [ -74.9299, 40.50099 ], [ -74.92831, 40.4983 ], [ -74.92789, 40.4949 ], [ -74.92644, 40.49159 ], [ -74.92194, 40.48551 ], [ -74.91579, 40.48548 ], [ -74.91407, 40.48173 ], [ -74.91013, 40.48063 ], [ -74.90699, 40.48068 ], [ -74.90298, 40.47855 ], [ -74.90081, 40.47877 ], [ -74.8978, 40.47316 ], [ -74.89342, 40.47086 ], [ -74.8893, 40.47026 ], [ -74.88487, 40.46712 ], [ -74.88042, 40.45995 ], [ -74.87807, 40.45802 ], [ -74.87712, 40.45273 ], [ -74.874, 40.44676 ], [ -74.87505, 40.44646 ], [ -74.87771, 40.44718 ], [ -74.8895, 40.44453 ], [ -74.89803, 40.44407 ], [ -74.90087, 40.44125 ], [ -74.90375, 40.43582 ], [ -74.90626, 40.43498 ], [ -74.90926, 40.43234 ], [ -74.91238, 40.42663 ], [ -74.91383, 40.42612 ], [ -74.91463, 40.42493 ], [ -74.916, 40.42484 ], [ -74.91297, 40.41896 ], [ -74.91789, 40.41178 ], [ -74.92102, 40.40587 ], [ -74.92794, 40.39766 ], [ -74.93763, 40.39233 ], [ -74.94268, 40.38819 ], [ -74.94628, 40.38621 ], [ -74.94751, 40.38481 ], [ -74.94905, 40.37863 ], [ -74.95426, 40.37655 ], [ -74.964, 40.39525 ], [ -74.96813, 40.39913 ], [ -74.97687, 40.40185 ], [ -74.98274, 40.40443 ], [ -74.9889, 40.40877 ], [ -74.99638, 40.41053 ], [ -74.99865, 40.41009 ], [ -75.00378, 40.40762 ], [ -75.00674, 40.40765 ], [ -75.02478, 40.40346 ], [ -75.02832, 40.40388 ], [ -75.03443, 40.40607 ], [ -75.0355, 40.40744 ], [ -75.04435, 40.41259 ] ] ] } },
{ "type": "Feature", "properties": { "GEOID": "34019010100", "county_name": "Hunterdon", "need_score": 9.0, "uninsured_pct": 1.26, "under_200_fpl_pct": 7.06, "total_pop": 5883 }, "geometry": { "type": "Polygon", "coordinates": [ [ [ -74.84615, 40.6983 ], [ -74.8432, 40.70272 ], [ -74.8383, 40.70726 ], [ -74.8384, 40.70969 ], [ -74.8363, 40.71134 ], [ -74.83652, 40.71196 ], [ -74.83099, 40.71361 ], [ -74.82219, 40.71497 ], [ -74.83141, 40.72514 ], [ -74.83342, 40.72564 ], [ -74.8329, 40.72925 ], [ -74.83082, 40.73239 ], [ -74.8307, 40.73368 ], [ -74.8285, 40.73418 ], [ -74.82686, 40.73629 ], [ -74.82654, 40.7394 ], [ -74.8239, 40.74237 ], [ -74.81707, 40.74289 ], [ -74.80823, 40.74114 ], [ -74.79861, 40.74171 ], [ -74.79801, 40.74219 ], [ -74.79368, 40.74034 ], [ -74.77099, 40.73605 ], [ -74.7529, 40.73113 ], [ -74.74418, 40.72642 ], [ -74.7425, 40.72606 ], [ -74.74094, 40.72402 ], [ -74.73733, 40.72162 ], [ -74.7327, 40.72008 ], [ -74.72495, 40.71947 ], [ -74.72215, 40.71601 ], [ -74.72025, 40.71519 ], [ -74.72108, 40.71283 ], [ -74.72054, 40.7097 ], [ -74.71952, 40.70778 ], [ -74.72004, 40.70636 ], [ -74.71699, 40.70494 ], [ -74.71655, 40.70391 ], [ -74.71803, 40.7032 ], [ -74.71585, 40.70074 ], [ -74.71663, 40.69869 ], [ -74.72073, 40.69683 ], [ -74.72137, 40.69411 ], [ -74.72116, 40.69158 ], [ -74.72394, 40.68784 ], [ -74.72125, 40.68515 ], [ -74.71955, 40.68542 ], [ -74.71774, 40.68399 ], [ -74.71846, 40.68057 ], [ -74.72037, 40.6797 ], [ -74.72208, 40.67741 ], [ -74.72162, 40.67675 ], [ -74.7227, 40.67009 ], [ -74.72658, 40.667 ], [ -74.73078, 40.66556 ], [ -74.72984, 40.66297 ], [ -74.72907, 40.66282 ], [ -74.72906, 40.6609 ], [ -74.72755, 40.65861 ], [ -74.72136, 40.65555 ], [ -74.71958, 40.65182 ], [ -74.72093, 40.65096 ], [ -74.72395, 40.64686 ], [ -74.74197, 40.65474 ], [ -74.76298, 40.62536 ], [ -74.76681, 40.62929 ], [ -74.76618, 40.63234 ], [ -74.76326, 40.63531 ], [ -74.76085, 40.63538 ], [ -74.7599, 40.63814 ], [ -74.75886, 40.63818 ], [ -74.75832, 40.63964 ], [ -74.76008, 40.64198 ], [ -74.76029, 40.64437 ], [ -74.76365, 40.64727 ], [ -74.76546, 40.64771 ], [ -74.76466, 40.65281 ], [ -74.76136, 40.65826 ], [ -74.76333, 40.6603 ], [ -74.76464, 40.66036 ], [ -74.76617, 40.66235 ], [ -74.7672, 40.66669 ], [ -74.76885, 40.66791 ], [ -74.77107, 40.66847 ], [ -74.77653, 40.66663 ], [ -74.78769, 40.65431 ], [ -74.8213, 40.66665 ], [ -74.82104, 40.66836 ], [ -74.82645, 40.66824 ], [ -74.83122, 40.67898 ], [ -74.83489, 40.68105 ], [ -74.83616, 40.68369 ], [ -74.83873, 40.68377 ], [ -74.84006, 40.68672 ], [ -74.83991, 40.68847 ], [ -74.84581, 40.69559 ], [ -74.84615, 40.6983 ] ] ] } },
{ "type": "Feature", "properties": { "GEOID": "34035050703", "county_name": "Somerset", "need_score": 13.3, "uninsured_pct": 1.52, "under_200_fpl_pct": 12.82, "total_pop": 4428 }, "geometry": { "type": "Polygon", "coordinates": [ [ [ -74.66988, 40.59529 ], [ -74.65501, 40.59283 ], [ -74.62505, 40.58272 ], [ -74.62512, 40.58364 ], [ -74.63018, 40.58487 ], [ -74.63144, 40.58654 ], [ -74.63219, 40.5901 ], [ -74.63052, 40.59346 ], [ -74.62411, 40.59283 ], [ -74.61301, 40.59392 ], [ -74.60926, 40.59363 ], [ -74.60816, 40.58354 ], [ -74.60613, 40.58174 ], [ -74.60633, 40.57844 ], [ -74.60893, 40.57879 ], [ -74.6085, 40.58055 ], [ -74.61851, 40.5817 ], [ -74.62035, 40.58009 ], [ -74.62235, 40.58071 ], [ -74.625, 40.58045 ], [ -74.62538, 40.5739 ], [ -74.64791, 40.58604 ], [ -74.65202, 40.58336 ], [ -74.66199, 40.58279 ], [ -74.66154, 40.58536 ], [ -74.66327, 40.58662 ], [ -74.66319, 40.58942 ], [ -74.6658, 40.59189 ], [ -74.67003, 40.59168 ], [ -74.66988, 40.59529 ] ] ] } },
{ "type": "Feature", "properties": { "GEOID": "34027045403", "county_name": "Morris", "need_score": 14.2, "uninsured_pct": 8.31, "under_200_fpl_pct": 22.82, "total_pop": 3358 }, "geometry": { "type": "Polygon", "coordinates": [ [ [ -74.65658, 40.89234 ], [ -74.65501, 40.90171 ], [ -74.64787, 40.89905 ], [ -74.64035, 40.91109 ], [ -74.65153, 40.91208 ], [ -74.64882, 40.91298 ], [ -74.64716, 40.91662 ], [ -74.6443, 40.91596 ], [ -74.63963, 40.91745 ], [ -74.63791, 40.9173 ], [ -74.63462, 40.91525 ], [ -74.6343, 40.91356 ], [ -74.63595, 40.9133 ], [ -74.63615, 40.91168 ], [ -74.63773, 40.91016 ], [ -74.63757, 40.90901 ], [ -74.63597, 40.90784 ], [ -74.63481, 40.90441 ], [ -74.63586, 40.90378 ], [ -74.63339, 40.90139 ], [ -74.63242, 40.89802 ], [ -74.62993, 40.89836 ], [ -74.6299, 40.89727 ], [ -74.63389, 40.89613 ], [ -74.63347, 40.89465 ], [ -74.63664, 40.89398 ], [ -74.63903, 40.89482 ], [ -74.65224, 40.89178 ], [ -74.65658, 40.89234 ] ] ] } },
{ "type": "Feature", "properties": { "GEOID": "34027043900", "county_name": "Morris", "need_score": 6.4, "uninsured_pct": 1.59, "under_200_fpl_pct": 5.55, "total_pop": 5085 }, "geometry": { "type": "Polygon", "coordinates": [ [ [ -74.43078, 40.74377 ], [ -74.43002, 40.746 ], [ -74.41439, 40.7425 ], [ -74.40992, 40.7405 ], [ -74.40883, 40.74132 ], [ -74.40545, 40.73994 ], [ -74.40221, 40.74128 ], [ -74.39897, 40.74451 ], [ -74.39449, 40.7365 ], [ -74.39972, 40.72753 ], [ -74.39688, 40.72588 ], [ -74.39078, 40.72539 ], [ -74.39121, 40.72132 ], [ -74.39075, 40.71845 ], [ -74.39597, 40.71722 ], [ -74.40232, 40.71798 ], [ -74.40376, 40.71599 ], [ -74.40734, 40.71342 ], [ -74.40754, 40.71446 ], [ -74.40312, 40.71852 ], [ -74.40201, 40.72031 ], [ -74.4113, 40.72873 ], [ -74.41698, 40.73102 ], [ -74.41837, 40.73227 ], [ -74.42009, 40.73578 ], [ -74.42644, 40.73778 ], [ -74.42902, 40.73987 ], [ -74.43051, 40.74128 ], [ -74.43078, 40.74377 ] ] ] } },
{ "type": "Feature", "properties": { "GEOID": "34027044404", "county_name": "Morris", "need_score": 5.6, "uninsured_pct": 2.76, "under_200_fpl_pct": 2.99, "total_pop": 4453 }, "geometry": { "type": "Polygon", "coordinates": [ [ [ -74.53404, 40.91811 ], [ -74.53231, 40.92003 ], [ -74.52886, 40.9212 ], [ -74.52697, 40.92045 ], [ -74.52487, 40.91856 ], [ -74.52051, 40.91822 ], [ -74.51464, 40.92142 ], [ -74.51287, 40.92067 ], [ -74.51026, 40.92159 ], [ -74.51034, 40.92222 ], [ -74.50763, 40.92071 ], [ -74.5038, 40.91655 ], [ -74.50035, 40.91486 ], [ -74.50125, 40.91164 ], [ -74.50353, 40.90937 ], [ -74.50702, 40.91055 ], [ -74.50888, 40.91194 ], [ -74.51689, 40.90809 ], [ -74.52098, 40.9098 ], [ -74.52611, 40.91039 ], [ -74.52912, 40.91489 ], [ -74.53294, 40.91651 ], [ -74.53404, 40.91811 ] ] ] } },
{ "type": "Feature", "properties": { "GEOID": "34027046298", "county_name": "Morris", "need_score": 6.9, "uninsured_pct": 1.89, "under_200_fpl_pct": 7.07, "total_pop": 5351 }, "geometry": { "type": "Polygon", "coordinates": [ [ [ -74.8297, 40.74579 ], [ -74.82635, 40.74904 ], [ -74.82384, 40.76077 ], [ -74.82149, 40.76153 ], [ -74.82091, 40.76315 ], [ -74.81677, 40.76536 ], [ -74.81253, 40.77059 ], [ -74.80547, 40.77307 ], [ -74.79893, 40.77656 ], [ -74.78641, 40.78477 ], [ -74.77527, 40.78831 ], [ -74.76761, 40.79487 ], [ -74.76079, 40.79716 ], [ -74.75098, 40.79876 ], [ -74.74855, 40.79998 ], [ -74.72393, 40.81731 ], [ -74.72548, 40.80552 ], [ -74.72879, 40.792 ], [ -74.74062, 40.76454 ], [ -74.73978, 40.76461 ], [ -74.73815, 40.76248 ], [ -74.73596, 40.76128 ], [ -74.73456, 40.75901 ], [ -74.73174, 40.75767 ], [ -74.732, 40.75382 ], [ -74.73121, 40.75113 ], [ -74.72544, 40.74789 ], [ -74.72598, 40.74678 ], [ -74.72945, 40.74579 ], [ -74.73103, 40.74462 ], [ -74.73098, 40.73953 ], [ -74.72776, 40.73749 ], [ -74.72785, 40.73616 ], [ -74.72923, 40.73414 ], [ -74.72871, 40.73366 ], [ -74.7307, 40.73099 ], [ -74.731, 40.72949 ], [ -74.72906, 40.7246 ], [ -74.7277, 40.72406 ], [ -74.72959, 40.72179 ], [ -74.72567, 40.71953 ], [ -74.7327, 40.72008 ], [ -74.73733, 40.72162 ], [ -74.74094, 40.72402 ], [ -74.7425, 40.72606 ], [ -74.74418, 40.72642 ], [ -74.7529, 40.73113 ], [ -74.77099, 40.73605 ], [ -74.79368, 40.74034 ], [ -74.79801, 40.74219 ], [ -74.79861, 40.74171 ], [ -74.80823, 40.74114 ], [ -74.81707, 40.74289 ], [ -74.8239, 40.74237 ], [ -74.8297, 40.74579 ] ] ] } },
{ "type": "Feature", "properties": { "GEOID": "34035053807", "county_name": "Somerset", "need_score": 5.3, "uninsured_pct": 0.53, "under_200_fpl_pct": 2.79, "total_pop": 7213 }, "geometry": { "type": "Polygon", "coordinates": [ [ [ -74.62038, 40.49662 ], [ -74.60066, 40.49806 ], [ -74.59966, 40.49299 ], [ -74.58354, 40.49516 ], [ -74.577, 40.48321 ], [ -74.57556, 40.47873 ], [ -74.57624, 40.4763 ], [ -74.576, 40.47482 ], [ -74.57226, 40.4729 ], [ -74.57218, 40.47174 ], [ -74.57681, 40.46722 ], [ -74.58001, 40.46596 ], [ -74.58324, 40.46343 ], [ -74.58776, 40.4613 ], [ -74.59358, 40.45673 ], [ -74.59497, 40.45497 ], [ -74.61058, 40.45818 ], [ -74.60576, 40.47318 ], [ -74.62682, 40.47775 ], [ -74.62038, 40.49662 ] ] ] } },
{ "type": "Feature", "properties": { "GEOID": "34023004800", "county_name": "Middlesex", "need_score": 39.2, "uninsured_pct": 37.0, "under_200_fpl_pct": 56.28, "total_pop": 6417 }, "geometry": { "type": "Polygon", "coordinates": [ [ [ -74.29031, 40.52055 ], [ -74.28451, 40.51774 ], [ -74.28608, 40.51557 ], [ -74.27254, 40.51186 ], [ -74.28047, 40.49699 ], [ -74.28779, 40.4984 ], [ -74.28898, 40.4994 ], [ -74.28836, 40.50319 ], [ -74.28914, 40.50558 ], [ -74.2917, 40.50783 ], [ -74.29031, 40.52055 ] ] ] } },
{ "type": "Feature", "properties": { "GEOID": "34023008601", "county_name": "Middlesex", "need_score": 10.5, "uninsured_pct": 1.98, "under_200_fpl_pct": 4.08, "total_pop": 4995 }, "geometry": { "type": "Polygon", "coordinates": [ [ [ -74.63023, 40.34313 ], [ -74.62828, 40.346 ], [ -74.62441, 40.36523 ], [ -74.60276, 40.36048 ], [ -74.58514, 40.35768 ], [ -74.58082, 40.35772 ], [ -74.57794, 40.36064 ], [ -74.57328, 40.36337 ], [ -74.5659, 40.36184 ], [ -74.61369, 40.32423 ], [ -74.61788, 40.32501 ], [ -74.62085, 40.32417 ], [ -74.62218, 40.3245 ], [ -74.62265, 40.32531 ], [ -74.62234, 40.32816 ], [ -74.62447, 40.32884 ], [ -74.6231, 40.33176 ], [ -74.62327, 40.33443 ], [ -74.63101, 40.34011 ], [ -74.63023, 40.34313 ] ] ] } },
{ "type": "Feature", "properties": { "GEOID": "34023007000", "county_name": "Middlesex", "need_score": 12.7, "uninsured_pct": 1.72, "under_200_fpl_pct": 19.54, "total_pop": 7691 }, "geometry": { "type": "Polygon", "coordinates": [ [ [ -74.38889, 40.44276 ], [ -74.38662, 40.44271 ], [ -74.37676, 40.4449 ], [ -74.37371, 40.44697 ], [ -74.36974, 40.44853 ], [ -74.36829, 40.44751 ], [ -74.36349, 40.44641 ], [ -74.36209, 40.44441 ], [ -74.35999, 40.44341 ], [ -74.35949, 40.44231 ], [ -74.36043, 40.4399 ], [ -74.35965, 40.43912 ], [ -74.35721, 40.43864 ], [ -74.35666, 40.43739 ], [ -74.35786, 40.43457 ], [ -74.35365, 40.43178 ], [ -74.35633, 40.42959 ], [ -74.36597, 40.42901 ], [ -74.36533, 40.43322 ], [ -74.37595, 40.43226 ], [ -74.37925, 40.42895 ], [ -74.39047, 40.44103 ], [ -74.38889, 40.44276 ] ] ] } },
{ "type": "Feature", "properties": { "GEOID": "34023007500", "county_name": "Middlesex", "need_score": 11.4, "uninsured_pct": 6.44, "under_200_fpl_pct": 13.99, "total_pop": 3480 }, "geometry": { "type": "Polygon", "coordinates": [ [ [ -74.29789, 40.4816 ], [ -74.29129, 40.49645 ], [ -74.28779, 40.4984 ], [ -74.26906, 40.49483 ], [ -74.27269, 40.48841 ], [ -74.27111, 40.48641 ], [ -74.27643, 40.48401 ], [ -74.27737, 40.48525 ], [ -74.28889, 40.4801 ], [ -74.29229, 40.47596 ], [ -74.29789, 40.4816 ] ] ] } },
{ "type": "Feature", "properties": { "GEOID": "34023006403", "county_name": "Middlesex", "need_score": 8.5, "uninsured_pct": 5.99, "under_200_fpl_pct": 7.88, "total_pop": 2857 }, "geometry": { "type": "Polygon", "coordinates": [ [ [ -74.42654, 40.46708 ], [ -74.42545, 40.46672 ], [ -74.41949, 40.46751 ], [ -74.4181, 40.4688 ], [ -74.41968, 40.47321 ], [ -74.41569, 40.47631 ], [ -74.41373, 40.48139 ], [ -74.41143, 40.484 ], [ -74.40739, 40.48049 ], [ -74.4017, 40.47977 ], [ -74.39789, 40.48116 ], [ -74.39248, 40.48526 ], [ -74.38786, 40.48732 ], [ -74.38508, 40.48721 ], [ -74.38399, 40.48611 ], [ -74.38349, 40.48181 ], [ -74.38219, 40.4798 ], [ -74.37969, 40.4783 ], [ -74.37681, 40.4778 ], [ -74.37564, 40.47509 ], [ -74.376, 40.47431 ], [ -74.37904, 40.47364 ], [ -74.37927, 40.47241 ], [ -74.37817, 40.47007 ], [ -74.37887, 40.46921 ], [ -74.38214, 40.46902 ], [ -74.38228, 40.46801 ], [ -74.37909, 40.4643 ], [ -74.37916, 40.46287 ], [ -74.38133, 40.46223 ], [ -74.38436, 40.46318 ], [ -74.38627, 40.46466 ], [ -74.40345, 40.46276 ], [ -74.40799, 40.46856 ], [ -74.40915, 40.4725 ], [ -74.4155, 40.46236 ], [ -74.42017, 40.46407 ], [ -74.42606, 40.46438 ], [ -74.42654, 40.46708 ] ] ] } },
{ "type": "Feature", "properties": { "GEOID": "34013017301", "county_name": "Essex", "need_score": 9.4, "uninsured_pct": 2.18, "under_200_fpl_pct": 9.14, "total_pop": 5302 }, "geometry": { "type": "Polygon", "coordinates": [ [ [ -74.28227, 40.80351 ], [ -74.26897, 40.82679 ], [ -74.26476, 40.82507 ], [ -74.25087, 40.82434 ], [ -74.25493, 40.81761 ], [ -74.25983, 40.81176 ], [ -74.26643, 40.79796 ], [ -74.27235, 40.79915 ], [ -74.28227, 40.80351 ] ] ] } },
{ "type": "Feature", "properties": { "GEOID": "34013015600", "county_name": "Essex", "need_score": 8.7, "uninsured_pct": 0.69, "under_200_fpl_pct": 12.31, "total_pop": 4631 }, "geometry": { "type": "Polygon", "coordinates": [ [ [ -74.21004, 40.78699 ], [ -74.20406, 40.79436 ], [ -74.20156, 40.7957 ], [ -74.19943, 40.79188 ], [ -74.19695, 40.79222 ], [ -74.19552, 40.7896 ], [ -74.19928, 40.78698 ], [ -74.20109, 40.78422 ], [ -74.20145, 40.78171 ], [ -74.21185, 40.78569 ], [ -74.21004, 40.78699 ] ] ] } },
{ "type": "Feature", "properties": { "GEOID": "34013002000", "county_name": "Essex", "need_score": 28.6, "uninsured_pct": 5.44, "under_200_fpl_pct": 55.56, "total_pop": 4138 }, "geometry": { "type": "Polygon", "coordinates": [ [ [ -74.23686, 40.74555 ], [ -74.23529, 40.75014 ], [ -74.23317, 40.75153 ], [ -74.22637, 40.75116 ], [ -74.22892, 40.74645 ], [ -74.23686, 40.74555 ] ] ] } },
{ "type": "Feature", "properties": { "GEOID": "34013011700", "county_name": "Essex", "need_score": 16.5, "uninsured_pct": 8.25, "under_200_fpl_pct": 32.36, "total_pop": 2973 }, "geometry": { "type": "Polygon", "coordinates": [ [ [ -74.22637, 40.75116 ], [ -74.22408, 40.75532 ], [ -74.21562, 40.75243 ], [ -74.21446, 40.75449 ], [ -74.21111, 40.75308 ], [ -74.21261, 40.74909 ], [ -74.2187, 40.74886 ], [ -74.22637, 40.75116 ] ] ] } },
{ "type": "Feature", "properties": { "GEOID": "34037371300", "county_name": "Sussex", "need_score": 6.4, "uninsured_pct": 3.72, "under_200_fpl_pct": 7.32, "total_pop": 3981 }, "geometry": { "type": "Polygon", "coordinates": [ [ [ -74.5769, 41.19696 ], [ -74.57521, 41.19794 ], [ -74.57324, 41.19779 ], [ -74.57294, 41.19893 ], [ -74.57694, 41.20248 ], [ -74.57477, 41.20591 ], [ -74.57073, 41.20646 ], [ -74.56953, 41.21041 ], [ -74.57274, 41.21253 ], [ -74.57067, 41.21568 ], [ -74.57099, 41.21784 ], [ -74.56908, 41.21917 ], [ -74.56197, 41.2206 ], [ -74.56154, 41.22191 ], [ -74.5635, 41.22266 ], [ -74.56255, 41.22519 ], [ -74.56373, 41.22742 ], [ -74.56401, 41.22964 ], [ -74.56267, 41.23376 ], [ -74.56384, 41.23474 ], [ -74.56439, 41.23656 ], [ -74.5638, 41.23923 ], [ -74.56468, 41.24049 ], [ -74.56424, 41.24153 ], [ -74.56152, 41.24259 ], [ -74.55979, 41.24477 ], [ -74.56074, 41.24762 ], [ -74.55979, 41.24954 ], [ -74.55741, 41.25218 ], [ -74.554, 41.25433 ], [ -74.55385, 41.25555 ], [ -74.55104, 41.25751 ], [ -74.54788, 41.25682 ], [ -74.54878, 41.26103 ], [ -74.54706, 41.26575 ], [ -74.54905, 41.26879 ], [ -74.54649, 41.26976 ], [ -74.53838, 41.27627 ], [ -74.53925, 41.27847 ], [ -74.53642, 41.28061 ], [ -74.53669, 41.2847 ], [ -74.47696, 41.25704 ], [ -74.4788, 41.2511 ], [ -74.4883, 41.25163 ], [ -74.49108, 41.25005 ], [ -74.49575, 41.24979 ], [ -74.50852, 41.24024 ], [ -74.51072, 41.24083 ], [ -74.51642, 41.23529 ], [ -74.52047, 41.23402 ], [ -74.52235, 41.23129 ], [ -74.525, 41.22376 ], [ -74.53105, 41.22062 ], [ -74.53794, 41.21341 ], [ -74.54404, 41.21061 ], [ -74.54777, 41.21091 ], [ -74.54985, 41.21043 ], [ -74.55285, 41.20913 ], [ -74.55743, 41.20533 ], [ -74.5612, 41.20339 ], [ -74.56611, 41.19831 ], [ -74.56825, 41.19379 ], [ -74.57047, 41.19341 ], [ -74.57509, 41.19388 ], [ -74.57703, 41.19607 ], [ -74.5769, 41.19696 ] ] ] } },
{ "type": "Feature", "properties": { "GEOID": "34037372400", "county_name": "Sussex", "need_score": 10.5, "uninsured_pct": 4.92, "under_200_fpl_pct": 13.84, "total_pop": 2462 }, "geometry": { "type": "Polygon", "coordinates": [ [ [ -74.72533, 41.10818 ], [ -74.6569, 41.16009 ], [ -74.65856, 41.1619 ], [ -74.62447, 41.16134 ], [ -74.63854, 41.11867 ], [ -74.66775, 41.09413 ], [ -74.68543, 41.05203 ], [ -74.718, 41.0926 ], [ -74.71994, 41.09227 ], [ -74.72113, 41.09291 ], [ -74.71981, 41.09421 ], [ -74.72232, 41.09603 ], [ -74.72098, 41.09713 ], [ -74.72656, 41.1046 ], [ -74.72533, 41.10818 ] ] ] } },
{ "type": "Feature", "properties": { "GEOID": "34019010201", "county_name": "Hunterdon", "need_score": 8.9, "uninsured_pct": 0.85, "under_200_fpl_pct": 9.58, "total_pop": 2972 }, "geometry": { "type": "Polygon", "coordinates": [ [ [ -74.96779, 40.71199 ], [ -74.96555, 40.71574 ], [ -74.96528, 40.71763 ], [ -74.96351, 40.72047 ], [ -74.96019, 40.72281 ], [ -74.95832, 40.72543 ], [ -74.95173, 40.72774 ], [ -74.94652, 40.73481 ], [ -74.94289, 40.73801 ], [ -74.94129, 40.73862 ], [ -74.94043, 40.74091 ], [ -74.93503, 40.74587 ], [ -74.93397, 40.74802 ], [ -74.9308, 40.74904 ], [ -74.93113, 40.75064 ], [ -74.92986, 40.75195 ], [ -74.92813, 40.75227 ], [ -74.92726, 40.75457 ], [ -74.91903, 40.75906 ], [ -74.91523, 40.76244 ], [ -74.91503, 40.7645 ], [ -74.9133, 40.76655 ], [ -74.9077, 40.76878 ], [ -74.90272, 40.77184 ], [ -74.90349, 40.77341 ], [ -74.9035, 40.7759 ], [ -74.90243, 40.77728 ], [ -74.90462, 40.78056 ], [ -74.8998, 40.78291 ], [ -74.89553, 40.78399 ], [ -74.88982, 40.78773 ], [ -74.8484, 40.76138 ], [ -74.84853, 40.76023 ], [ -74.85073, 40.75746 ], [ -74.85676, 40.75321 ], [ -74.85834, 40.75063 ], [ -74.86101, 40.74853 ], [ -74.86139, 40.74547 ], [ -74.86253, 40.74421 ], [ -74.86455, 40.74552 ], [ -74.86984, 40.74642 ], [ -74.87055, 40.75063 ], [ -74.87515, 40.74896 ], [ -74.87739, 40.74986 ], [ -74.88127, 40.74882 ], [ -74.88333, 40.74699 ], [ -74.88375, 40.74547 ], [ -74.88517, 40.74481 ], [ -74.88881, 40.74471 ], [ -74.88899, 40.74325 ], [ -74.88808, 40.74126 ], [ -74.8847, 40.73563 ], [ -74.88121, 40.73142 ], [ -74.88199, 40.72884 ], [ -74.88789, 40.71941 ], [ -74.8942, 40.71693 ], [ -74.89922, 40.70663 ], [ -74.90411, 40.70248 ], [ -74.90443, 40.70066 ], [ -74.90732, 40.69829 ], [ -74.90971, 40.69524 ], [ -74.91138, 40.69259 ], [ -74.9128, 40.68852 ], [ -74.91459, 40.68644 ], [ -74.92273, 40.68137 ], [ -74.92909, 40.68477 ], [ -74.93247, 40.68564 ], [ -74.9339, 40.68678 ], [ -74.93399, 40.68733 ], [ -74.9326, 40.68803 ], [ -74.93269, 40.69322 ], [ -74.93361, 40.69414 ], [ -74.92837, 40.69547 ], [ -74.92599, 40.697 ], [ -74.92597, 40.69958 ], [ -74.92885, 40.70205 ], [ -74.93058, 40.70493 ], [ -74.93333, 40.71248 ], [ -74.93518, 40.71129 ], [ -74.94885, 40.71083 ], [ -74.95133, 40.71572 ], [ -74.94904, 40.71994 ], [ -74.95648, 40.71755 ], [ -74.96471, 40.71151 ], [ -74.96779, 40.71199 ] ] ] } },
{ "type": "Feature", "properties": { "GEOID": "34023008204", "county_name": "Middlesex", "need_score": 27.9, "uninsured_pct": 3.08, "under_200_fpl_pct": 25.18, "total_pop": 4476 }, "geometry": { "type": "Polygon", "coordinates": [ [ [ -74.49056, 40.30353 ], [ -74.47977, 40.31564 ], [ -74.47806, 40.32563 ], [ -74.45303, 40.32102 ], [ -74.4559, 40.31802 ], [ -74.45673, 40.31241 ], [ -74.45669, 40.30346 ], [ -74.46374, 40.30124 ], [ -74.46685, 40.30275 ], [ -74.47326, 40.30202 ], [ -74.49056, 40.30353 ] ] ] } },
{ "type": "Feature", "properties": { "GEOID": "34023003002", "county_name": "Middlesex", "need_score": 5.7, "uninsured_pct": 1.28, "under_200_fpl_pct": 7.87, "total_pop": 6162 }, "geometry": { "type": "Polygon", "coordinates": [ [ [ -74.32034, 40.55934 ], [ -74.30919, 40.56184 ], [ -74.302, 40.55982 ], [ -74.29852, 40.55934 ], [ -74.29587, 40.55995 ], [ -74.29205, 40.55472 ], [ -74.29108, 40.55141 ], [ -74.29157, 40.54351 ], [ -74.30864, 40.54096 ], [ -74.31702, 40.55269 ], [ -74.32034, 40.55934 ] ] ] } },
{ "type": "Feature", "properties": { "GEOID": "34013020902", "county_name": "Essex", "need_score": 11.3, "uninsured_pct": 3.65, "under_200_fpl_pct": 10.64, "total_pop": 6211 }, "geometry": { "type": "Polygon", "coordinates": [ [ [ -74.3349, 40.82781 ], [ -74.3329, 40.82946 ], [ -74.3299, 40.83022 ], [ -74.3288, 40.83192 ], [ -74.32985, 40.83416 ], [ -74.32904, 40.83852 ], [ -74.31288, 40.83238 ], [ -74.31213, 40.83309 ], [ -74.3057, 40.82992 ], [ -74.30156, 40.82683 ], [ -74.29836, 40.82958 ], [ -74.29968, 40.83034 ], [ -74.29873, 40.83136 ], [ -74.29033, 40.82498 ], [ -74.29145, 40.82388 ], [ -74.28931, 40.82177 ], [ -74.28495, 40.81918 ], [ -74.28504, 40.81786 ], [ -74.2799, 40.81794 ], [ -74.27643, 40.81457 ], [ -74.28058, 40.80674 ], [ -74.28379, 40.80808 ], [ -74.28691, 40.80694 ], [ -74.29229, 40.80997 ], [ -74.29678, 40.8105 ], [ -74.29928, 40.80812 ], [ -74.30402, 40.81036 ], [ -74.30915, 40.81124 ], [ -74.31067, 40.81194 ], [ -74.31039, 40.81225 ], [ -74.31331, 40.81315 ], [ -74.31375, 40.81104 ], [ -74.31683, 40.81153 ], [ -74.31729, 40.80992 ], [ -74.32208, 40.81083 ], [ -74.32223, 40.8124 ], [ -74.32597, 40.81231 ], [ -74.32711, 40.8155 ], [ -74.33213, 40.81674 ], [ -74.33437, 40.81817 ], [ -74.3322, 40.8217 ], [ -74.33415, 40.82477 ], [ -74.3349, 40.82781 ] ] ] } },
{ "type": "Feature", "properties": { "GEOID": "34013017900", "county_name": "Essex", "need_score": 5.9, "uninsured_pct": 2.91, "under_200_fpl_pct": 3.78, "total_pop": 3680 }, "geometry": { "type": "Polygon", "coordinates": [ [ [ -74.26166, 40.76033 ], [ -74.25493, 40.77021 ], [ -74.25459, 40.77257 ], [ -74.2526, 40.77692 ], [ -74.24591, 40.77531 ], [ -74.2529, 40.76101 ], [ -74.25429, 40.76006 ], [ -74.25532, 40.75812 ], [ -74.26166, 40.76033 ] ] ] } },
{ "type": "Feature", "properties": { "GEOID": "34041030600", "county_name": "Warren", "need_score": 15.3, "uninsured_pct": 6.18, "under_200_fpl_pct": 27.44, "total_pop": 4340 }, "geometry": { "type": "Polygon", "coordinates": [ [ [ -75.20277, 40.69454 ], [ -75.19811, 40.70654 ], [ -75.19168, 40.70009 ], [ -75.18171, 40.70586 ], [ -75.17972, 40.70262 ], [ -75.17819, 40.7035 ], [ -75.17714, 40.70181 ], [ -75.17517, 40.70273 ], [ -75.17404, 40.70089 ], [ -75.17743, 40.69886 ], [ -75.17628, 40.69698 ], [ -75.17273, 40.69746 ], [ -75.17445, 40.69597 ], [ -75.17651, 40.69141 ], [ -75.1813, 40.68842 ], [ -75.18276, 40.68981 ], [ -75.18518, 40.68854 ], [ -75.18782, 40.69124 ], [ -75.18756, 40.69224 ], [ -75.1914, 40.69541 ], [ -75.19094, 40.69548 ], [ -75.19527, 40.69656 ], [ -75.20277, 40.69454 ] ] ] } },
{ "type": "Feature", "properties": { "GEOID": "34013017000", "county_name": "Essex", "need_score": 9.7, "uninsured_pct": 1.44, "under_200_fpl_pct": 18.36, "total_pop": 2680 }, "geometry": { "type": "Polygon", "coordinates": [ [ [ -74.22588, 40.80008 ], [ -74.22273, 40.81242 ], [ -74.22138, 40.81329 ], [ -74.21795, 40.8128 ], [ -74.21832, 40.81142 ], [ -74.21588, 40.81103 ], [ -74.21526, 40.80958 ], [ -74.21402, 40.80902 ], [ -74.21682, 40.80595 ], [ -74.21397, 40.80347 ], [ -74.21727, 40.79957 ], [ -74.21879, 40.80041 ], [ -74.21901, 40.79796 ], [ -74.22588, 40.80008 ] ] ] } },
{ "type": "Feature", "properties": { "GEOID": "34013004100", "county_name": "Essex", "need_score": 23.8, "uninsured_pct": 12.39, "under_200_fpl_pct": 55.33, "total_pop": 3978 }, "geometry": { "type": "Polygon", "coordinates": [ [ [ -74.21122, 40.72298 ], [ -74.2095, 40.72747 ], [ -74.20063, 40.72558 ], [ -74.20217, 40.72187 ], [ -74.20715, 40.72293 ], [ -74.21122, 40.72298 ] ] ] } },
{ "type": "Feature", "properties": { "GEOID": "34019010202", "county_name": "Hunterdon", "need_score": 7.7, "uninsured_pct": 1.58, "under_200_fpl_pct": 8.95, "total_pop": 4306 }, "geometry": { "type": "Polygon", "coordinates": [ [ [ -74.92389, 40.68185 ], [ -74.92273, 40.68137 ], [ -74.91459, 40.68644 ], [ -74.9128, 40.68852 ], [ -74.91138, 40.69259 ], [ -74.90971, 40.69524 ], [ -74.90732, 40.69829 ], [ -74.90443, 40.70066 ], [ -74.90411, 40.70248 ], [ -74.89922, 40.70663 ], [ -74.8942, 40.71693 ], [ -74.88789, 40.71941 ], [ -74.88199, 40.72884 ], [ -74.88121, 40.73142 ], [ -74.8847, 40.73563 ], [ -74.88808, 40.74126 ], [ -74.88899, 40.74325 ], [ -74.88881, 40.74471 ], [ -74.88517, 40.74481 ], [ -74.88375, 40.74547 ], [ -74.88333, 40.74699 ], [ -74.88127, 40.74882 ], [ -74.87739, 40.74986 ], [ -74.87515, 40.74896 ], [ -74.87055, 40.75063 ], [ -74.86984, 40.74642 ], [ -74.86455, 40.74552 ], [ -74.86253, 40.74421 ], [ -74.86139, 40.74547 ], [ -74.86101, 40.74853 ], [ -74.85834, 40.75063 ], [ -74.85676, 40.75321 ], [ -74.85073, 40.75746 ], [ -74.84853, 40.76023 ], [ -74.8484, 40.76138 ], [ -74.84407, 40.75858 ], [ -74.84302, 40.75602 ], [ -74.82748, 40.74407 ], [ -74.8239, 40.74237 ], [ -74.82654, 40.7394 ], [ -74.82686, 40.73629 ], [ -74.8285, 40.73418 ], [ -74.8307, 40.73368 ], [ -74.83082, 40.73239 ], [ -74.8329, 40.72925 ], [ -74.83342, 40.72564 ], [ -74.83141, 40.72514 ], [ -74.82219, 40.71497 ], [ -74.83099, 40.71361 ], [ -74.83652, 40.71196 ], [ -74.8363, 40.71134 ], [ -74.8384, 40.70969 ], [ -74.8383, 40.70726 ], [ -74.8432, 40.70272 ], [ -74.84615, 40.6983 ], [ -74.84581, 40.69559 ], [ -74.84307, 40.6927 ], [ -74.89071, 40.68074 ], [ -74.91101, 40.67666 ], [ -74.91193, 40.67009 ], [ -74.91578, 40.66887 ], [ -74.91736, 40.6709 ], [ -74.91756, 40.67453 ], [ -74.91618, 40.67624 ], [ -74.91799, 40.67834 ], [ -74.92085, 40.67976 ], [ -74.92353, 40.68009 ], [ -74.92389, 40.68185 ] ] ] } },
{ "type": "Feature", "properties": { "GEOID": "34013022900", "county_name": "Essex", "need_score": 18.1, "uninsured_pct": 7.04, "under_200_fpl_pct": 42.31, "total_pop": 4914 }, "geometry": { "type": "Polygon", "coordinates": [ [ [ -74.18469, 40.7508 ], [ -74.17933, 40.74974 ], [ -74.1777, 40.7512 ], [ -74.17065, 40.75101 ], [ -74.17006, 40.7497 ], [ -74.16546, 40.751 ], [ -74.16595, 40.74511 ], [ -74.16379, 40.7392 ], [ -74.16778, 40.73958 ], [ -74.16895, 40.74139 ], [ -74.17033, 40.73874 ], [ -74.17734, 40.74066 ], [ -74.17411, 40.747 ], [ -74.17938, 40.74817 ], [ -74.18469, 40.7508 ] ] ] } },
{ "type": "Feature", "properties": { "GEOID": "34035053405", "county_name": "Somerset", "need_score": 11.1, "uninsured_pct": 11.62, "under_200_fpl_pct": 12.38, "total_pop": 4476 }, "geometry": { "type": "Polygon", "coordinates": [ [ [ -74.5917, 40.45794 ], [ -74.58776, 40.4613 ], [ -74.58324, 40.46343 ], [ -74.58001, 40.46596 ], [ -74.57681, 40.46722 ], [ -74.57218, 40.47174 ], [ -74.57226, 40.4729 ], [ -74.576, 40.47482 ], [ -74.57624, 40.4763 ], [ -74.57556, 40.47873 ], [ -74.577, 40.48321 ], [ -74.58715, 40.50285 ], [ -74.57511, 40.50354 ], [ -74.5419, 40.49761 ], [ -74.50775, 40.48559 ], [ -74.48431, 40.48017 ], [ -74.49532, 40.46894 ], [ -74.50448, 40.46306 ], [ -74.52078, 40.47224 ], [ -74.52484, 40.46902 ], [ -74.53984, 40.47742 ], [ -74.55745, 40.44823 ], [ -74.57599, 40.45609 ], [ -74.57587, 40.45757 ], [ -74.58209, 40.4608 ], [ -74.58289, 40.46084 ], [ -74.58808, 40.45763 ], [ -74.5917, 40.45794 ] ] ] } },
{ "type": "Feature", "properties": { "GEOID": "34023006208", "county_name": "Middlesex", "need_score": 9.0, "uninsured_pct": 4.04, "under_200_fpl_pct": 21.95, "total_pop": 7566 }, "geometry": { "type": "Polygon", "coordinates": [ [ [ -74.51892, 40.42932 ], [ -74.49413, 40.44977 ], [ -74.48535, 40.44433 ], [ -74.48407, 40.44494 ], [ -74.48143, 40.44332 ], [ -74.4782, 40.44014 ], [ -74.48666, 40.43494 ], [ -74.49087, 40.43108 ], [ -74.49601, 40.42501 ], [ -74.49763, 40.42166 ], [ -74.50492, 40.42507 ], [ -74.5056, 40.42652 ], [ -74.51457, 40.41345 ], [ -74.51487, 40.41423 ], [ -74.50998, 40.4212 ], [ -74.51026, 40.42188 ], [ -74.50792, 40.42461 ], [ -74.50858, 40.42701 ], [ -74.51027, 40.42733 ], [ -74.51138, 40.42677 ], [ -74.51892, 40.42932 ] ] ] } },
{ "type": "Feature", "properties": { "GEOID": "34023007913", "county_name": "Middlesex", "need_score": 16.5, "uninsured_pct": 1.92, "under_200_fpl_pct": 12.86, "total_pop": 3849 }, "geometry": { "type": "Polygon", "coordinates": [ [ [ -74.30837, 40.38529 ], [ -74.30809, 40.39276 ], [ -74.30645, 40.40161 ], [ -74.29593, 40.40317 ], [ -74.29796, 40.39795 ], [ -74.29761, 40.39429 ], [ -74.29797, 40.39454 ], [ -74.29951, 40.38833 ], [ -74.30472, 40.38533 ], [ -74.29716, 40.3833 ], [ -74.29294, 40.37996 ], [ -74.29249, 40.3811 ], [ -74.28966, 40.38147 ], [ -74.2871, 40.37848 ], [ -74.29068, 40.3766 ], [ -74.29427, 40.37659 ], [ -74.29489, 40.37358 ], [ -74.29088, 40.37298 ], [ -74.30518, 40.36189 ], [ -74.30837, 40.38529 ] ] ] } },
{ "type": "Feature", "properties": { "GEOID": "34023004502", "county_name": "Middlesex", "need_score": 19.9, "uninsured_pct": 19.08, "under_200_fpl_pct": 41.49, "total_pop": 3931 }, "geometry": { "type": "Polygon", "coordinates": [ [ [ -74.2679, 40.54254 ], [ -74.26679, 40.54351 ], [ -74.26459, 40.54288 ], [ -74.2622, 40.53912 ], [ -74.25859, 40.53723 ], [ -74.25769, 40.53997 ], [ -74.2529, 40.54007 ], [ -74.25274, 40.53558 ], [ -74.24917, 40.5233 ], [ -74.25012, 40.52077 ], [ -74.25416, 40.51806 ], [ -74.25584, 40.51582 ], [ -74.26519, 40.5172 ], [ -74.2642, 40.51783 ], [ -74.26076, 40.52474 ], [ -74.267, 40.52549 ], [ -74.26695, 40.52968 ], [ -74.27102, 40.54253 ], [ -74.2679, 40.54254 ] ] ] } },
{ "type": "Feature", "properties": { "GEOID": "34019011700", "county_name": "Hunterdon", "need_score": 7.6, "uninsured_pct": 3.88, "under_200_fpl_pct": 6.33, "total_pop": 3922 }, "geometry": { "type": "Polygon", "coordinates": [ [ [ -74.91463, 40.42493 ], [ -74.91112, 40.42835 ], [ -74.90926, 40.43234 ], [ -74.90626, 40.43498 ], [ -74.90375, 40.43582 ], [ -74.90087, 40.44125 ], [ -74.89803, 40.44407 ], [ -74.8895, 40.44453 ], [ -74.87771, 40.44718 ], [ -74.87505, 40.44646 ], [ -74.874, 40.44676 ], [ -74.87503, 40.44554 ], [ -74.87282, 40.44071 ], [ -74.85821, 40.44591 ], [ -74.85787, 40.44349 ], [ -74.85625, 40.44168 ], [ -74.84084, 40.45326 ], [ -74.83447, 40.45674 ], [ -74.82989, 40.46045 ], [ -74.82926, 40.46492 ], [ -74.8268, 40.4673 ], [ -74.82577, 40.47067 ], [ -74.81757, 40.47805 ], [ -74.81134, 40.48 ], [ -74.80454, 40.48308 ], [ -74.78786, 40.48497 ], [ -74.78495, 40.48572 ], [ -74.78249, 40.48779 ], [ -74.74815, 40.42416 ], [ -74.80847, 40.41666 ], [ -74.80202, 40.38497 ], [ -74.83036, 40.38208 ], [ -74.83257, 40.38495 ], [ -74.83385, 40.39069 ], [ -74.83537, 40.39292 ], [ -74.84469, 40.39589 ], [ -74.86002, 40.40481 ], [ -74.86161, 40.4065 ], [ -74.86091, 40.40872 ], [ -74.86187, 40.41092 ], [ -74.86098, 40.4143 ], [ -74.86177, 40.41767 ], [ -74.86412, 40.42108 ], [ -74.86734, 40.41934 ], [ -74.86871, 40.41994 ], [ -74.86949, 40.42395 ], [ -74.87301, 40.42074 ], [ -74.87661, 40.41865 ], [ -74.88113, 40.41277 ], [ -74.88847, 40.40833 ], [ -74.89157, 40.40763 ], [ -74.89402, 40.42517 ], [ -74.90241, 40.42342 ], [ -74.91099, 40.42047 ], [ -74.91297, 40.41896 ], [ -74.916, 40.42484 ], [ -74.91463, 40.42493 ] ] ] } },
{ "type": "Feature", "properties": { "GEOID": "34027043601", "county_name": "Morris", "need_score": 6.3, "uninsured_pct": 1.47, "under_200_fpl_pct": 7.86, "total_pop": 3007 }, "geometry": { "type": "Polygon", "coordinates": [ [ [ -74.48114, 40.79635 ], [ -74.47797, 40.79751 ], [ -74.47924, 40.79934 ], [ -74.47293, 40.79976 ], [ -74.47056, 40.80188 ], [ -74.46598, 40.80174 ], [ -74.46461, 40.80086 ], [ -74.46798, 40.79867 ], [ -74.46923, 40.78851 ], [ -74.47241, 40.78899 ], [ -74.48114, 40.79635 ] ] ] } },
{ "type": "Feature", "properties": { "GEOID": "34027046500", "county_name": "Morris", "need_score": 15.6, "uninsured_pct": 13.8, "under_200_fpl_pct": 21.19, "total_pop": 7380 }, "geometry": { "type": "Polygon", "coordinates": [ [ [ -74.62787, 40.86146 ], [ -74.6236, 40.86588 ], [ -74.62364, 40.86683 ], [ -74.61732, 40.86455 ], [ -74.60739, 40.86241 ], [ -74.60232, 40.86259 ], [ -74.59934, 40.86516 ], [ -74.59922, 40.86712 ], [ -74.59767, 40.86799 ], [ -74.59689, 40.86936 ], [ -74.59371, 40.86854 ], [ -74.59179, 40.87349 ], [ -74.58426, 40.87198 ], [ -74.57907, 40.8776 ], [ -74.5697, 40.8745 ], [ -74.57632, 40.86969 ], [ -74.57923, 40.8658 ], [ -74.57505, 40.86558 ], [ -74.57263, 40.86477 ], [ -74.57406, 40.86237 ], [ -74.56996, 40.86258 ], [ -74.5712, 40.86032 ], [ -74.56316, 40.85928 ], [ -74.55857, 40.85763 ], [ -74.55343, 40.86042 ], [ -74.55217, 40.86266 ], [ -74.55085, 40.86307 ], [ -74.54943, 40.86479 ], [ -74.54442, 40.86695 ], [ -74.54331, 40.86903 ], [ -74.54482, 40.8696 ], [ -74.54708, 40.873 ], [ -74.5497, 40.87542 ], [ -74.54184, 40.88041 ], [ -74.54016, 40.88378 ], [ -74.53548, 40.88204 ], [ -74.53128, 40.87955 ], [ -74.52505, 40.88044 ], [ -74.5291, 40.85912 ], [ -74.53646, 40.85844 ], [ -74.53844, 40.85939 ], [ -74.54044, 40.8573 ], [ -74.54838, 40.85179 ], [ -74.5553, 40.85034 ], [ -74.55873, 40.85096 ], [ -74.56098, 40.85058 ], [ -74.56242, 40.85204 ], [ -74.56694, 40.85384 ], [ -74.57044, 40.85385 ], [ -74.57823, 40.85135 ], [ -74.58899, 40.84576 ], [ -74.59077, 40.84302 ], [ -74.59376, 40.84407 ], [ -74.59804, 40.84439 ], [ -74.60593, 40.85011 ], [ -74.61809, 40.85632 ], [ -74.62369, 40.86017 ], [ -74.62787, 40.86146 ] ] ] } },
{ "type": "Feature", "properties": { "GEOID": "34027045504", "county_name": "Morris", "need_score": 5.6, "uninsured_pct": 2.34, "under_200_fpl_pct": 6.25, "total_pop": 4590 }, "geometry": { "type": "Polygon", "coordinates": [ [ [ -74.70245, 40.89406 ], [ -74.69894, 40.89406 ], [ -74.6981, 40.89541 ], [ -74.69567, 40.89553 ], [ -74.69003, 40.89317 ], [ -74.68311, 40.89206 ], [ -74.6778, 40.89008 ], [ -74.66588, 40.89022 ], [ -74.66367, 40.88934 ], [ -74.65625, 40.88286 ], [ -74.65125, 40.87948 ], [ -74.64971, 40.87572 ], [ -74.6471, 40.87341 ], [ -74.68884, 40.84993 ], [ -74.69094, 40.85455 ], [ -74.69006, 40.85495 ], [ -74.70245, 40.89406 ] ] ] } },
{ "type": "Feature", "properties": { "GEOID": "34019011306", "county_name": "Hunterdon", "need_score": 6.0, "uninsured_pct": 4.11, "under_200_fpl_pct": 8.06, "total_pop": 4650 }, "geometry": { "type": "Polygon", "coordinates": [ [ [ -74.93079, 40.50891 ], [ -74.89359, 40.50417 ], [ -74.88814, 40.50453 ], [ -74.88264, 40.50638 ], [ -74.8792, 40.50682 ], [ -74.87606, 40.50646 ], [ -74.86754, 40.50306 ], [ -74.86724, 40.50048 ], [ -74.85928, 40.50048 ], [ -74.85583, 40.49937 ], [ -74.86171, 40.49216 ], [ -74.86391, 40.48373 ], [ -74.86358, 40.47672 ], [ -74.85991, 40.46482 ], [ -74.85921, 40.46004 ], [ -74.85979, 40.45713 ], [ -74.85821, 40.44591 ], [ -74.87282, 40.44071 ], [ -74.87503, 40.44554 ], [ -74.874, 40.44676 ], [ -74.87712, 40.45273 ], [ -74.87807, 40.45802 ], [ -74.88042, 40.45995 ], [ -74.88487, 40.46712 ], [ -74.8893, 40.47026 ], [ -74.89342, 40.47086 ], [ -74.8978, 40.47316 ], [ -74.90081, 40.47877 ], [ -74.90298, 40.47855 ], [ -74.90699, 40.48068 ], [ -74.91013, 40.48063 ], [ -74.91407, 40.48173 ], [ -74.91579, 40.48548 ], [ -74.92194, 40.48551 ], [ -74.92644, 40.49159 ], [ -74.92789, 40.4949 ], [ -74.92831, 40.4983 ], [ -74.9299, 40.50099 ], [ -74.93079, 40.50891 ] ] ] } },
{ "type": "Feature", "properties": { "GEOID": "34035050500", "county_name": "Somerset", "need_score": 14.0, "uninsured_pct": 15.55, "under_200_fpl_pct": 18.38, "total_pop": 3755 }, "geometry": { "type": "Polygon", "coordinates": [ [ [ -74.63762, 40.56616 ], [ -74.6387, 40.57417 ], [ -74.62538, 40.5739 ], [ -74.62546, 40.56964 ], [ -74.62329, 40.56547 ], [ -74.62587, 40.56546 ], [ -74.62612, 40.56314 ], [ -74.63021, 40.56454 ], [ -74.63573, 40.56463 ], [ -74.63604, 40.56548 ], [ -74.63936, 40.56519 ], [ -74.63762, 40.56616 ] ] ] } },
{ "type": "Feature", "properties": { "GEOID": "34027040801", "county_name": "Morris", "need_score": 6.3, "uninsured_pct": 1.28, "under_200_fpl_pct": 4.47, "total_pop": 4857 }, "geometry": { "type": "Polygon", "coordinates": [ [ [ -74.40436, 40.95163 ], [ -74.40127, 40.95395 ], [ -74.40076, 40.95957 ], [ -74.36391, 40.95785 ], [ -74.33653, 40.94439 ], [ -74.32201, 40.92813 ], [ -74.34117, 40.92428 ], [ -74.34629, 40.92077 ], [ -74.35051, 40.91686 ], [ -74.35425, 40.91564 ], [ -74.3607, 40.91671 ], [ -74.36312, 40.91617 ], [ -74.37109, 40.92104 ], [ -74.37396, 40.92194 ], [ -74.37738, 40.92167 ], [ -74.38505, 40.91789 ], [ -74.3922, 40.91293 ], [ -74.3935, 40.91741 ], [ -74.39097, 40.91945 ], [ -74.39416, 40.92614 ], [ -74.395, 40.92684 ], [ -74.39655, 40.92473 ], [ -74.39764, 40.9264 ], [ -74.39975, 40.92725 ], [ -74.39963, 40.92877 ], [ -74.40063, 40.93101 ], [ -74.3996, 40.93174 ], [ -74.40082, 40.93272 ], [ -74.39871, 40.93323 ], [ -74.40091, 40.9354 ], [ -74.40282, 40.93609 ], [ -74.40147, 40.93924 ], [ -74.39969, 40.93835 ], [ -74.40436, 40.95163 ] ] ] } },
{ "type": "Feature", "properties": { "GEOID": "34027046297", "county_name": "Morris", "need_score": 8.0, "uninsured_pct": 0.58, "under_200_fpl_pct": 7.61, "total_pop": 2942 }, "geometry": { "type": "Polygon", "coordinates": [ [ [ -74.88923, 40.78883 ], [ -74.88414, 40.79144 ], [ -74.8806, 40.79071 ], [ -74.87347, 40.79472 ], [ -74.86939, 40.79504 ], [ -74.86696, 40.79682 ], [ -74.86553, 40.80097 ], [ -74.86584, 40.8019 ], [ -74.86439, 40.80316 ], [ -74.86182, 40.80334 ], [ -74.8604, 40.80121 ], [ -74.85875, 40.80143 ], [ -74.85487, 40.8042 ], [ -74.85223, 40.80343 ], [ -74.85026, 40.80417 ], [ -74.84744, 40.80792 ], [ -74.84645, 40.80829 ], [ -74.84686, 40.8108 ], [ -74.84282, 40.81139 ], [ -74.83896, 40.81673 ], [ -74.83566, 40.81858 ], [ -74.8346, 40.82218 ], [ -74.82999, 40.82553 ], [ -74.83203, 40.82692 ], [ -74.83102, 40.829 ], [ -74.82722, 40.83232 ], [ -74.82581, 40.83248 ], [ -74.82296, 40.8346 ], [ -74.82161, 40.81701 ], [ -74.81886, 40.81413 ], [ -74.81845, 40.81257 ], [ -74.81936, 40.81081 ], [ -74.81773, 40.8075 ], [ -74.8159, 40.80642 ], [ -74.81392, 40.79968 ], [ -74.79038, 40.79185 ], [ -74.78486, 40.79303 ], [ -74.78424, 40.79081 ], [ -74.78504, 40.789 ], [ -74.78229, 40.78911 ], [ -74.78075, 40.78677 ], [ -74.78641, 40.78477 ], [ -74.795, 40.77878 ], [ -74.80547, 40.77307 ], [ -74.81253, 40.77059 ], [ -74.81677, 40.76536 ], [ -74.82091, 40.76315 ], [ -74.82149, 40.76153 ], [ -74.82384, 40.76077 ], [ -74.82635, 40.74904 ], [ -74.8297, 40.74579 ], [ -74.84302, 40.75602 ], [ -74.84407, 40.75858 ], [ -74.88982, 40.78773 ], [ -74.88923, 40.78883 ] ] ] } },
{ "type": "Feature", "properties": { "GEOID": "34027044000", "county_name": "Morris", "need_score": 6.0, "uninsured_pct": 3.55, "under_200_fpl_pct": 3.26, "total_pop": 5916 }, "geometry": { "type": "Polygon", "coordinates": [ [ [ -74.45518, 40.74499 ], [ -74.45245, 40.75309 ], [ -74.4435, 40.77163 ], [ -74.43638, 40.76605 ], [ -74.43997, 40.75465 ], [ -74.43827, 40.75355 ], [ -74.4382, 40.75231 ], [ -74.43327, 40.75007 ], [ -74.43226, 40.7511 ], [ -74.42882, 40.74958 ], [ -74.43078, 40.74377 ], [ -74.43051, 40.74128 ], [ -74.42644, 40.73778 ], [ -74.42009, 40.73578 ], [ -74.41837, 40.73227 ], [ -74.41698, 40.73102 ], [ -74.4113, 40.72873 ], [ -74.40201, 40.72031 ], [ -74.40312, 40.71852 ], [ -74.40754, 40.71446 ], [ -74.40734, 40.71342 ], [ -74.40841, 40.71021 ], [ -74.40994, 40.70953 ], [ -74.41186, 40.71036 ], [ -74.4132, 40.70981 ], [ -74.41385, 40.70727 ], [ -74.41575, 40.70557 ], [ -74.41848, 40.70514 ], [ -74.42151, 40.70319 ], [ -74.42351, 40.70305 ], [ -74.42502, 40.7018 ], [ -74.42681, 40.70184 ], [ -74.42709, 40.7006 ], [ -74.43008, 40.69776 ], [ -74.43051, 40.69366 ], [ -74.43177, 40.69299 ], [ -74.43408, 40.69357 ], [ -74.43797, 40.69164 ], [ -74.43964, 40.6897 ], [ -74.44112, 40.68956 ], [ -74.44376, 40.68804 ], [ -74.45518, 40.74499 ] ] ] } },
{ "type": "Feature", "properties": { "GEOID": "34027042301", "county_name": "Morris", "need_score": 5.9, "uninsured_pct": 1.03, "under_200_fpl_pct": 6.12, "total_pop": 2435 }, "geometry": { "type": "Polygon", "coordinates": [ [ [ -74.49585, 40.82686 ], [ -74.49427, 40.82929 ], [ -74.49527, 40.82993 ], [ -74.49274, 40.83343 ], [ -74.48758, 40.83379 ], [ -74.47966, 40.83257 ], [ -74.47852, 40.83217 ], [ -74.47736, 40.82119 ], [ -74.49393, 40.82473 ], [ -74.49548, 40.82525 ], [ -74.49585, 40.82686 ] ] ] } },
{ "type": "Feature", "properties": { "GEOID": "34027044504", "county_name": "Morris", "need_score": 8.9, "uninsured_pct": 2.51, "under_200_fpl_pct": 9.8, "total_pop": 4346 }, "geometry": { "type": "MultiPolygon", "coordinates": [ [ [ [ -74.5661, 40.90812 ], [ -74.56705, 40.91011 ], [ -74.52701, 40.91115 ], [ -74.52611, 40.91039 ], [ -74.52098, 40.9098 ], [ -74.51689, 40.90809 ], [ -74.5247, 40.90113 ], [ -74.52684, 40.90076 ], [ -74.5332, 40.90192 ], [ -74.53752, 40.90146 ], [ -74.54102, 40.90235 ], [ -74.54581, 40.90254 ], [ -74.54587, 40.90093 ], [ -74.54753, 40.89762 ], [ -74.55158, 40.89622 ], [ -74.553, 40.89436 ], [ -74.55505, 40.89525 ], [ -74.55298, 40.89956 ], [ -74.55609, 40.90044 ], [ -74.55544, 40.90322 ], [ -74.5679, 40.90431 ], [ -74.5661, 40.90812 ] ] ], [ [ [ -74.5686, 40.90066 ], [ -74.56792, 40.90429 ], [ -74.56629, 40.9033 ], [ -74.56643, 40.90221 ], [ -74.56188, 40.90181 ], [ -74.56254, 40.90072 ], [ -74.56202, 40.89775 ], [ -74.5686, 40.90066 ] ] ] ] } },
{ "type": "Feature", "properties": { "GEOID": "34013021701", "county_name": "Essex", "need_score": 10.9, "uninsured_pct": 2.97, "under_200_fpl_pct": 11.32, "total_pop": 3868 }, "geometry": { "type": "Polygon", "coordinates": [ [ [ -74.28521, 40.84703 ], [ -74.28018, 40.84819 ], [ -74.27684, 40.84631 ], [ -74.27543, 40.8479 ], [ -74.27352, 40.8469 ], [ -74.27462, 40.8447 ], [ -74.2678, 40.84233 ], [ -74.26306, 40.83876 ], [ -74.26361, 40.83517 ], [ -74.27056, 40.83584 ], [ -74.27187, 40.83653 ], [ -74.27657, 40.8401 ], [ -74.27976, 40.84154 ], [ -74.28361, 40.84495 ], [ -74.2863, 40.84558 ], [ -74.28521, 40.84703 ] ] ] } },
{ "type": "Feature", "properties": { "GEOID": "34023009300", "county_name": "Middlesex", "need_score": 32.9, "uninsured_pct": 17.07, "under_200_fpl_pct": 55.83, "total_pop": 5768 }, "geometry": { "type": "Polygon", "coordinates": [ [ [ -74.45016, 40.49314 ], [ -74.44018, 40.50159 ], [ -74.43617, 40.49643 ], [ -74.43437, 40.49079 ], [ -74.43206, 40.48917 ], [ -74.433, 40.48744 ], [ -74.43528, 40.48809 ], [ -74.43719, 40.48969 ], [ -74.4389, 40.4882 ], [ -74.438, 40.48769 ], [ -74.43901, 40.48573 ], [ -74.44531, 40.48956 ], [ -74.44472, 40.49012 ], [ -74.44817, 40.49224 ], [ -74.44759, 40.49279 ], [ -74.45016, 40.49314 ] ] ] } },
{ "type": "Feature", "properties": { "GEOID": "34019010500", "county_name": "Hunterdon", "need_score": 7.3, "uninsured_pct": 1.29, "under_200_fpl_pct": 7.33, "total_pop": 5184 }, "geometry": { "type": "Polygon", "coordinates": [ [ [ -75.19511, 40.57969 ], [ -75.19466, 40.58194 ], [ -75.1908, 40.58684 ], [ -75.19037, 40.59164 ], [ -75.1875, 40.59282 ], [ -75.18549, 40.59228 ], [ -75.1837, 40.59379 ], [ -75.18099, 40.5942 ], [ -75.18089, 40.59719 ], [ -75.17489, 40.59893 ], [ -75.17369, 40.60321 ], [ -75.17209, 40.60525 ], [ -75.16904, 40.60629 ], [ -75.16696, 40.60801 ], [ -75.16574, 40.61032 ], [ -75.16306, 40.61097 ], [ -75.1615, 40.6148 ], [ -75.16231, 40.61708 ], [ -75.1612, 40.6182 ], [ -75.15677, 40.61972 ], [ -75.15442, 40.62169 ], [ -75.14967, 40.6205 ], [ -75.14782, 40.6225 ], [ -75.14818, 40.62569 ], [ -75.14758, 40.62699 ], [ -75.14531, 40.62898 ], [ -75.13633, 40.63015 ], [ -75.13044, 40.63228 ], [ -75.12748, 40.63444 ], [ -75.11417, 40.63717 ], [ -75.11001, 40.63891 ], [ -75.10938, 40.63621 ], [ -75.10083, 40.63833 ], [ -75.09899, 40.63387 ], [ -75.09708, 40.63159 ], [ -75.09448, 40.63053 ], [ -75.08661, 40.62955 ], [ -75.08366, 40.6281 ], [ -75.0806, 40.62552 ], [ -75.07821, 40.61968 ], [ -75.07628, 40.61801 ], [ -75.07544, 40.61265 ], [ -75.07718, 40.61164 ], [ -75.07773, 40.60945 ], [ -75.07701, 40.60668 ], [ -75.07324, 40.60258 ], [ -75.06847, 40.59567 ], [ -75.05885, 40.59126 ], [ -75.05251, 40.58058 ], [ -75.055, 40.57914 ], [ -75.06216, 40.56781 ], [ -75.0629, 40.56451 ], [ -75.06164, 40.56115 ], [ -75.06387, 40.56126 ], [ -75.07055, 40.55933 ], [ -75.0727, 40.55778 ], [ -75.07669, 40.55713 ], [ -75.07999, 40.55914 ], [ -75.08278, 40.55886 ], [ -75.08358, 40.55959 ], [ -75.07865, 40.56858 ], [ -75.08695, 40.57767 ], [ -75.10433, 40.57808 ], [ -75.10559, 40.57328 ], [ -75.10389, 40.56877 ], [ -75.1109, 40.57067 ], [ -75.11729, 40.57321 ], [ -75.13675, 40.57573 ], [ -75.14191, 40.57527 ], [ -75.14737, 40.57315 ], [ -75.15845, 40.56529 ], [ -75.16287, 40.5641 ], [ -75.16861, 40.56411 ], [ -75.17531, 40.565 ], [ -75.18315, 40.56735 ], [ -75.18674, 40.56941 ], [ -75.19405, 40.57626 ], [ -75.19511, 40.57969 ] ] ] } },
{ "type": "Feature", "properties": { "GEOID": "34023000504", "county_name": "Middlesex", "need_score": 13.7, "uninsured_pct": 12.26, "under_200_fpl_pct": 15.73, "total_pop": 4763 }, "geometry": { "type": "Polygon", "coordinates": [ [ [ -74.446, 40.57239 ], [ -74.43813, 40.57185 ], [ -74.43679, 40.56952 ], [ -74.4358, 40.56162 ], [ -74.44444, 40.56151 ], [ -74.446, 40.57239 ] ] ] } },
{ "type": "Feature", "properties": { "GEOID": "34013016100", "county_name": "Essex", "need_score": 7.4, "uninsured_pct": 1.29, "under_200_fpl_pct": 7.39, "total_pop": 3729 }, "geometry": { "type": "Polygon", "coordinates": [ [ [ -74.21547, 40.84295 ], [ -74.2113, 40.84826 ], [ -74.20857, 40.8529 ], [ -74.2072, 40.85345 ], [ -74.20639, 40.85756 ], [ -74.20721, 40.85882 ], [ -74.2052, 40.86104 ], [ -74.20219, 40.85945 ], [ -74.20172, 40.86037 ], [ -74.197, 40.85946 ], [ -74.19787, 40.85705 ], [ -74.19234, 40.85407 ], [ -74.19425, 40.85089 ], [ -74.1956, 40.85248 ], [ -74.19782, 40.84788 ], [ -74.2003, 40.84796 ], [ -74.20369, 40.84274 ], [ -74.20441, 40.84038 ], [ -74.21197, 40.84188 ], [ -74.21077, 40.84383 ], [ -74.21235, 40.84421 ], [ -74.21547, 40.84295 ] ] ] } },
{ "type": "Feature", "properties": { "GEOID": "34035054202", "county_name": "Somerset", "need_score": 5.2, "uninsured_pct": 1.53, "under_200_fpl_pct": 1.69, "total_pop": 6176 }, "geometry": { "type": "Polygon", "coordinates": [ [ [ -74.75201, 40.43136 ], [ -74.73929, 40.43986 ], [ -74.71533, 40.44206 ], [ -74.70182, 40.46824 ], [ -74.66515, 40.47163 ], [ -74.65915, 40.47035 ], [ -74.66276, 40.46719 ], [ -74.66192, 40.4652 ], [ -74.65982, 40.46347 ], [ -74.65828, 40.45925 ], [ -74.66363, 40.44407 ], [ -74.65493, 40.41993 ], [ -74.65089, 40.41549 ], [ -74.6498, 40.41332 ], [ -74.64956, 40.40306 ], [ -74.66978, 40.4069 ], [ -74.67558, 40.40666 ], [ -74.67928, 40.40552 ], [ -74.68946, 40.40874 ], [ -74.69424, 40.40865 ], [ -74.70614, 40.40731 ], [ -74.71929, 40.4042 ], [ -74.72871, 40.4027 ], [ -74.73499, 40.39905 ], [ -74.75201, 40.43136 ] ] ] } },
{ "type": "Feature", "properties": { "GEOID": "34027041705", "county_name": "Morris", "need_score": 33.1, "uninsured_pct": 1.64, "under_200_fpl_pct": 27.97, "total_pop": 1587 }, "geometry": { "type": "Polygon", "coordinates": [ [ [ -74.40118, 40.86125 ], [ -74.39445, 40.86525 ], [ -74.39457, 40.86848 ], [ -74.39259, 40.87078 ], [ -74.39083, 40.8713 ], [ -74.39269, 40.87647 ], [ -74.39391, 40.87765 ], [ -74.39029, 40.87719 ], [ -74.39048, 40.87631 ], [ -74.38721, 40.87649 ], [ -74.38279, 40.87577 ], [ -74.3832, 40.8674 ], [ -74.38426, 40.86535 ], [ -74.38517, 40.86061 ], [ -74.3976, 40.86058 ], [ -74.40118, 40.86125 ] ] ] } },
{ "type": "Feature", "properties": { "GEOID": "34027043802", "county_name": "Morris", "need_score": 22.4, "uninsured_pct": 17.95, "under_200_fpl_pct": 30.18, "total_pop": 4384 }, "geometry": { "type": "Polygon", "coordinates": [ [ [ -74.4936, 40.81403 ], [ -74.49019, 40.81394 ], [ -74.48664, 40.81541 ], [ -74.48561, 40.81417 ], [ -74.48234, 40.81789 ], [ -74.48249, 40.81673 ], [ -74.48036, 40.81258 ], [ -74.48055, 40.81097 ], [ -74.48253, 40.80713 ], [ -74.48243, 40.80353 ], [ -74.48166, 40.8015 ], [ -74.47797, 40.79751 ], [ -74.48114, 40.79635 ], [ -74.48504, 40.79869 ], [ -74.48509, 40.80186 ], [ -74.48932, 40.80183 ], [ -74.48601, 40.80685 ], [ -74.48717, 40.80797 ], [ -74.48961, 40.80847 ], [ -74.48626, 40.81332 ], [ -74.48862, 40.81409 ], [ -74.49147, 40.81244 ], [ -74.49265, 40.81242 ], [ -74.4936, 40.81403 ] ] ] } },
{ "type": "Feature", "properties": { "GEOID": "34035053602", "county_name": "Somerset", "need_score": 5.2, "uninsured_pct": 2.85, "under_200_fpl_pct": 3.39, "total_pop": 6424 }, "geometry": { "type": "Polygon", "coordinates": [ [ [ -74.77534, 40.50455 ], [ -74.74308, 40.55326 ], [ -74.73549, 40.55893 ], [ -74.7307, 40.56358 ], [ -74.7246, 40.56618 ], [ -74.72254, 40.56948 ], [ -74.6878, 40.55667 ], [ -74.68741, 40.55535 ], [ -74.69617, 40.54671 ], [ -74.69834, 40.54337 ], [ -74.69827, 40.54231 ], [ -74.70275, 40.53974 ], [ -74.70932, 40.5374 ], [ -74.70958, 40.53584 ], [ -74.70605, 40.53386 ], [ -74.70532, 40.53257 ], [ -74.70533, 40.53162 ], [ -74.70768, 40.53063 ], [ -74.70698, 40.52712 ], [ -74.70357, 40.52475 ], [ -74.70421, 40.52099 ], [ -74.70539, 40.52002 ], [ -74.7125, 40.51743 ], [ -74.72126, 40.518 ], [ -74.72444, 40.52004 ], [ -74.72686, 40.52066 ], [ -74.72812, 40.51946 ], [ -74.72933, 40.51699 ], [ -74.72907, 40.51383 ], [ -74.72549, 40.50647 ], [ -74.72899, 40.50356 ], [ -74.73694, 40.50201 ], [ -74.74188, 40.50192 ], [ -74.74681, 40.50281 ], [ -74.74792, 40.50491 ], [ -74.75164, 40.50558 ], [ -74.7541, 40.50702 ], [ -74.75597, 40.50705 ], [ -74.76188, 40.50511 ], [ -74.76573, 40.50459 ], [ -74.76763, 40.50341 ], [ -74.77534, 40.50455 ] ] ] } },
{ "type": "Feature", "properties": { "GEOID": "34023004700", "county_name": "Middlesex", "need_score": 28.3, "uninsured_pct": 26.19, "under_200_fpl_pct": 44.11, "total_pop": 4146 }, "geometry": { "type": "Polygon", "coordinates": [ [ [ -74.29005, 40.52265 ], [ -74.28748, 40.52198 ], [ -74.27928, 40.5175 ], [ -74.271, 40.51512 ], [ -74.27254, 40.51186 ], [ -74.28608, 40.51557 ], [ -74.28451, 40.51774 ], [ -74.29031, 40.52055 ], [ -74.29005, 40.52265 ] ] ] } },
{ "type": "Feature", "properties": { "GEOID": "34023008101", "county_name": "Middlesex", "need_score": 13.8, "uninsured_pct": 2.34, "under_200_fpl_pct": 19.51, "total_pop": 4142 }, "geometry": { "type": "Polygon", "coordinates": [ [ [ -74.4123, 40.38725 ], [ -74.39889, 40.39232 ], [ -74.39323, 40.39142 ], [ -74.38583, 40.39742 ], [ -74.38659, 40.39931 ], [ -74.3874, 40.40739 ], [ -74.38112, 40.40912 ], [ -74.37599, 40.40577 ], [ -74.37303, 40.40798 ], [ -74.36953, 40.40288 ], [ -74.36991, 40.40157 ], [ -74.37428, 40.40161 ], [ -74.3752, 40.39975 ], [ -74.37725, 40.3988 ], [ -74.37662, 40.39768 ], [ -74.38122, 40.39573 ], [ -74.38106, 40.39422 ], [ -74.38262, 40.39207 ], [ -74.38026, 40.38712 ], [ -74.38224, 40.38654 ], [ -74.38275, 40.38319 ], [ -74.38147, 40.38319 ], [ -74.39356, 40.38207 ], [ -74.39335, 40.38535 ], [ -74.39594, 40.38549 ], [ -74.39674, 40.3845 ], [ -74.39817, 40.38554 ], [ -74.39901, 40.38401 ], [ -74.40045, 40.38375 ], [ -74.40349, 40.38088 ], [ -74.40522, 40.3817 ], [ -74.40773, 40.38097 ], [ -74.40778, 40.37983 ], [ -74.41024, 40.37938 ], [ -74.41035, 40.37882 ], [ -74.4114, 40.38388 ], [ -74.41336, 40.38738 ], [ -74.4123, 40.38725 ] ] ] } },
{ "type": "Feature", "properties": { "GEOID": "34023001600", "county_name": "Middlesex", "need_score": 13.2, "uninsured_pct": 11.07, "under_200_fpl_pct": 12.91, "total_pop": 4833 }, "geometry": { "type": "Polygon", "coordinates": [ [ [ -74.41571, 40.49274 ], [ -74.41344, 40.50126 ], [ -74.41089, 40.5011 ], [ -74.4119, 40.5065 ], [ -74.41474, 40.50644 ], [ -74.4038, 40.51428 ], [ -74.39903, 40.50605 ], [ -74.39879, 40.50424 ], [ -74.4104, 40.4982 ], [ -74.41275, 40.49504 ], [ -74.41306, 40.49344 ], [ -74.41571, 40.49274 ] ] ] } },
{ "type": "Feature", "properties": { "GEOID": "34023006103", "county_name": "Middlesex", "need_score": 14.8, "uninsured_pct": 12.53, "under_200_fpl_pct": 18.83, "total_pop": 5618 }, "geometry": { "type": "Polygon", "coordinates": [ [ [ -74.49146, 40.4532 ], [ -74.48557, 40.45709 ], [ -74.48353, 40.4618 ], [ -74.47896, 40.4682 ], [ -74.47734, 40.46724 ], [ -74.47121, 40.47324 ], [ -74.46781, 40.47118 ], [ -74.46895, 40.47024 ], [ -74.46099, 40.46787 ], [ -74.45446, 40.46667 ], [ -74.45367, 40.46741 ], [ -74.4481, 40.4648 ], [ -74.4794, 40.45622 ], [ -74.48621, 40.45487 ], [ -74.49113, 40.45224 ], [ -74.49146, 40.4532 ] ] ] } },
{ "type": "Feature", "properties": { "GEOID": "34013007700", "county_name": "Essex", "need_score": 41.3, "uninsured_pct": 44.39, "under_200_fpl_pct": 44.77, "total_pop": 2886 }, "geometry": { "type": "Polygon", "coordinates": [ [ [ -74.16402, 40.72799 ], [ -74.16154, 40.73115 ], [ -74.15546, 40.72795 ], [ -74.15695, 40.72592 ], [ -74.16402, 40.72799 ] ] ] } },
{ "type": "Feature", "properties": { "GEOID": "34013015000", "county_name": "Essex", "need_score": 10.1, "uninsured_pct": 2.9, "under_200_fpl_pct": 13.34, "total_pop": 3657 }, "geometry": { "type": "Polygon", "coordinates": [ [ [ -74.1975, 40.81259 ], [ -74.19169, 40.82821 ], [ -74.17892, 40.82862 ], [ -74.17934, 40.82643 ], [ -74.18141, 40.823 ], [ -74.18905, 40.81679 ], [ -74.1929, 40.81573 ], [ -74.19366, 40.8125 ], [ -74.1975, 40.81259 ] ] ] } },
{ "type": "Feature", "properties": { "GEOID": "34013012900", "county_name": "Essex", "need_score": 28.8, "uninsured_pct": 21.72, "under_200_fpl_pct": 57.34, "total_pop": 3983 }, "geometry": { "type": "Polygon", "coordinates": [ [ [ -74.23329, 40.72195 ], [ -74.22998, 40.7252 ], [ -74.22751, 40.72411 ], [ -74.22476, 40.72728 ], [ -74.22067, 40.72821 ], [ -74.22738, 40.71761 ], [ -74.23329, 40.72195 ] ] ] } },
{ "type": "Feature", "properties": { "GEOID": "34013009200", "county_name": "Essex", "need_score": 31.4, "uninsured_pct": 9.57, "under_200_fpl_pct": 62.83, "total_pop": 3326 }, "geometry": { "type": "Polygon", "coordinates": [ [ [ -74.17212, 40.76255 ], [ -74.16824, 40.76136 ], [ -74.1664, 40.76239 ], [ -74.16215, 40.76137 ], [ -74.16453, 40.7563 ], [ -74.16698, 40.75639 ], [ -74.16986, 40.75679 ], [ -74.1694, 40.75887 ], [ -74.17375, 40.76038 ], [ -74.17212, 40.76255 ] ] ] } },
{ "type": "Feature", "properties": { "GEOID": "34013017800", "county_name": "Essex", "need_score": 17.6, "uninsured_pct": 18.33, "under_200_fpl_pct": 22.13, "total_pop": 3694 }, "geometry": { "type": "Polygon", "coordinates": [ [ [ -74.25028, 40.76701 ], [ -74.24591, 40.77531 ], [ -74.24407, 40.77511 ], [ -74.24152, 40.77619 ], [ -74.24172, 40.7777 ], [ -74.24106, 40.77946 ], [ -74.23695, 40.77849 ], [ -74.23957, 40.77361 ], [ -74.2455, 40.76681 ], [ -74.24851, 40.76806 ], [ -74.25028, 40.76701 ] ] ] } },
{ "type": "Feature", "properties": { "GEOID": "34041032101", "county_name": "Warren", "need_score": 9.9, "uninsured_pct": 3.18, "under_200_fpl_pct": 13.4, "total_pop": 2984 }, "geometry": { "type": "Polygon", "coordinates": [ [ [ -75.10323, 40.71943 ], [ -75.04205, 40.7683 ], [ -75.01629, 40.73993 ], [ -74.98339, 40.70537 ], [ -74.99146, 40.7029 ], [ -74.99594, 40.70017 ], [ -75.00245, 40.69383 ], [ -75.00455, 40.69285 ], [ -75.00734, 40.69309 ], [ -75.01002, 40.69515 ], [ -75.01264, 40.693 ], [ -75.01465, 40.69296 ], [ -75.01694, 40.69461 ], [ -75.0192, 40.69206 ], [ -75.02257, 40.69217 ], [ -75.02318, 40.69095 ], [ -75.03403, 40.68357 ], [ -75.03766, 40.68363 ], [ -75.03938, 40.68268 ], [ -75.04222, 40.67957 ], [ -75.04405, 40.67871 ], [ -75.0475, 40.67968 ], [ -75.04916, 40.67946 ], [ -75.05285, 40.67633 ], [ -75.0546, 40.67639 ], [ -75.0602, 40.67303 ], [ -75.06209, 40.66974 ], [ -75.06825, 40.66861 ], [ -75.06972, 40.66693 ], [ -75.07378, 40.66596 ], [ -75.07702, 40.66355 ], [ -75.07912, 40.66013 ], [ -75.10323, 40.71943 ] ] ] } },
{ "type": "Feature", "properties": { "GEOID": "34013018000", "county_name": "Essex", "need_score": 5.9, "uninsured_pct": 1.13, "under_200_fpl_pct": 3.64, "total_pop": 6290 }, "geometry": { "type": "Polygon", "coordinates": [ [ [ -74.29173, 40.75752 ], [ -74.28795, 40.76306 ], [ -74.2866, 40.76879 ], [ -74.27551, 40.78284 ], [ -74.27498, 40.78428 ], [ -74.27022, 40.78275 ], [ -74.26811, 40.77985 ], [ -74.2668, 40.77919 ], [ -74.26182, 40.77835 ], [ -74.26096, 40.77446 ], [ -74.25619, 40.77759 ], [ -74.2526, 40.77692 ], [ -74.25459, 40.77257 ], [ -74.25493, 40.77021 ], [ -74.26166, 40.76033 ], [ -74.26783, 40.7623 ], [ -74.29173, 40.75752 ] ] ] } },
{ "type": "Feature", "properties": { "GEOID": "34035050802", "county_name": "Somerset", "need_score": 8.5, "uninsured_pct": 0.84, "under_200_fpl_pct": 7.28, "total_pop": 5007 }, "geometry": { "type": "Polygon", "coordinates": [ [ [ -74.64863, 40.62772 ], [ -74.64687, 40.62996 ], [ -74.64816, 40.63331 ], [ -74.64525, 40.63686 ], [ -74.64342, 40.63866 ], [ -74.64055, 40.63937 ], [ -74.63696, 40.64135 ], [ -74.63602, 40.63986 ], [ -74.63369, 40.62968 ], [ -74.62725, 40.62041 ], [ -74.62586, 40.61388 ], [ -74.62377, 40.61295 ], [ -74.62234, 40.61063 ], [ -74.61682, 40.60587 ], [ -74.61441, 40.6054 ], [ -74.60889, 40.60216 ], [ -74.60926, 40.59363 ], [ -74.61301, 40.59392 ], [ -74.62411, 40.59283 ], [ -74.63052, 40.59346 ], [ -74.63543, 40.59495 ], [ -74.63901, 40.5971 ], [ -74.64165, 40.59708 ], [ -74.64316, 40.60818 ], [ -74.64748, 40.62541 ], [ -74.64863, 40.62772 ] ] ] } },
{ "type": "Feature", "properties": { "GEOID": "34027040900", "county_name": "Morris", "need_score": 6.7, "uninsured_pct": 2.66, "under_200_fpl_pct": 1.75, "total_pop": 4392 }, "geometry": { "type": "Polygon", "coordinates": [ [ [ -74.46577, 40.92341 ], [ -74.45153, 40.93426 ], [ -74.45115, 40.93498 ], [ -74.45243, 40.93744 ], [ -74.45127, 40.9368 ], [ -74.44973, 40.93835 ], [ -74.44825, 40.93751 ], [ -74.42644, 40.9592 ], [ -74.4095, 40.95861 ], [ -74.40076, 40.95957 ], [ -74.40127, 40.95395 ], [ -74.40436, 40.95163 ], [ -74.39969, 40.93835 ], [ -74.40147, 40.93924 ], [ -74.40282, 40.93609 ], [ -74.40091, 40.9354 ], [ -74.39871, 40.93323 ], [ -74.40082, 40.93272 ], [ -74.3996, 40.93174 ], [ -74.40063, 40.93101 ], [ -74.39963, 40.92877 ], [ -74.39975, 40.92725 ], [ -74.39764, 40.9264 ], [ -74.39655, 40.92473 ], [ -74.395, 40.92684 ], [ -74.39416, 40.92614 ], [ -74.39097, 40.91945 ], [ -74.4024, 40.91029 ], [ -74.40383, 40.91573 ], [ -74.40594, 40.91832 ], [ -74.42281, 40.91069 ], [ -74.42633, 40.90726 ], [ -74.42554, 40.90405 ], [ -74.42814, 40.90107 ], [ -74.43126, 40.90158 ], [ -74.43623, 40.9035 ], [ -74.44074, 40.90731 ], [ -74.43843, 40.90937 ], [ -74.46577, 40.92341 ] ] ] } },
{ "type": "Feature", "properties": { "GEOID": "34027045000", "county_name": "Morris", "need_score": 31.2, "uninsured_pct": 25.33, "under_200_fpl_pct": 38.87, "total_pop": 5454 }, "geometry": { "type": "Polygon", "coordinates": [ [ [ -74.57782, 40.88602 ], [ -74.56882, 40.89207 ], [ -74.56936, 40.89496 ], [ -74.56912, 40.89827 ], [ -74.56818, 40.90033 ], [ -74.56202, 40.89775 ], [ -74.56254, 40.90072 ], [ -74.56188, 40.90181 ], [ -74.56643, 40.90221 ], [ -74.56629, 40.9033 ], [ -74.5679, 40.90431 ], [ -74.55544, 40.90322 ], [ -74.55609, 40.90044 ], [ -74.55298, 40.89956 ], [ -74.55505, 40.89525 ], [ -74.553, 40.89436 ], [ -74.55497, 40.89243 ], [ -74.55615, 40.88926 ], [ -74.55557, 40.88447 ], [ -74.55748, 40.88428 ], [ -74.55733, 40.88333 ], [ -74.56088, 40.88312 ], [ -74.56672, 40.88536 ], [ -74.57267, 40.88643 ], [ -74.57782, 40.88602 ] ] ] } },
{ "type": "Feature", "properties": { "GEOID": "34027044601", "county_name": "Morris", "need_score": 10.0, "uninsured_pct": 1.33, "under_200_fpl_pct": 13.69, "total_pop": 4660 }, "geometry": { "type": "Polygon", "coordinates": [ [ [ -74.53512, 40.98981 ], [ -74.53599, 40.99036 ], [ -74.53192, 40.99774 ], [ -74.53141, 40.99752 ], [ -74.52431, 41.00289 ], [ -74.52219, 41.0037 ], [ -74.52115, 41.00103 ], [ -74.51999, 41.00314 ], [ -74.5182, 41.00453 ], [ -74.51829, 41.00583 ], [ -74.51637, 41.00986 ], [ -74.51374, 41.01042 ], [ -74.51258, 41.00936 ], [ -74.51034, 41.0113 ], [ -74.51398, 41.01408 ], [ -74.51296, 41.01573 ], [ -74.51296, 41.01742 ], [ -74.51508, 41.02023 ], [ -74.51504, 41.02167 ], [ -74.51295, 41.02486 ], [ -74.51216, 41.02832 ], [ -74.50904, 41.03095 ], [ -74.5063, 41.03592 ], [ -74.50426, 41.03791 ], [ -74.50192, 41.03892 ], [ -74.50016, 41.0384 ], [ -74.4994, 41.03557 ], [ -74.49736, 41.03411 ], [ -74.49715, 41.03517 ], [ -74.4937, 41.03662 ], [ -74.49386, 41.03729 ], [ -74.49204, 41.03779 ], [ -74.49073, 41.03737 ], [ -74.48992, 41.03837 ], [ -74.48738, 41.0393 ], [ -74.485, 41.04276 ], [ -74.48274, 41.04348 ], [ -74.48198, 41.04314 ], [ -74.48131, 41.04551 ], [ -74.47938, 41.04571 ], [ -74.47588, 41.0479 ], [ -74.47013, 41.04776 ], [ -74.46631, 41.04896 ], [ -74.46131, 41.05201 ], [ -74.45641, 41.052 ], [ -74.44702, 41.05443 ], [ -74.4459, 41.05263 ], [ -74.44385, 41.0526 ], [ -74.44197, 41.0505 ], [ -74.44107, 41.04499 ], [ -74.49804, 41.00876 ], [ -74.53223, 40.97982 ], [ -74.53926, 40.98496 ], [ -74.53512, 40.98981 ] ] ] } },
{ "type": "Feature", "properties": { "GEOID": "34027045501", "county_name": "Morris", "need_score": 7.9, "uninsured_pct": 2.95, "under_200_fpl_pct": 9.17, "total_pop": 5059 }, "geometry": { "type": "Polygon", "coordinates": [ [ [ -74.68746, 40.84559 ], [ -74.68335, 40.84656 ], [ -74.67349, 40.84687 ], [ -74.66265, 40.84933 ], [ -74.65398, 40.84859 ], [ -74.64851, 40.84998 ], [ -74.6436, 40.85307 ], [ -74.65018, 40.85676 ], [ -74.65225, 40.85952 ], [ -74.6456, 40.86347 ], [ -74.64054, 40.86845 ], [ -74.63302, 40.86299 ], [ -74.62787, 40.86146 ], [ -74.6314, 40.85774 ], [ -74.63413, 40.85055 ], [ -74.63895, 40.84636 ], [ -74.64192, 40.8414 ], [ -74.64485, 40.83976 ], [ -74.64595, 40.83721 ], [ -74.65341, 40.84112 ], [ -74.68116, 40.82614 ], [ -74.68523, 40.84017 ], [ -74.68746, 40.84559 ] ] ] } },
{ "type": "Feature", "properties": { "GEOID": "34027040102", "county_name": "Morris", "need_score": 11.4, "uninsured_pct": 6.73, "under_200_fpl_pct": 15.48, "total_pop": 6721 }, "geometry": { "type": "Polygon", "coordinates": [ [ [ -74.32314, 40.9072 ], [ -74.32165, 40.91141 ], [ -74.32146, 40.92753 ], [ -74.32201, 40.92813 ], [ -74.31868, 40.928 ], [ -74.28371, 40.91989 ], [ -74.28441, 40.91742 ], [ -74.28264, 40.91688 ], [ -74.27954, 40.91828 ], [ -74.27771, 40.91684 ], [ -74.27905, 40.91612 ], [ -74.27168, 40.91542 ], [ -74.2666, 40.90931 ], [ -74.26669, 40.90773 ], [ -74.26868, 40.90747 ], [ -74.27159, 40.91003 ], [ -74.27222, 40.90866 ], [ -74.27164, 40.90761 ], [ -74.27352, 40.9065 ], [ -74.27091, 40.90319 ], [ -74.271, 40.90209 ], [ -74.27277, 40.89971 ], [ -74.27197, 40.89732 ], [ -74.27563, 40.89698 ], [ -74.28036, 40.89789 ], [ -74.2832, 40.89511 ], [ -74.28429, 40.89482 ], [ -74.28463, 40.89578 ], [ -74.28387, 40.89798 ], [ -74.28583, 40.89754 ], [ -74.28728, 40.89847 ], [ -74.28548, 40.89941 ], [ -74.28226, 40.89967 ], [ -74.28185, 40.90081 ], [ -74.28287, 40.90127 ], [ -74.28637, 40.90104 ], [ -74.28868, 40.89948 ], [ -74.29007, 40.89939 ], [ -74.2923, 40.90062 ], [ -74.29143, 40.90212 ], [ -74.29223, 40.90303 ], [ -74.29181, 40.90514 ], [ -74.29242, 40.9058 ], [ -74.29762, 40.90572 ], [ -74.30305, 40.90433 ], [ -74.3035, 40.90539 ], [ -74.30238, 40.90639 ], [ -74.30407, 40.90686 ], [ -74.30528, 40.90548 ], [ -74.30712, 40.90564 ], [ -74.30935, 40.90454 ], [ -74.31241, 40.9054 ], [ -74.3145, 40.90379 ], [ -74.31866, 40.90324 ], [ -74.31865, 40.90759 ], [ -74.31982, 40.90813 ], [ -74.32248, 40.90673 ], [ -74.32314, 40.9072 ] ] ] } },
{ "type": "Feature", "properties": { "GEOID": "34027044401", "county_name": "Morris", "need_score": 7.6, "uninsured_pct": 2.28, "under_200_fpl_pct": 8.64, "total_pop": 5303 }, "geometry": { "type": "Polygon", "coordinates": [ [ [ -74.59435, 40.90746 ], [ -74.59085, 40.927 ], [ -74.58327, 40.93479 ], [ -74.53223, 40.97982 ], [ -74.49804, 41.00876 ], [ -74.44107, 41.04499 ], [ -74.43971, 41.04319 ], [ -74.43784, 41.04304 ], [ -74.43578, 41.04054 ], [ -74.43326, 41.03945 ], [ -74.43281, 41.03805 ], [ -74.42755, 41.0369 ], [ -74.42682, 41.03544 ], [ -74.42769, 41.03189 ], [ -74.43254, 41.02636 ], [ -74.43504, 41.02002 ], [ -74.43017, 41.02017 ], [ -74.4306, 40.99334 ], [ -74.43202, 40.99254 ], [ -74.4321, 40.98401 ], [ -74.43075, 40.98461 ], [ -74.43117, 40.95937 ], [ -74.42644, 40.9592 ], [ -74.44825, 40.93751 ], [ -74.44973, 40.93835 ], [ -74.45127, 40.9368 ], [ -74.45243, 40.93744 ], [ -74.45115, 40.93498 ], [ -74.45153, 40.93426 ], [ -74.45251, 40.93494 ], [ -74.45655, 40.93504 ], [ -74.45843, 40.93404 ], [ -74.46279, 40.9338 ], [ -74.46674, 40.93097 ], [ -74.46994, 40.9274 ], [ -74.47501, 40.92714 ], [ -74.47697, 40.92824 ], [ -74.4773, 40.9293 ], [ -74.48106, 40.93241 ], [ -74.48534, 40.93162 ], [ -74.48674, 40.93062 ], [ -74.48574, 40.93202 ], [ -74.48992, 40.93435 ], [ -74.48994, 40.93277 ], [ -74.49439, 40.93274 ], [ -74.49638, 40.93652 ], [ -74.50141, 40.94192 ], [ -74.52561, 40.93271 ], [ -74.53085, 40.93148 ], [ -74.53193, 40.92984 ], [ -74.53655, 40.92925 ], [ -74.53867, 40.93033 ], [ -74.53722, 40.93187 ], [ -74.54081, 40.93091 ], [ -74.54252, 40.92796 ], [ -74.54508, 40.92975 ], [ -74.55019, 40.93196 ], [ -74.55198, 40.9337 ], [ -74.55159, 40.92828 ], [ -74.56144, 40.9221 ], [ -74.56366, 40.9238 ], [ -74.57775, 40.91441 ], [ -74.57895, 40.91467 ], [ -74.57927, 40.91412 ], [ -74.58103, 40.91523 ], [ -74.59404, 40.90317 ], [ -74.59435, 40.90746 ] ] ] } },
{ "type": "Feature", "properties": { "GEOID": "34037371802", "county_name": "Sussex", "need_score": 10.6, "uninsured_pct": 5.7, "under_200_fpl_pct": 20.3, "total_pop": 3317 }, "geometry": { "type": "Polygon", "coordinates": [ [ [ -74.66787, 41.17214 ], [ -74.66153, 41.17756 ], [ -74.65627, 41.18016 ], [ -74.65338, 41.18103 ], [ -74.6501, 41.18105 ], [ -74.64769, 41.18199 ], [ -74.64374, 41.18751 ], [ -74.63651, 41.19369 ], [ -74.63023, 41.19804 ], [ -74.63119, 41.19918 ], [ -74.63425, 41.19993 ], [ -74.63732, 41.20286 ], [ -74.64217, 41.20373 ], [ -74.64366, 41.20548 ], [ -74.64523, 41.2061 ], [ -74.64793, 41.209 ], [ -74.64758, 41.21173 ], [ -74.64864, 41.21287 ], [ -74.65108, 41.21389 ], [ -74.65097, 41.21574 ], [ -74.64661, 41.22185 ], [ -74.63481, 41.23472 ], [ -74.6311, 41.23578 ], [ -74.62785, 41.23933 ], [ -74.6238, 41.24171 ], [ -74.62068, 41.24 ], [ -74.61901, 41.23669 ], [ -74.61731, 41.22981 ], [ -74.61464, 41.22604 ], [ -74.61347, 41.21965 ], [ -74.61003, 41.21569 ], [ -74.61424, 41.21439 ], [ -74.61694, 41.20956 ], [ -74.61425, 41.20496 ], [ -74.60782, 41.20277 ], [ -74.60277, 41.20436 ], [ -74.59986, 41.20121 ], [ -74.58718, 41.19269 ], [ -74.58661, 41.18813 ], [ -74.59028, 41.18211 ], [ -74.58996, 41.17638 ], [ -74.58713, 41.17115 ], [ -74.58671, 41.16701 ], [ -74.58734, 41.16334 ], [ -74.58515, 41.16068 ], [ -74.65856, 41.1619 ], [ -74.66787, 41.17214 ] ] ] } },
{ "type": "Feature", "properties": { "GEOID": "34027046400", "county_name": "Morris", "need_score": 6.9, "uninsured_pct": 2.01, "under_200_fpl_pct": 3.83, "total_pop": 4977 }, "geometry": { "type": "Polygon", "coordinates": [ [ [ -74.6245, 40.78451 ], [ -74.61845, 40.78743 ], [ -74.59268, 40.79205 ], [ -74.58671, 40.79404 ], [ -74.58504, 40.78012 ], [ -74.57747, 40.7636 ], [ -74.57334, 40.75747 ], [ -74.57082, 40.75492 ], [ -74.61852, 40.74405 ], [ -74.61844, 40.77284 ], [ -74.6194, 40.77527 ], [ -74.62168, 40.77616 ], [ -74.6217, 40.77765 ], [ -74.62436, 40.77951 ], [ -74.62495, 40.78071 ], [ -74.6245, 40.78451 ] ] ] } },
{ "type": "Feature", "properties": { "GEOID": "34023004600", "county_name": "Middlesex", "need_score": 37.4, "uninsured_pct": 31.25, "under_200_fpl_pct": 62.04, "total_pop": 6419 }, "geometry": { "type": "Polygon", "coordinates": [ [ [ -74.27109, 40.5149 ], [ -74.26353, 40.51734 ], [ -74.25584, 40.51582 ], [ -74.25933, 40.51116 ], [ -74.26037, 40.50846 ], [ -74.27254, 40.51186 ], [ -74.27109, 40.5149 ] ] ] } },
{ "type": "Feature", "properties": { "GEOID": "34023006800", "county_name": "Middlesex", "need_score": 13.5, "uninsured_pct": 7.93, "under_200_fpl_pct": 17.72, "total_pop": 4463 }, "geometry": { "type": "Polygon", "coordinates": [ [ [ -74.40345, 40.46276 ], [ -74.38627, 40.46466 ], [ -74.38436, 40.46318 ], [ -74.38609, 40.45952 ], [ -74.38121, 40.45782 ], [ -74.37854, 40.46111 ], [ -74.37565, 40.4611 ], [ -74.37838, 40.45248 ], [ -74.38174, 40.45068 ], [ -74.39047, 40.44103 ], [ -74.39459, 40.44615 ], [ -74.39527, 40.44881 ], [ -74.39352, 40.45537 ], [ -74.39562, 40.45917 ], [ -74.40345, 40.46276 ] ] ] } },
{ "type": "Feature", "properties": { "GEOID": "34023003203", "county_name": "Middlesex", "need_score": 13.4, "uninsured_pct": 4.44, "under_200_fpl_pct": 26.4, "total_pop": 4076 }, "geometry": { "type": "Polygon", "coordinates": [ [ [ -74.31907, 40.52543 ], [ -74.31561, 40.52925 ], [ -74.31136, 40.53013 ], [ -74.30665, 40.5327 ], [ -74.30145, 40.53453 ], [ -74.299, 40.53216 ], [ -74.29808, 40.53002 ], [ -74.29799, 40.52831 ], [ -74.301, 40.51921 ], [ -74.305, 40.52012 ], [ -74.31203, 40.52358 ], [ -74.31907, 40.52543 ] ] ] } },
{ "type": "Feature", "properties": { "GEOID": "34023008502", "county_name": "Middlesex", "need_score": 7.1, "uninsured_pct": 0.86, "under_200_fpl_pct": 4.07, "total_pop": 5942 }, "geometry": { "type": "Polygon", "coordinates": [ [ [ -74.5659, 40.36184 ], [ -74.54566, 40.37777 ], [ -74.54271, 40.37904 ], [ -74.54084, 40.37896 ], [ -74.49817, 40.36565 ], [ -74.49976, 40.37011 ], [ -74.50147, 40.37956 ], [ -74.50627, 40.39372 ], [ -74.50877, 40.39459 ], [ -74.51112, 40.3936 ], [ -74.51571, 40.39418 ], [ -74.51731, 40.39522 ], [ -74.51948, 40.39829 ], [ -74.52113, 40.39884 ], [ -74.52502, 40.39793 ], [ -74.51457, 40.41345 ], [ -74.51375, 40.41268 ], [ -74.5079, 40.41482 ], [ -74.50751, 40.41586 ], [ -74.50215, 40.41608 ], [ -74.49622, 40.41927 ], [ -74.49217, 40.41987 ], [ -74.49148, 40.41778 ], [ -74.48556, 40.4209 ], [ -74.48453, 40.41991 ], [ -74.4849, 40.41836 ], [ -74.48349, 40.4173 ], [ -74.47815, 40.41767 ], [ -74.47082, 40.41529 ], [ -74.46851, 40.41358 ], [ -74.46605, 40.41014 ], [ -74.46328, 40.40967 ], [ -74.46004, 40.40722 ], [ -74.45861, 40.40708 ], [ -74.45611, 40.40563 ], [ -74.45282, 40.40484 ], [ -74.44665, 40.40669 ], [ -74.43689, 40.3922 ], [ -74.44095, 40.38712 ], [ -74.44409, 40.38496 ], [ -74.45808, 40.37162 ], [ -74.46154, 40.36647 ], [ -74.48456, 40.33864 ], [ -74.50127, 40.33981 ], [ -74.50472, 40.33274 ], [ -74.50613, 40.3284 ], [ -74.52344, 40.33272 ], [ -74.52654, 40.33301 ], [ -74.53348, 40.33504 ], [ -74.5345, 40.33642 ], [ -74.53833, 40.33731 ], [ -74.54156, 40.33716 ], [ -74.54424, 40.33617 ], [ -74.54929, 40.33642 ], [ -74.54879, 40.34404 ], [ -74.55314, 40.34357 ], [ -74.55712, 40.34681 ], [ -74.55665, 40.35278 ], [ -74.55342, 40.35227 ], [ -74.55135, 40.35764 ], [ -74.56068, 40.35877 ], [ -74.5659, 40.36184 ] ] ] } },
{ "type": "Feature", "properties": { "GEOID": "34023006701", "county_name": "Middlesex", "need_score": 5.6, "uninsured_pct": 0.0, "under_200_fpl_pct": 6.35, "total_pop": 3882 }, "geometry": { "type": "Polygon", "coordinates": [ [ [ -74.39257, 40.43827 ], [ -74.37442, 40.41883 ], [ -74.36705, 40.41317 ], [ -74.36669, 40.41341 ], [ -74.36612, 40.41357 ], [ -74.36466, 40.41247 ], [ -74.36646, 40.41344 ], [ -74.36785, 40.41173 ], [ -74.36623, 40.40957 ], [ -74.36606, 40.40612 ], [ -74.36798, 40.40697 ], [ -74.36958, 40.40602 ], [ -74.36953, 40.40288 ], [ -74.37303, 40.40798 ], [ -74.37599, 40.40577 ], [ -74.38112, 40.40912 ], [ -74.3874, 40.40739 ], [ -74.38861, 40.41851 ], [ -74.39179, 40.42948 ], [ -74.39312, 40.43708 ], [ -74.39257, 40.43827 ] ] ] } },
{ "type": "Feature", "properties": { "GEOID": "34023006101", "county_name": "Middlesex", "need_score": 24.9, "uninsured_pct": 11.12, "under_200_fpl_pct": 25.82, "total_pop": 5594 }, "geometry": { "type": "Polygon", "coordinates": [ [ [ -74.46895, 40.47024 ], [ -74.46038, 40.47763 ], [ -74.45593, 40.47683 ], [ -74.45079, 40.4779 ], [ -74.44885, 40.47721 ], [ -74.44786, 40.47615 ], [ -74.42377, 40.47794 ], [ -74.43564, 40.46846 ], [ -74.4481, 40.4648 ], [ -74.45367, 40.46741 ], [ -74.45446, 40.46667 ], [ -74.46099, 40.46787 ], [ -74.46895, 40.47024 ] ] ] } },
{ "type": "Feature", "properties": { "GEOID": "34013017400", "county_name": "Essex", "need_score": 10.9, "uninsured_pct": 2.81, "under_200_fpl_pct": 16.29, "total_pop": 5186 }, "geometry": { "type": "Polygon", "coordinates": [ [ [ -74.27498, 40.78428 ], [ -74.26577, 40.79884 ], [ -74.26449, 40.80257 ], [ -74.26248, 40.80557 ], [ -74.25983, 40.81176 ], [ -74.25493, 40.81761 ], [ -74.25087, 40.82434 ], [ -74.23229, 40.81433 ], [ -74.23281, 40.81286 ], [ -74.23433, 40.81226 ], [ -74.23729, 40.80315 ], [ -74.23937, 40.79885 ], [ -74.24004, 40.79975 ], [ -74.23993, 40.80226 ], [ -74.24777, 40.8029 ], [ -74.25075, 40.80064 ], [ -74.25537, 40.78941 ], [ -74.2592, 40.78392 ], [ -74.26182, 40.77835 ], [ -74.2668, 40.77919 ], [ -74.26811, 40.77985 ], [ -74.27022, 40.78275 ], [ -74.27498, 40.78428 ] ] ] } },
{ "type": "Feature", "properties": { "GEOID": "34013004600", "county_name": "Essex", "need_score": 24.4, "uninsured_pct": 16.25, "under_200_fpl_pct": 60.81, "total_pop": 3970 }, "geometry": { "type": "Polygon", "coordinates": [ [ [ -74.22167, 40.70714 ], [ -74.217, 40.71172 ], [ -74.21619, 40.71134 ], [ -74.2132, 40.71454 ], [ -74.20979, 40.71302 ], [ -74.21246, 40.70939 ], [ -74.21374, 40.71009 ], [ -74.21847, 40.70485 ], [ -74.22167, 40.70714 ] ] ] } },
{ "type": "Feature", "properties": { "GEOID": "34013006700", "county_name": "Essex", "need_score": 26.5, "uninsured_pct": 10.56, "under_200_fpl_pct": 47.61, "total_pop": 3659 }, "geometry": { "type": "Polygon", "coordinates": [ [ [ -74.18424, 40.72427 ], [ -74.18247, 40.7289 ], [ -74.17841, 40.72789 ], [ -74.1781, 40.72709 ], [ -74.17676, 40.72757 ], [ -74.1752, 40.72709 ], [ -74.17696, 40.72396 ], [ -74.17862, 40.72453 ], [ -74.18138, 40.71996 ], [ -74.18287, 40.72043 ], [ -74.18265, 40.72307 ], [ -74.18052, 40.72436 ], [ -74.18173, 40.72545 ], [ -74.18424, 40.72427 ] ] ] } },
{ "type": "Feature", "properties": { "GEOID": "34023001004", "county_name": "Middlesex", "need_score": 13.0, "uninsured_pct": 6.24, "under_200_fpl_pct": 12.48, "total_pop": 2215 }, "geometry": { "type": "Polygon", "coordinates": [ [ [ -74.43966, 40.55942 ], [ -74.4358, 40.56162 ], [ -74.42341, 40.56181 ], [ -74.41934, 40.56098 ], [ -74.41528, 40.55848 ], [ -74.40458, 40.54979 ], [ -74.4086, 40.54382 ], [ -74.42738, 40.54648 ], [ -74.43165, 40.55045 ], [ -74.43442, 40.55551 ], [ -74.43966, 40.55942 ] ] ] } },
{ "type": "Feature", "properties": { "GEOID": "34013014400", "county_name": "Essex", "need_score": 17.7, "uninsured_pct": 17.5, "under_200_fpl_pct": 29.91, "total_pop": 3982 }, "geometry": { "type": "Polygon", "coordinates": [ [ [ -74.15452, 40.78129 ], [ -74.1521, 40.78938 ], [ -74.14671, 40.8009 ], [ -74.14584, 40.80381 ], [ -74.14639, 40.80627 ], [ -74.13957, 40.80541 ], [ -74.13809, 40.79885 ], [ -74.14753, 40.78649 ], [ -74.14852, 40.78416 ], [ -74.14834, 40.77989 ], [ -74.15452, 40.78129 ] ] ] } },
{ "type": "Feature", "properties": { "GEOID": "34013015400", "county_name": "Essex", "need_score": 13.6, "uninsured_pct": 9.59, "under_200_fpl_pct": 23.33, "total_pop": 6161 }, "geometry": { "type": "Polygon", "coordinates": [ [ [ -74.20156, 40.7957 ], [ -74.19992, 40.79649 ], [ -74.20132, 40.79844 ], [ -74.197, 40.80455 ], [ -74.19548, 40.81262 ], [ -74.19366, 40.8125 ], [ -74.19176, 40.80816 ], [ -74.19258, 40.80317 ], [ -74.19164, 40.80142 ], [ -74.19178, 40.79848 ], [ -74.19093, 40.79768 ], [ -74.19272, 40.79227 ], [ -74.19552, 40.7896 ], [ -74.19695, 40.79222 ], [ -74.19943, 40.79188 ], [ -74.20156, 40.7957 ] ] ] } },
{ "type": "Feature", "properties": { "GEOID": "34013018400", "county_name": "Essex", "need_score": 14.6, "uninsured_pct": 11.24, "under_200_fpl_pct": 34.59, "total_pop": 2651 }, "geometry": { "type": "Polygon", "coordinates": [ [ [ -74.2296, 40.76444 ], [ -74.22523, 40.76998 ], [ -74.22574, 40.77058 ], [ -74.22519, 40.77029 ], [ -74.22347, 40.77421 ], [ -74.22, 40.77009 ], [ -74.22052, 40.76796 ], [ -74.22648, 40.76265 ], [ -74.2296, 40.76444 ] ] ] } },
{ "type": "Feature", "properties": { "GEOID": "34013012700", "county_name": "Essex", "need_score": 19.6, "uninsured_pct": 4.64, "under_200_fpl_pct": 36.49, "total_pop": 3793 }, "geometry": { "type": "Polygon", "coordinates": [ [ [ -74.24225, 40.71154 ], [ -74.23802, 40.71578 ], [ -74.23498, 40.71437 ], [ -74.23068, 40.71416 ], [ -74.22685, 40.71226 ], [ -74.22671, 40.71062 ], [ -74.22855, 40.70851 ], [ -74.24382, 40.71119 ], [ -74.24225, 40.71154 ] ] ] } },
{ "type": "Feature", "properties": { "GEOID": "34035053604", "county_name": "Somerset", "need_score": 8.3, "uninsured_pct": 1.59, "under_200_fpl_pct": 9.92, "total_pop": 3718 }, "geometry": { "type": "Polygon", "coordinates": [ [ [ -74.71858, 40.59966 ], [ -74.72175, 40.6007 ], [ -74.7133, 40.6121 ], [ -74.71148, 40.61153 ], [ -74.70128, 40.62245 ], [ -74.69938, 40.62256 ], [ -74.69929, 40.62574 ], [ -74.70062, 40.62925 ], [ -74.69918, 40.63146 ], [ -74.69712, 40.63241 ], [ -74.6943, 40.63297 ], [ -74.68813, 40.63237 ], [ -74.68648, 40.63466 ], [ -74.68448, 40.63541 ], [ -74.68278, 40.63446 ], [ -74.6835, 40.63252 ], [ -74.68306, 40.63061 ], [ -74.68051, 40.62826 ], [ -74.68153, 40.62598 ], [ -74.6796, 40.62275 ], [ -74.67072, 40.6164 ], [ -74.66721, 40.61591 ], [ -74.66651, 40.61332 ], [ -74.66974, 40.61218 ], [ -74.66929, 40.61017 ], [ -74.66778, 40.60904 ], [ -74.66705, 40.60679 ], [ -74.66956, 40.6027 ], [ -74.67225, 40.60154 ], [ -74.67545, 40.59869 ], [ -74.67604, 40.59705 ], [ -74.68991, 40.60223 ], [ -74.69182, 40.60157 ], [ -74.69601, 40.59651 ], [ -74.69438, 40.59452 ], [ -74.69725, 40.59429 ], [ -74.70196, 40.59046 ], [ -74.709, 40.58933 ], [ -74.71296, 40.58423 ], [ -74.72494, 40.58875 ], [ -74.71858, 40.59966 ] ] ] } },
{ "type": "Feature", "properties": { "GEOID": "34013020000", "county_name": "Essex", "need_score": 5.8, "uninsured_pct": 0.96, "under_200_fpl_pct": 3.51, "total_pop": 6327 }, "geometry": { "type": "Polygon", "coordinates": [ [ [ -74.3722, 40.7434 ], [ -74.37055, 40.74407 ], [ -74.36872, 40.74279 ], [ -74.36627, 40.74389 ], [ -74.36509, 40.74681 ], [ -74.36778, 40.7484 ], [ -74.36515, 40.74976 ], [ -74.35947, 40.75122 ], [ -74.3577, 40.755 ], [ -74.35815, 40.7561 ], [ -74.36174, 40.75592 ], [ -74.36571, 40.75822 ], [ -74.36786, 40.75812 ], [ -74.36754, 40.76101 ], [ -74.34941, 40.7591 ], [ -74.34414, 40.75629 ], [ -74.34033, 40.751 ], [ -74.33651, 40.74836 ], [ -74.3315, 40.74328 ], [ -74.32794, 40.74163 ], [ -74.32663, 40.73957 ], [ -74.31771, 40.7357 ], [ -74.31536, 40.736 ], [ -74.31298, 40.73268 ], [ -74.31145, 40.72783 ], [ -74.3084, 40.72567 ], [ -74.31233, 40.72449 ], [ -74.31949, 40.72457 ], [ -74.33152, 40.72678 ], [ -74.33664, 40.72519 ], [ -74.33868, 40.7234 ], [ -74.34144, 40.72444 ], [ -74.34866, 40.73022 ], [ -74.35475, 40.73346 ], [ -74.35634, 40.73501 ], [ -74.36647, 40.73798 ], [ -74.36927, 40.73939 ], [ -74.37174, 40.73964 ], [ -74.3722, 40.7434 ] ] ] } },
{ "type": "Feature", "properties": { "GEOID": "34023000102", "county_name": "Middlesex", "need_score": 9.6, "uninsured_pct": 3.79, "under_200_fpl_pct": 15.75, "total_pop": 4359 }, "geometry": { "type": "Polygon", "coordinates": [ [ [ -74.52667, 40.56073 ], [ -74.5245, 40.56195 ], [ -74.52553, 40.56654 ], [ -74.51638, 40.56851 ], [ -74.51261, 40.57084 ], [ -74.50673, 40.57767 ], [ -74.50325, 40.57942 ], [ -74.50143, 40.57645 ], [ -74.50083, 40.57176 ], [ -74.50001, 40.57182 ], [ -74.50011, 40.56789 ], [ -74.49827, 40.56332 ], [ -74.50029, 40.56407 ], [ -74.50721, 40.56018 ], [ -74.50917, 40.55959 ], [ -74.51125, 40.56024 ], [ -74.51984, 40.55558 ], [ -74.5235, 40.55856 ], [ -74.52669, 40.55947 ], [ -74.52667, 40.56073 ] ] ] } },
{ "type": "Feature", "properties": { "GEOID": "34023980000", "county_name": "Middlesex", "need_score": 20.0, "uninsured_pct": 100.0, "under_200_fpl_pct": 0.0, "total_pop": 8 }, "geometry": { "type": "Polygon", "coordinates": [ [ [ -74.23508, 40.59367 ], [ -74.23153, 40.599 ], [ -74.22176, 40.60001 ], [ -74.21796, 40.60108 ], [ -74.21559, 40.60401 ], [ -74.21405, 40.60406 ], [ -74.21247, 40.60282 ], [ -74.2115, 40.59832 ], [ -74.20515, 40.59388 ], [ -74.20695, 40.59284 ], [ -74.21162, 40.57802 ], [ -74.21447, 40.56502 ], [ -74.22041, 40.55888 ], [ -74.22808, 40.56139 ], [ -74.2273, 40.56356 ], [ -74.22932, 40.56533 ], [ -74.22788, 40.56705 ], [ -74.22347, 40.56826 ], [ -74.2211, 40.56776 ], [ -74.22054, 40.57043 ], [ -74.21401, 40.58258 ], [ -74.21592, 40.58305 ], [ -74.21471, 40.5854 ], [ -74.21502, 40.58724 ], [ -74.21717, 40.58854 ], [ -74.22088, 40.58814 ], [ -74.22226, 40.58592 ], [ -74.22596, 40.58806 ], [ -74.22838, 40.5906 ], [ -74.23328, 40.5933 ], [ -74.23508, 40.59367 ] ] ] } },
{ "type": "Feature", "properties": { "GEOID": "34023003500", "county_name": "Middlesex", "need_score": 19.0, "uninsured_pct": 17.1, "under_200_fpl_pct": 25.68, "total_pop": 3749 }, "geometry": { "type": "Polygon", "coordinates": [ [ [ -74.25477, 40.58023 ], [ -74.25268, 40.58754 ], [ -74.25313, 40.5898 ], [ -74.2521, 40.59296 ], [ -74.25255, 40.59571 ], [ -74.25199, 40.59715 ], [ -74.24667, 40.59852 ], [ -74.24608, 40.5998 ], [ -74.24239, 40.59947 ], [ -74.23906, 40.60076 ], [ -74.23705, 40.60253 ], [ -74.23564, 40.60252 ], [ -74.23342, 40.59959 ], [ -74.23153, 40.599 ], [ -74.24439, 40.57937 ], [ -74.24568, 40.58007 ], [ -74.25477, 40.58023 ] ] ] } },
{ "type": "Feature", "properties": { "GEOID": "34023001901", "county_name": "Middlesex", "need_score": 13.0, "uninsured_pct": 6.97, "under_200_fpl_pct": 15.49, "total_pop": 5041 }, "geometry": { "type": "Polygon", "coordinates": [ [ [ -74.34595, 40.54871 ], [ -74.34461, 40.55288 ], [ -74.32992, 40.55672 ], [ -74.32892, 40.54698 ], [ -74.32198, 40.53726 ], [ -74.3268, 40.53491 ], [ -74.3357, 40.53939 ], [ -74.34518, 40.54007 ], [ -74.34779, 40.5468 ], [ -74.34595, 40.54871 ] ] ] } },
{ "type": "Feature", "properties": { "GEOID": "34037372100", "county_name": "Sussex", "need_score": 13.1, "uninsured_pct": 5.77, "under_200_fpl_pct": 19.18, "total_pop": 1855 }, "geometry": { "type": "Polygon", "coordinates": [ [ [ -74.81097, 41.06108 ], [ -74.80605, 41.06279 ], [ -74.80419, 41.06603 ], [ -74.80026, 41.0703 ], [ -74.79563, 41.07387 ], [ -74.78956, 41.0771 ], [ -74.78315, 41.08164 ], [ -74.78182, 41.0838 ], [ -74.78077, 41.08437 ], [ -74.77951, 41.08344 ], [ -74.77481, 41.08667 ], [ -74.77176, 41.09077 ], [ -74.76874, 41.09114 ], [ -74.76733, 41.09415 ], [ -74.76557, 41.09548 ], [ -74.76292, 41.09986 ], [ -74.75964, 41.1028 ], [ -74.75788, 41.10319 ], [ -74.75506, 41.10542 ], [ -74.75564, 41.10699 ], [ -74.75455, 41.11136 ], [ -74.75051, 41.11421 ], [ -74.7506, 41.11503 ], [ -74.74833, 41.11602 ], [ -74.74695, 41.11758 ], [ -74.74682, 41.11968 ], [ -74.72071, 41.112 ], [ -74.72533, 41.10818 ], [ -74.72656, 41.1046 ], [ -74.72098, 41.09713 ], [ -74.72232, 41.09603 ], [ -74.71981, 41.09421 ], [ -74.72113, 41.09291 ], [ -74.71994, 41.09227 ], [ -74.718, 41.0926 ], [ -74.71045, 41.08369 ], [ -74.72553, 41.0672 ], [ -74.73622, 41.06026 ], [ -74.75175, 41.07104 ], [ -74.78472, 41.06398 ], [ -74.79524, 41.06876 ], [ -74.80431, 41.0623 ], [ -74.81082, 41.05993 ], [ -74.81097, 41.06108 ] ] ] } },
{ "type": "Feature", "properties": { "GEOID": "34023003001", "county_name": "Middlesex", "need_score": 10.2, "uninsured_pct": 3.75, "under_200_fpl_pct": 11.92, "total_pop": 4533 }, "geometry": { "type": "Polygon", "coordinates": [ [ [ -74.29575, 40.55999 ], [ -74.29388, 40.56117 ], [ -74.28882, 40.5675 ], [ -74.28548, 40.56176 ], [ -74.28503, 40.55933 ], [ -74.28239, 40.55363 ], [ -74.2788, 40.54834 ], [ -74.28501, 40.5455 ], [ -74.29157, 40.54351 ], [ -74.29108, 40.55141 ], [ -74.29205, 40.55472 ], [ -74.29575, 40.55999 ] ] ] } },
{ "type": "Feature", "properties": { "GEOID": "34019011303", "county_name": "Hunterdon", "need_score": 8.5, "uninsured_pct": 4.21, "under_200_fpl_pct": 9.79, "total_pop": 4985 }, "geometry": { "type": "Polygon", "coordinates": [ [ [ -74.8511, 40.50361 ], [ -74.82061, 40.51595 ], [ -74.82534, 40.50145 ], [ -74.82423, 40.49309 ], [ -74.82207, 40.4899 ], [ -74.81992, 40.48028 ], [ -74.81757, 40.47805 ], [ -74.82595, 40.47033 ], [ -74.82649, 40.47069 ], [ -74.82793, 40.47434 ], [ -74.82923, 40.47514 ], [ -74.8352, 40.48288 ], [ -74.84152, 40.48838 ], [ -74.84434, 40.49657 ], [ -74.85001, 40.49749 ], [ -74.8511, 40.50361 ] ] ] } },
{ "type": "Feature", "properties": { "GEOID": "34013015800", "county_name": "Essex", "need_score": 16.0, "uninsured_pct": 9.85, "under_200_fpl_pct": 30.52, "total_pop": 4304 }, "geometry": { "type": "Polygon", "coordinates": [ [ [ -74.19499, 40.7886 ], [ -74.18878, 40.78969 ], [ -74.18213, 40.78663 ], [ -74.18447, 40.78036 ], [ -74.19018, 40.78038 ], [ -74.19499, 40.7886 ] ] ] } },
{ "type": "Feature", "properties": { "GEOID": "34023007906", "county_name": "Middlesex", "need_score": 17.5, "uninsured_pct": 11.61, "under_200_fpl_pct": 33.55, "total_pop": 1266 }, "geometry": { "type": "Polygon", "coordinates": [ [ [ -74.30645, 40.40161 ], [ -74.30504, 40.41611 ], [ -74.29752, 40.41886 ], [ -74.29222, 40.41945 ], [ -74.29522, 40.4106 ], [ -74.29487, 40.40698 ], [ -74.29593, 40.40317 ], [ -74.30645, 40.40161 ] ] ] } },
{ "type": "Feature", "properties": { "GEOID": "34013007600", "county_name": "Essex", "need_score": 45.5, "uninsured_pct": 49.27, "under_200_fpl_pct": 53.57, "total_pop": 3976 }, "geometry": { "type": "Polygon", "coordinates": [ [ [ -74.15943, 40.72973 ], [ -74.15693, 40.73218 ], [ -74.15177, 40.73109 ], [ -74.15268, 40.7285 ], [ -74.15546, 40.72795 ], [ -74.15943, 40.72973 ] ] ] } },
{ "type": "Feature", "properties": { "GEOID": "34027044300", "county_name": "Morris", "need_score": 11.9, "uninsured_pct": 6.27, "under_200_fpl_pct": 20.23, "total_pop": 6589 }, "geometry": { "type": "Polygon", "coordinates": [ [ [ -74.53641, 40.89071 ], [ -74.51689, 40.90809 ], [ -74.50888, 40.91194 ], [ -74.50337, 40.90782 ], [ -74.49683, 40.89742 ], [ -74.49739, 40.89534 ], [ -74.513, 40.88887 ], [ -74.51963, 40.8839 ], [ -74.52275, 40.88345 ], [ -74.52982, 40.88644 ], [ -74.53641, 40.89071 ] ] ] } },
{ "type": "Feature", "properties": { "GEOID": "34023003801", "county_name": "Middlesex", "need_score": 11.8, "uninsured_pct": 16.68, "under_200_fpl_pct": 15.69, "total_pop": 5712 }, "geometry": { "type": "Polygon", "coordinates": [ [ [ -74.23957, 40.58644 ], [ -74.23819, 40.58708 ], [ -74.23692, 40.58938 ], [ -74.23871, 40.58564 ], [ -74.23126, 40.57901 ], [ -74.221, 40.57347 ], [ -74.22353, 40.572 ], [ -74.22885, 40.57096 ], [ -74.24439, 40.57937 ], [ -74.23957, 40.58644 ] ] ] } },
{ "type": "Feature", "properties": { "GEOID": "34037373200", "county_name": "Sussex", "need_score": 4.1, "uninsured_pct": 1.16, "under_200_fpl_pct": 5.84, "total_pop": 3800 }, "geometry": { "type": "Polygon", "coordinates": [ [ [ -74.63055, 41.04141 ], [ -74.62614, 41.04324 ], [ -74.61695, 41.05333 ], [ -74.61408, 41.05394 ], [ -74.60743, 41.05732 ], [ -74.60492, 41.05985 ], [ -74.60445, 41.06286 ], [ -74.60315, 41.06496 ], [ -74.60154, 41.06398 ], [ -74.59679, 41.06325 ], [ -74.59644, 41.06576 ], [ -74.58441, 41.06978 ], [ -74.57707, 41.07876 ], [ -74.53586, 41.05851 ], [ -74.60667, 40.99809 ], [ -74.61006, 40.99984 ], [ -74.6115, 41.00198 ], [ -74.6154, 41.0114 ], [ -74.61857, 41.01619 ], [ -74.62122, 41.0246 ], [ -74.62155, 41.02978 ], [ -74.6227, 41.03323 ], [ -74.62592, 41.03761 ], [ -74.63055, 41.04141 ] ] ] } }
]
}
